timestamp,power.draw,power.draw.instant,clocks.sm,clocks.mem,utilization.gpu,temperature.gpu
2026/10/03 15:30:46.533, 188.42 W, 188.30 W, 120 MHz, 3996 MHz, 0 %, 30
2026/10/03 15:30:46.739, 188.46 W, 188.94 W, 120 MHz, 3996 MHz, 0 %, 30
2026/10/03 15:30:46.839, 188.47 W, 188.50 W, 120 MHz, 3996 MHz, 0 %, 30
2026/10/03 15:30:46.939, 188.44 W, 188.30 W, 120 MHz, 3996 MHz, 0 %, 30
2026/10/03 15:30:47.039, 188.38 W, 187.66 W, 120 MHz, 3996 MHz, 0 %, 30
2026/10/03 15:30:47.139, 188.37 W, 188.50 W, 120 MHz, 3996 MHz, 0 %, 30
2026/10/03 15:30:47.239, 188.36 W, 188.50 W, 120 MHz, 3996 MHz, 0 %, 30
2026/10/03 15:30:47.339, 188.34 W, 188.30 W, 120 MHz, 3996 MHz, 0 %, 30
2026/10/03 15:30:47.439, 188.39 W, 188.50 W, 120 MHz, 3996 MHz, 0 %, 30
2026/10/03 15:30:47.539, 188.41 W, 188.30 W, 120 MHz, 3996 MHz, 0 %, 30
2026/10/03 15:30:47.639, 188.42 W, 188.30 W, 120 MHz, 3996 MHz, 0 %, 30
2026/10/03 15:30:47.739, 188.35 W, 188.30 W, 120 MHz, 3996 MHz, 0 %, 30
2026/10/03 15:30:47.840, 188.32 W, 188.30 W, 120 MHz, 3996 MHz, 0 %, 30
2026/10/03 15:30:47.940, 188.30 W, 187.66 W, 120 MHz, 3996 MHz, 0 %, 30
2026/10/03 15:30:48.040, 188.31 W, 188.30 W, 120 MHz, 3996 MHz, 0 %, 30
2026/10/03 15:30:48.140, 188.32 W, 188.30 W, 120 MHz, 3996 MHz, 0 %, 30
2026/10/03 15:30:48.240, 188.36 W, 188.94 W, 120 MHz, 3996 MHz, 0 %, 30
2026/10/03 15:30:48.340, 188.37 W, 188.30 W, 120 MHz, 3996 MHz, 0 %, 30
2026/10/03 15:30:48.440, 188.37 W, 188.94 W, 120 MHz, 3996 MHz, 0 %, 30
2026/10/03 15:30:48.540, 188.34 W, 188.30 W, 120 MHz, 3996 MHz, 0 %, 30
2026/10/03 15:30:48.640, 188.31 W, 188.30 W, 120 MHz, 3996 MHz, 0 %, 30
2026/10/03 15:30:48.740, 188.33 W, 188.30 W, 120 MHz, 3996 MHz, 0 %, 30
2026/10/03 15:30:48.840, 188.31 W, 188.30 W, 120 MHz, 3996 MHz, 0 %, 30
2026/10/03 15:30:48.940, 188.34 W, 188.94 W, 120 MHz, 3996 MHz, 0 %, 30
2026/10/03 15:30:49.040, 188.38 W, 188.94 W, 120 MHz, 3996 MHz, 0 %, 30
2026/10/03 15:30:49.140, 188.41 W, 188.94 W, 120 MHz, 3996 MHz, 0 %, 30
2026/10/03 15:30:49.241, 188.40 W, 188.30 W, 120 MHz, 3996 MHz, 0 %, 30
2026/10/03 15:30:49.341, 188.37 W, 188.30 W, 120 MHz, 3996 MHz, 0 %, 30
2026/10/03 15:30:49.441, 188.36 W, 188.30 W, 120 MHz, 3996 MHz, 0 %, 30
2026/10/03 15:30:49.541, 188.34 W, 188.30 W, 120 MHz, 3996 MHz, 0 %, 30
2026/10/03 15:30:49.641, 188.37 W, 188.94 W, 120 MHz, 3996 MHz, 0 %, 30
2026/10/03 15:30:49.741, 188.39 W, 188.30 W, 120 MHz, 3996 MHz, 0 %, 30
2026/10/03 15:30:49.841, 188.44 W, 188.30 W, 120 MHz, 3996 MHz, 0 %, 30
2026/10/03 15:30:49.941, 188.43 W, 188.30 W, 120 MHz, 3996 MHz, 0 %, 30
2026/10/03 15:30:50.041, 188.39 W, 187.66 W, 120 MHz, 3996 MHz, 0 %, 30
2026/10/03 15:30:50.141, 188.36 W, 188.30 W, 120 MHz, 3996 MHz, 0 %, 30
2026/10/03 15:30:50.241, 188.39 W, 188.94 W, 120 MHz, 3996 MHz, 0 %, 30
2026/10/03 15:30:50.342, 188.38 W, 188.50 W, 120 MHz, 3996 MHz, 0 %, 30
2026/10/03 15:30:50.442, 188.38 W, 188.30 W, 120 MHz, 3996 MHz, 0 %, 30
2026/10/03 15:30:50.542, 188.40 W, 188.30 W, 120 MHz, 3996 MHz, 0 %, 30
2026/10/03 15:30:50.642, 188.40 W, 188.30 W, 120 MHz, 3996 MHz, 0 %, 30
2026/10/03 15:30:50.742, 188.37 W, 188.30 W, 120 MHz, 3996 MHz, 0 %, 30
2026/10/03 15:30:50.842, 188.32 W, 187.66 W, 120 MHz, 3996 MHz, 0 %, 30
2026/10/03 15:30:50.942, 188.30 W, 188.30 W, 120 MHz, 3996 MHz, 0 %, 30
2026/10/03 15:30:51.042, 188.30 W, 188.30 W, 120 MHz, 3996 MHz, 0 %, 30
2026/10/03 15:30:51.142, 188.30 W, 188.30 W, 120 MHz, 3996 MHz, 0 %, 30
2026/10/03 15:30:51.242, 188.27 W, 188.30 W, 120 MHz, 3996 MHz, 0 %, 30
2026/10/03 15:30:51.342, 188.28 W, 188.30 W, 120 MHz, 3996 MHz, 0 %, 30
2026/10/03 15:30:51.442, 188.29 W, 188.30 W, 120 MHz, 3996 MHz, 0 %, 30
2026/10/03 15:30:51.542, 188.29 W, 188.30 W, 120 MHz, 3996 MHz, 0 %, 30
2026/10/03 15:30:51.642, 188.27 W, 188.30 W, 120 MHz, 3996 MHz, 0 %, 30
2026/10/03 15:30:51.743, 188.27 W, 188.30 W, 120 MHz, 3996 MHz, 0 %, 30
2026/10/03 15:30:51.843, 188.30 W, 188.50 W, 120 MHz, 3996 MHz, 0 %, 30
2026/10/03 15:30:51.943, 188.35 W, 188.30 W, 120 MHz, 3996 MHz, 0 %, 30
2026/10/03 15:30:52.043, 188.33 W, 187.66 W, 120 MHz, 3996 MHz, 0 %, 30
2026/10/03 15:30:52.143, 188.36 W, 188.30 W, 120 MHz, 3996 MHz, 0 %, 30
2026/10/03 15:30:52.243, 188.35 W, 188.30 W, 120 MHz, 3996 MHz, 0 %, 30
2026/10/03 15:30:52.343, 188.37 W, 188.30 W, 120 MHz, 3996 MHz, 0 %, 30
2026/10/03 15:30:52.443, 188.34 W, 188.30 W, 120 MHz, 3996 MHz, 0 %, 30
2026/10/03 15:30:52.543, 188.32 W, 188.94 W, 120 MHz, 3996 MHz, 0 %, 30
2026/10/03 15:30:52.643, 188.32 W, 188.30 W, 120 MHz, 3996 MHz, 0 %, 30
2026/10/03 15:30:52.743, 188.26 W, 187.66 W, 120 MHz, 3996 MHz, 0 %, 30
2026/10/03 15:30:52.843, 188.23 W, 188.50 W, 120 MHz, 3996 MHz, 0 %, 30
2026/10/03 15:30:52.943, 188.22 W, 188.30 W, 120 MHz, 3996 MHz, 0 %, 30
2026/10/03 15:30:53.043, 188.22 W, 188.30 W, 120 MHz, 3996 MHz, 0 %, 30
2026/10/03 15:30:53.143, 188.20 W, 188.30 W, 120 MHz, 3996 MHz, 0 %, 30
2026/10/03 15:30:53.244, 188.19 W, 188.94 W, 120 MHz, 3996 MHz, 0 %, 30
2026/10/03 15:30:53.344, 188.18 W, 188.30 W, 120 MHz, 3996 MHz, 0 %, 30
2026/10/03 15:30:53.444, 188.16 W, 188.50 W, 120 MHz, 3996 MHz, 0 %, 30
2026/10/03 15:30:53.544, 188.20 W, 188.30 W, 120 MHz, 3996 MHz, 0 %, 30
2026/10/03 15:30:53.644, 188.20 W, 188.30 W, 120 MHz, 3996 MHz, 0 %, 30
2026/10/03 15:30:53.744, 188.26 W, 188.30 W, 120 MHz, 3996 MHz, 0 %, 30
2026/10/03 15:30:53.844, 188.30 W, 187.66 W, 120 MHz, 3996 MHz, 0 %, 30
2026/10/03 15:30:53.944, 188.29 W, 188.30 W, 120 MHz, 3996 MHz, 0 %, 30
2026/10/03 15:30:54.044, 188.29 W, 188.30 W, 120 MHz, 3996 MHz, 0 %, 30
2026/10/03 15:30:54.144, 188.27 W, 187.66 W, 120 MHz, 3996 MHz, 0 %, 30
2026/10/03 15:30:54.244, 188.25 W, 188.30 W, 120 MHz, 3996 MHz, 0 %, 30
2026/10/03 15:30:54.344, 188.24 W, 188.30 W, 120 MHz, 3996 MHz, 0 %, 30
2026/10/03 15:30:54.444, 188.30 W, 189.78 W, 120 MHz, 3996 MHz, 0 %, 30
2026/10/03 15:30:54.544, 188.31 W, 188.50 W, 120 MHz, 3996 MHz, 0 %, 30
2026/10/03 15:30:54.645, 188.32 W, 188.30 W, 120 MHz, 3996 MHz, 0 %, 30
2026/10/03 15:30:54.745, 188.29 W, 188.30 W, 120 MHz, 3996 MHz, 0 %, 30
2026/10/03 15:30:54.845, 188.24 W, 188.30 W, 120 MHz, 3996 MHz, 0 %, 30
2026/10/03 15:30:54.945, 188.22 W, 187.66 W, 120 MHz, 3996 MHz, 0 %, 30
2026/10/03 15:30:55.045, 188.23 W, 188.30 W, 120 MHz, 3996 MHz, 0 %, 30
2026/10/03 15:30:55.145, 188.23 W, 188.30 W, 120 MHz, 3996 MHz, 0 %, 30
2026/10/03 15:30:55.245, 188.28 W, 188.50 W, 120 MHz, 3996 MHz, 0 %, 30
2026/10/03 15:30:55.345, 188.30 W, 188.30 W, 120 MHz, 3996 MHz, 0 %, 30
2026/10/03 15:30:55.445, 188.26 W, 188.30 W, 120 MHz, 3996 MHz, 0 %, 30
2026/10/03 15:30:55.545, 188.24 W, 187.66 W, 120 MHz, 3996 MHz, 0 %, 30
2026/10/03 15:30:55.645, 188.18 W, 188.30 W, 120 MHz, 3996 MHz, 0 %, 30
2026/10/03 15:30:55.746, 188.19 W, 188.30 W, 120 MHz, 3996 MHz, 0 %, 30
2026/10/03 15:30:55.846, 188.20 W, 188.50 W, 120 MHz, 3996 MHz, 0 %, 30
2026/10/03 15:30:55.946, 188.19 W, 188.30 W, 120 MHz, 3996 MHz, 0 %, 30
2026/10/03 15:30:56.046, 188.19 W, 188.30 W, 120 MHz, 3996 MHz, 0 %, 30
2026/10/03 15:30:56.146, 188.27 W, 187.66 W, 120 MHz, 3996 MHz, 0 %, 30
2026/10/03 15:30:56.246, 188.23 W, 188.30 W, 120 MHz, 3996 MHz, 0 %, 30
2026/10/03 15:30:56.346, 188.22 W, 188.30 W, 120 MHz, 3996 MHz, 0 %, 30
2026/10/03 15:30:56.446, 188.21 W, 187.86 W, 120 MHz, 3996 MHz, 0 %, 30
2026/10/03 15:30:56.546, 188.18 W, 188.30 W, 120 MHz, 3996 MHz, 0 %, 30
2026/10/03 15:30:56.646, 188.22 W, 187.66 W, 120 MHz, 3996 MHz, 0 %, 30
2026/10/03 15:30:56.746, 188.23 W, 188.30 W, 120 MHz, 3996 MHz, 0 %, 30
2026/10/03 15:30:56.846, 188.24 W, 188.94 W, 120 MHz, 3996 MHz, 0 %, 30
2026/10/03 15:30:56.946, 188.30 W, 188.30 W, 120 MHz, 3996 MHz, 0 %, 30
2026/10/03 15:30:57.046, 188.32 W, 189.14 W, 120 MHz, 3996 MHz, 0 %, 30
2026/10/03 15:30:57.147, 188.26 W, 187.66 W, 120 MHz, 3996 MHz, 0 %, 30
2026/10/03 15:30:57.247, 188.25 W, 187.66 W, 120 MHz, 3996 MHz, 0 %, 30
2026/10/03 15:30:57.347, 188.22 W, 187.66 W, 120 MHz, 3996 MHz, 0 %, 30
2026/10/03 15:30:57.447, 188.22 W, 188.30 W, 120 MHz, 3996 MHz, 0 %, 30
2026/10/03 15:30:57.547, 188.26 W, 188.94 W, 120 MHz, 3996 MHz, 0 %, 30
2026/10/03 15:30:57.647, 188.28 W, 188.30 W, 120 MHz, 3996 MHz, 0 %, 30
2026/10/03 15:30:57.747, 188.28 W, 188.30 W, 120 MHz, 3996 MHz, 0 %, 30
2026/10/03 15:30:57.847, 188.29 W, 188.94 W, 120 MHz, 3996 MHz, 0 %, 30
2026/10/03 15:30:57.947, 188.27 W, 188.30 W, 120 MHz, 3996 MHz, 0 %, 30
2026/10/03 15:30:58.047, 188.24 W, 187.66 W, 120 MHz, 3996 MHz, 0 %, 30
2026/10/03 15:30:58.147, 188.20 W, 188.30 W, 120 MHz, 3996 MHz, 0 %, 30
2026/10/03 15:30:58.247, 188.19 W, 188.30 W, 120 MHz, 3996 MHz, 0 %, 30
2026/10/03 15:30:58.347, 188.20 W, 188.30 W, 120 MHz, 3996 MHz, 0 %, 30
2026/10/03 15:30:58.447, 188.22 W, 188.30 W, 120 MHz, 3996 MHz, 0 %, 30
2026/10/03 15:30:58.548, 188.23 W, 188.30 W, 120 MHz, 3996 MHz, 0 %, 30
2026/10/03 15:30:58.648, 188.24 W, 187.66 W, 120 MHz, 3996 MHz, 0 %, 30
2026/10/03 15:30:58.748, 188.22 W, 187.66 W, 120 MHz, 3996 MHz, 0 %, 30
2026/10/03 15:30:58.848, 188.19 W, 187.66 W, 120 MHz, 3996 MHz, 0 %, 30
2026/10/03 15:30:58.948, 188.12 W, 187.66 W, 120 MHz, 3996 MHz, 0 %, 30
2026/10/03 15:30:59.048, 188.12 W, 187.66 W, 120 MHz, 3996 MHz, 0 %, 30
2026/10/03 15:30:59.148, 188.12 W, 188.30 W, 120 MHz, 3996 MHz, 0 %, 30
2026/10/03 15:30:59.248, 188.14 W, 188.30 W, 120 MHz, 3996 MHz, 0 %, 30
2026/10/03 15:30:59.348, 188.15 W, 188.30 W, 120 MHz, 3996 MHz, 0 %, 30
2026/10/03 15:30:59.448, 188.16 W, 188.50 W, 120 MHz, 3996 MHz, 0 %, 30
2026/10/03 15:30:59.548, 188.12 W, 187.66 W, 120 MHz, 3996 MHz, 0 %, 30
2026/10/03 15:30:59.648, 188.08 W, 188.30 W, 120 MHz, 3996 MHz, 0 %, 30
2026/10/03 15:30:59.748, 188.02 W, 187.02 W, 120 MHz, 3996 MHz, 0 %, 30
2026/10/03 15:30:59.848, 188.03 W, 187.66 W, 120 MHz, 3996 MHz, 0 %, 30
2026/10/03 15:30:59.949, 188.03 W, 187.66 W, 120 MHz, 3996 MHz, 0 %, 30
2026/10/03 15:31:00.049, 188.21 W, 188.94 W, 120 MHz, 3996 MHz, 0 %, 30
2026/10/03 15:31:00.149, 188.35 W, 190.47 W, 892 MHz, 3996 MHz, 0 %, 30
2026/10/03 15:31:00.249, 189.12 W, 196.73 W, 892 MHz, 3996 MHz, 0 %, 30
2026/10/03 15:31:00.349, 189.86 W, 195.45 W, 892 MHz, 3996 MHz, 0 %, 30
2026/10/03 15:31:00.449, 190.58 W, 195.45 W, 892 MHz, 3996 MHz, 0 %, 30
2026/10/03 15:31:00.549, 191.35 W, 196.09 W, 892 MHz, 3996 MHz, 0 %, 30
2026/10/03 15:31:00.649, 192.41 W, 196.29 W, 892 MHz, 3996 MHz, 0 %, 30
2026/10/03 15:31:00.749, 193.26 W, 196.73 W, 892 MHz, 3996 MHz, 0 %, 30
2026/10/03 15:31:00.849, 196.36 W, 237.49 W, 1965 MHz, 3996 MHz, 0 %, 30
2026/10/03 15:31:00.949, 201.24 W, 238.76 W, 1965 MHz, 3996 MHz, 0 %, 31
2026/10/03 15:31:01.049, 206.17 W, 238.76 W, 1965 MHz, 3996 MHz, 0 %, 31
2026/10/03 15:31:01.149, 212.02 W, 239.45 W, 1965 MHz, 3996 MHz, 0 %, 31
2026/10/03 15:31:01.249, 215.38 W, 238.12 W, 1965 MHz, 3996 MHz, 0 %, 31
2026/10/03 15:31:01.350, 219.98 W, 238.12 W, 1965 MHz, 3996 MHz, 1 %, 31
2026/10/03 15:31:01.450, 223.68 W, 238.12 W, 1965 MHz, 3996 MHz, 1 %, 31
2026/10/03 15:31:01.550, 227.84 W, 238.76 W, 1965 MHz, 3996 MHz, 0 %, 31
2026/10/03 15:31:01.650, 232.76 W, 239.45 W, 1965 MHz, 3996 MHz, 0 %, 31
2026/10/03 15:31:01.750, 236.21 W, 239.45 W, 1965 MHz, 3996 MHz, 0 %, 31
2026/10/03 15:31:01.850, 238.60 W, 238.12 W, 1965 MHz, 3996 MHz, 0 %, 31
2026/10/03 15:31:01.950, 238.60 W, 238.12 W, 1965 MHz, 3996 MHz, 0 %, 31
2026/10/03 15:31:02.050, 238.46 W, 237.49 W, 1965 MHz, 3996 MHz, 0 %, 31
2026/10/03 15:31:02.150, 238.37 W, 238.12 W, 1965 MHz, 3996 MHz, 0 %, 31
2026/10/03 15:31:02.250, 238.34 W, 237.49 W, 1965 MHz, 3996 MHz, 0 %, 31
2026/10/03 15:31:02.350, 238.34 W, 238.76 W, 1965 MHz, 3996 MHz, 0 %, 31
2026/10/03 15:31:02.450, 238.40 W, 238.76 W, 1965 MHz, 3996 MHz, 0 %, 31
2026/10/03 15:31:02.550, 238.44 W, 239.01 W, 1965 MHz, 3996 MHz, 0 %, 31
2026/10/03 15:31:02.650, 238.40 W, 238.76 W, 1965 MHz, 3996 MHz, 0 %, 31
2026/10/03 15:31:02.751, 238.40 W, 238.12 W, 1965 MHz, 3996 MHz, 0 %, 31
2026/10/03 15:31:02.851, 238.36 W, 238.76 W, 1965 MHz, 3996 MHz, 0 %, 31
2026/10/03 15:31:02.951, 238.42 W, 238.12 W, 1965 MHz, 3996 MHz, 0 %, 31
2026/10/03 15:31:03.051, 238.43 W, 238.12 W, 1965 MHz, 3996 MHz, 0 %, 31
2026/10/03 15:31:03.151, 238.43 W, 238.12 W, 1965 MHz, 3996 MHz, 0 %, 31
2026/10/03 15:31:03.251, 238.46 W, 238.76 W, 1965 MHz, 3996 MHz, 0 %, 31
2026/10/03 15:31:03.351, 238.49 W, 238.76 W, 1965 MHz, 3996 MHz, 0 %, 31
2026/10/03 15:31:03.451, 238.47 W, 238.76 W, 1965 MHz, 3996 MHz, 0 %, 31
2026/10/03 15:31:03.551, 238.45 W, 238.12 W, 1965 MHz, 3996 MHz, 0 %, 31
2026/10/03 15:31:03.651, 238.43 W, 238.76 W, 1965 MHz, 3996 MHz, 0 %, 31
2026/10/03 15:31:03.751, 238.43 W, 238.12 W, 1965 MHz, 3996 MHz, 0 %, 31
2026/10/03 15:31:03.851, 238.42 W, 238.12 W, 1965 MHz, 3996 MHz, 0 %, 31
2026/10/03 15:31:03.951, 238.36 W, 238.76 W, 1965 MHz, 3996 MHz, 0 %, 31
2026/10/03 15:31:04.051, 238.39 W, 238.76 W, 1965 MHz, 3996 MHz, 0 %, 31
2026/10/03 15:31:04.152, 238.44 W, 238.76 W, 1965 MHz, 3996 MHz, 0 %, 31
2026/10/03 15:31:04.252, 238.44 W, 238.12 W, 1965 MHz, 3996 MHz, 0 %, 31
2026/10/03 15:31:04.352, 238.41 W, 238.76 W, 1965 MHz, 3996 MHz, 0 %, 31
2026/10/03 15:31:04.452, 238.38 W, 238.12 W, 1965 MHz, 3996 MHz, 0 %, 31
2026/10/03 15:31:04.552, 238.36 W, 238.12 W, 1965 MHz, 3996 MHz, 0 %, 31
2026/10/03 15:31:04.652, 238.34 W, 238.12 W, 1965 MHz, 3996 MHz, 0 %, 31
2026/10/03 15:31:04.752, 238.33 W, 238.12 W, 1965 MHz, 3996 MHz, 0 %, 31
2026/10/03 15:31:04.852, 238.35 W, 238.76 W, 1965 MHz, 3996 MHz, 0 %, 31
2026/10/03 15:31:04.952, 238.40 W, 238.76 W, 1965 MHz, 3996 MHz, 0 %, 31
2026/10/03 15:31:05.052, 238.43 W, 238.76 W, 1965 MHz, 3996 MHz, 0 %, 31
2026/10/03 15:31:05.152, 238.43 W, 238.12 W, 1965 MHz, 3996 MHz, 0 %, 31
2026/10/03 15:31:05.252, 238.42 W, 238.12 W, 1965 MHz, 3996 MHz, 0 %, 31
2026/10/03 15:31:05.352, 238.41 W, 238.12 W, 1965 MHz, 3996 MHz, 0 %, 31
2026/10/03 15:31:05.452, 238.40 W, 238.12 W, 1965 MHz, 3996 MHz, 0 %, 31
2026/10/03 15:31:05.552, 238.38 W, 238.12 W, 1965 MHz, 3996 MHz, 0 %, 31
2026/10/03 15:31:05.653, 238.42 W, 238.76 W, 1965 MHz, 3996 MHz, 0 %, 31
2026/10/03 15:31:05.753, 238.37 W, 238.12 W, 1965 MHz, 3996 MHz, 0 %, 31
2026/10/03 15:31:05.853, 238.40 W, 238.12 W, 1965 MHz, 3996 MHz, 0 %, 31
2026/10/03 15:31:05.953, 238.38 W, 238.76 W, 1965 MHz, 3996 MHz, 0 %, 31
2026/10/03 15:31:06.053, 238.37 W, 238.12 W, 1965 MHz, 3996 MHz, 0 %, 31
2026/10/03 15:31:06.153, 238.31 W, 238.12 W, 1965 MHz, 3996 MHz, 0 %, 31
2026/10/03 15:31:06.253, 238.35 W, 238.12 W, 1965 MHz, 3996 MHz, 0 %, 31
2026/10/03 15:31:06.353, 238.35 W, 238.12 W, 1965 MHz, 3996 MHz, 0 %, 31
2026/10/03 15:31:06.453, 238.40 W, 238.76 W, 1965 MHz, 3996 MHz, 0 %, 31
2026/10/03 15:31:06.553, 238.46 W, 238.76 W, 1965 MHz, 3996 MHz, 0 %, 31
2026/10/03 15:31:06.653, 238.48 W, 238.12 W, 1965 MHz, 3996 MHz, 0 %, 31
2026/10/03 15:31:06.753, 238.51 W, 238.12 W, 1965 MHz, 3996 MHz, 0 %, 31
2026/10/03 15:31:06.853, 238.51 W, 238.12 W, 1965 MHz, 3996 MHz, 0 %, 31
2026/10/03 15:31:06.953, 238.51 W, 238.76 W, 1965 MHz, 3996 MHz, 0 %, 31
2026/10/03 15:31:07.054, 238.48 W, 238.12 W, 1965 MHz, 3996 MHz, 0 %, 31
2026/10/03 15:31:07.154, 238.46 W, 238.76 W, 1965 MHz, 3996 MHz, 0 %, 31
2026/10/03 15:31:07.254, 238.45 W, 238.12 W, 1965 MHz, 3996 MHz, 0 %, 31
2026/10/03 15:31:07.354, 238.47 W, 238.76 W, 1965 MHz, 3996 MHz, 0 %, 31
2026/10/03 15:31:07.454, 238.49 W, 238.76 W, 1965 MHz, 3996 MHz, 0 %, 31
2026/10/03 15:31:07.554, 238.45 W, 239.01 W, 1965 MHz, 3996 MHz, 0 %, 31
2026/10/03 15:31:07.654, 238.41 W, 238.12 W, 1965 MHz, 3996 MHz, 0 %, 31
2026/10/03 15:31:07.754, 238.41 W, 238.12 W, 1965 MHz, 3996 MHz, 0 %, 31
2026/10/03 15:31:07.854, 238.37 W, 238.12 W, 1965 MHz, 3996 MHz, 0 %, 31
2026/10/03 15:31:07.954, 238.37 W, 238.12 W, 1965 MHz, 3996 MHz, 0 %, 31
2026/10/03 15:31:08.054, 238.35 W, 238.12 W, 1965 MHz, 3996 MHz, 0 %, 31
2026/10/03 15:31:08.154, 238.40 W, 238.12 W, 1965 MHz, 3996 MHz, 0 %, 31
2026/10/03 15:31:08.254, 238.42 W, 238.76 W, 1965 MHz, 3996 MHz, 0 %, 31
2026/10/03 15:31:08.354, 238.46 W, 238.76 W, 1965 MHz, 3996 MHz, 0 %, 31
2026/10/03 15:31:08.455, 238.41 W, 238.12 W, 1965 MHz, 3996 MHz, 0 %, 31
2026/10/03 15:31:08.555, 238.40 W, 238.12 W, 1965 MHz, 3996 MHz, 0 %, 31
2026/10/03 15:31:08.655, 238.33 W, 237.49 W, 1965 MHz, 3996 MHz, 0 %, 31
2026/10/03 15:31:08.755, 238.35 W, 238.76 W, 1965 MHz, 3996 MHz, 0 %, 31
2026/10/03 15:31:08.855, 238.34 W, 238.76 W, 1965 MHz, 3996 MHz, 0 %, 31
2026/10/03 15:31:08.955, 238.35 W, 238.12 W, 1965 MHz, 3996 MHz, 0 %, 31
2026/10/03 15:31:09.055, 238.39 W, 238.76 W, 1965 MHz, 3996 MHz, 0 %, 31
2026/10/03 15:31:09.155, 238.41 W, 238.12 W, 1965 MHz, 3996 MHz, 0 %, 31
2026/10/03 15:31:09.255, 238.37 W, 238.12 W, 1965 MHz, 3996 MHz, 0 %, 31
2026/10/03 15:31:09.355, 238.35 W, 238.76 W, 1965 MHz, 3996 MHz, 0 %, 31
2026/10/03 15:31:09.455, 238.34 W, 238.76 W, 1965 MHz, 3996 MHz, 0 %, 31
2026/10/03 15:31:09.555, 238.36 W, 238.12 W, 1965 MHz, 3996 MHz, 0 %, 31
2026/10/03 15:31:09.655, 238.40 W, 238.12 W, 1965 MHz, 3996 MHz, 0 %, 31
2026/10/03 15:31:09.755, 238.45 W, 238.76 W, 1965 MHz, 3996 MHz, 0 %, 31
2026/10/03 15:31:09.855, 238.49 W, 238.12 W, 1965 MHz, 3996 MHz, 0 %, 31
2026/10/03 15:31:09.956, 238.51 W, 238.76 W, 1965 MHz, 3996 MHz, 0 %, 31
2026/10/03 15:31:10.056, 238.50 W, 238.12 W, 1965 MHz, 3996 MHz, 0 %, 31
2026/10/03 15:31:10.156, 238.45 W, 238.12 W, 1965 MHz, 3996 MHz, 0 %, 31
2026/10/03 15:31:10.256, 238.52 W, 238.12 W, 1965 MHz, 3996 MHz, 0 %, 31
2026/10/03 15:31:10.356, 238.48 W, 238.12 W, 1965 MHz, 3996 MHz, 0 %, 31
2026/10/03 15:31:10.456, 238.48 W, 238.76 W, 1965 MHz, 3996 MHz, 0 %, 31
2026/10/03 15:31:10.556, 238.50 W, 238.12 W, 1965 MHz, 3996 MHz, 0 %, 31
2026/10/03 15:31:10.656, 238.50 W, 238.76 W, 1965 MHz, 3996 MHz, 0 %, 31
2026/10/03 15:31:10.756, 238.51 W, 238.76 W, 1965 MHz, 3996 MHz, 0 %, 31
2026/10/03 15:31:10.856, 238.50 W, 238.76 W, 1965 MHz, 3996 MHz, 0 %, 31
2026/10/03 15:31:10.956, 238.50 W, 238.12 W, 1965 MHz, 3996 MHz, 0 %, 31
2026/10/03 15:31:11.056, 238.45 W, 237.49 W, 1965 MHz, 3996 MHz, 0 %, 31
2026/10/03 15:31:11.156, 238.49 W, 237.49 W, 1965 MHz, 3996 MHz, 0 %, 31
2026/10/03 15:31:11.256, 238.46 W, 238.76 W, 1965 MHz, 3996 MHz, 0 %, 31
2026/10/03 15:31:11.357, 238.68 W, 240.74 W, 1965 MHz, 3996 MHz, 0 %, 31
2026/10/03 15:31:11.457, 238.97 W, 242.27 W, 1965 MHz, 3996 MHz, 0 %, 31
2026/10/03 15:31:11.557, 239.03 W, 239.71 W, 1965 MHz, 3996 MHz, 0 %, 31
2026/10/03 15:31:11.657, 239.28 W, 242.01 W, 1965 MHz, 3996 MHz, 0 %, 31
2026/10/03 15:31:11.757, 239.49 W, 241.38 W, 1965 MHz, 3996 MHz, 0 %, 31
2026/10/03 15:31:11.857, 239.59 W, 238.76 W, 1965 MHz, 3996 MHz, 0 %, 31
2026/10/03 15:31:11.957, 239.69 W, 239.45 W, 1965 MHz, 3996 MHz, 0 %, 31
2026/10/03 15:31:12.057, 239.87 W, 238.76 W, 1965 MHz, 3996 MHz, 0 %, 31
2026/10/03 15:31:12.157, 239.95 W, 240.10 W, 1965 MHz, 3996 MHz, 0 %, 31
2026/10/03 15:31:12.257, 240.15 W, 240.74 W, 1965 MHz, 3996 MHz, 0 %, 31
2026/10/03 15:31:12.357, 240.10 W, 240.10 W, 1965 MHz, 3996 MHz, 0 %, 31
2026/10/03 15:31:12.457, 239.89 W, 239.45 W, 1965 MHz, 3996 MHz, 0 %, 31
2026/10/03 15:31:12.557, 239.85 W, 238.76 W, 1965 MHz, 3996 MHz, 0 %, 31
2026/10/03 15:31:12.657, 239.60 W, 238.76 W, 1965 MHz, 3996 MHz, 0 %, 31
2026/10/03 15:31:12.758, 241.12 W, 324.22 W, 1965 MHz, 3996 MHz, 0 %, 31
2026/10/03 15:31:12.858, 243.39 W, 242.01 W, 1965 MHz, 3996 MHz, 0 %, 31
2026/10/03 15:31:12.958, 243.48 W, 242.01 W, 1965 MHz, 3996 MHz, 0 %, 31
2026/10/03 15:31:13.058, 243.56 W, 240.10 W, 1965 MHz, 3996 MHz, 0 %, 31
2026/10/03 15:31:13.158, 243.67 W, 241.38 W, 1965 MHz, 3996 MHz, 0 %, 31
2026/10/03 15:31:13.258, 243.65 W, 238.76 W, 1965 MHz, 3996 MHz, 0 %, 31
2026/10/03 15:31:13.358, 243.67 W, 240.10 W, 1965 MHz, 3996 MHz, 0 %, 31
2026/10/03 15:31:13.458, 243.82 W, 239.45 W, 1965 MHz, 3996 MHz, 0 %, 31
2026/10/03 15:31:13.558, 243.83 W, 238.76 W, 1965 MHz, 3996 MHz, 0 %, 31
2026/10/03 15:31:13.658, 244.03 W, 240.74 W, 1965 MHz, 3996 MHz, 0 %, 31
2026/10/03 15:31:13.758, 242.34 W, 239.45 W, 1965 MHz, 3996 MHz, 0 %, 31
2026/10/03 15:31:13.858, 240.08 W, 239.45 W, 1965 MHz, 3996 MHz, 0 %, 31
2026/10/03 15:31:13.958, 239.87 W, 239.45 W, 1965 MHz, 3996 MHz, 0 %, 31
2026/10/03 15:31:14.058, 239.84 W, 239.45 W, 1965 MHz, 3996 MHz, 0 %, 31
2026/10/03 15:31:14.159, 239.51 W, 238.12 W, 1965 MHz, 3996 MHz, 0 %, 31
2026/10/03 15:31:14.259, 253.67 W, 519.76 W, 1965 MHz, 3996 MHz, 0 %, 33
2026/10/03 15:31:14.359, 282.35 W, 518.48 W, 1965 MHz, 3996 MHz, 69 %, 34
2026/10/03 15:31:14.459, 311.75 W, 546.30 W, 1965 MHz, 3996 MHz, 69 %, 35
2026/10/03 15:31:14.559, 340.96 W, 523.65 W, 1965 MHz, 3996 MHz, 78 %, 35
2026/10/03 15:31:14.659, 366.62 W, 538.52 W, 1965 MHz, 3996 MHz, 78 %, 36
2026/10/03 15:31:14.759, 398.62 W, 539.72 W, 1965 MHz, 3996 MHz, 78 %, 36
2026/10/03 15:31:14.859, 427.55 W, 541.13 W, 1965 MHz, 3996 MHz, 78 %, 36
2026/10/03 15:31:14.959, 457.60 W, 541.13 W, 1965 MHz, 3996 MHz, 78 %, 36
2026/10/03 15:31:15.059, 486.39 W, 531.42 W, 1965 MHz, 3996 MHz, 78 %, 37
2026/10/03 15:31:15.159, 509.97 W, 529.46 W, 1965 MHz, 3996 MHz, 78 %, 37
2026/10/03 15:31:15.259, 529.91 W, 524.93 W, 1965 MHz, 3996 MHz, 78 %, 37
2026/10/03 15:31:15.359, 530.56 W, 533.98 W, 1965 MHz, 3996 MHz, 78 %, 37
2026/10/03 15:31:15.459, 530.64 W, 556.63 W, 1965 MHz, 3996 MHz, 78 %, 37
2026/10/03 15:31:15.560, 530.90 W, 540.44 W, 1965 MHz, 3996 MHz, 78 %, 37
2026/10/03 15:31:15.660, 532.57 W, 548.21 W, 1965 MHz, 3996 MHz, 78 %, 37
2026/10/03 15:31:15.760, 532.50 W, 566.33 W, 1965 MHz, 3996 MHz, 78 %, 37
2026/10/03 15:31:15.860, 532.33 W, 508.14 W, 1965 MHz, 3996 MHz, 78 %, 37
2026/10/03 15:31:15.960, 532.08 W, 537.88 W, 1965 MHz, 3996 MHz, 78 %, 38
2026/10/03 15:31:16.060, 532.41 W, 518.48 W, 1965 MHz, 3996 MHz, 78 %, 38
2026/10/03 15:31:16.160, 532.63 W, 533.98 W, 1965 MHz, 3996 MHz, 78 %, 38
2026/10/03 15:31:16.260, 532.49 W, 512.03 W, 1965 MHz, 3996 MHz, 78 %, 38
2026/10/03 15:31:16.360, 533.24 W, 548.86 W, 1965 MHz, 3996 MHz, 78 %, 38
2026/10/03 15:31:16.460, 532.51 W, 527.54 W, 1965 MHz, 3996 MHz, 78 %, 38
2026/10/03 15:31:16.560, 532.10 W, 501.00 W, 1965 MHz, 3996 MHz, 78 %, 38
2026/10/03 15:31:16.660, 532.14 W, 555.30 W, 1965 MHz, 3996 MHz, 78 %, 38
2026/10/03 15:31:16.760, 531.30 W, 515.87 W, 1965 MHz, 3996 MHz, 78 %, 38
2026/10/03 15:31:16.860, 531.63 W, 530.73 W, 1965 MHz, 3996 MHz, 78 %, 38
2026/10/03 15:31:16.960, 530.45 W, 523.65 W, 1965 MHz, 3996 MHz, 78 %, 38
2026/10/03 15:31:17.061, 530.10 W, 539.15 W, 1965 MHz, 3996 MHz, 78 %, 38
2026/10/03 15:31:17.161, 529.89 W, 533.98 W, 1965 MHz, 3996 MHz, 78 %, 38
2026/10/03 15:31:17.261, 530.67 W, 517.20 W, 1965 MHz, 3996 MHz, 78 %, 38
2026/10/03 15:31:17.361, 531.06 W, 539.15 W, 1965 MHz, 3996 MHz, 78 %, 38
2026/10/03 15:31:17.461, 531.62 W, 525.56 W, 1965 MHz, 3996 MHz, 78 %, 38
2026/10/03 15:31:17.561, 531.31 W, 550.82 W, 1965 MHz, 3996 MHz, 78 %, 38
2026/10/03 15:31:17.661, 530.95 W, 501.64 W, 1965 MHz, 3996 MHz, 78 %, 38
2026/10/03 15:31:17.761, 532.33 W, 550.13 W, 1965 MHz, 3996 MHz, 78 %, 39
2026/10/03 15:31:17.861, 532.41 W, 513.31 W, 1965 MHz, 3996 MHz, 78 %, 38
2026/10/03 15:31:17.961, 533.79 W, 538.52 W, 1965 MHz, 3996 MHz, 78 %, 39
2026/10/03 15:31:18.061, 533.09 W, 529.46 W, 1965 MHz, 3996 MHz, 78 %, 38
2026/10/03 15:31:18.161, 533.73 W, 526.90 W, 1965 MHz, 3996 MHz, 78 %, 39
2026/10/03 15:31:18.261, 532.09 W, 524.93 W, 1965 MHz, 3996 MHz, 78 %, 39
2026/10/03 15:31:18.361, 532.39 W, 523.65 W, 1965 MHz, 3996 MHz, 78 %, 38
2026/10/03 15:31:18.462, 532.62 W, 566.33 W, 1965 MHz, 3996 MHz, 78 %, 39
2026/10/03 15:31:18.562, 531.93 W, 506.17 W, 1965 MHz, 3996 MHz, 78 %, 38
2026/10/03 15:31:18.662, 532.05 W, 553.38 W, 1965 MHz, 3996 MHz, 78 %, 39
2026/10/03 15:31:18.762, 531.95 W, 516.56 W, 1965 MHz, 3996 MHz, 78 %, 39
2026/10/03 15:31:18.862, 532.74 W, 553.38 W, 1965 MHz, 3996 MHz, 78 %, 39
2026/10/03 15:31:18.962, 531.76 W, 525.56 W, 1965 MHz, 3996 MHz, 78 %, 39
2026/10/03 15:31:19.062, 532.76 W, 520.40 W, 1965 MHz, 3996 MHz, 78 %, 39
2026/10/03 15:31:19.162, 532.50 W, 546.30 W, 1965 MHz, 3996 MHz, 78 %, 39
2026/10/03 15:31:19.262, 532.76 W, 526.90 W, 1965 MHz, 3996 MHz, 78 %, 39
2026/10/03 15:31:19.362, 532.11 W, 535.96 W, 1965 MHz, 3996 MHz, 78 %, 39
2026/10/03 15:31:19.462, 532.29 W, 543.05 W, 1965 MHz, 3996 MHz, 78 %, 39
2026/10/03 15:31:19.562, 533.69 W, 553.38 W, 1965 MHz, 3996 MHz, 79 %, 39
2026/10/03 15:31:19.662, 532.79 W, 501.64 W, 1965 MHz, 3996 MHz, 79 %, 39
2026/10/03 15:31:19.762, 533.27 W, 549.49 W, 1965 MHz, 3996 MHz, 78 %, 39
2026/10/03 15:31:19.862, 533.23 W, 534.63 W, 1965 MHz, 3996 MHz, 78 %, 39
2026/10/03 15:31:19.963, 533.94 W, 521.73 W, 1965 MHz, 3996 MHz, 78 %, 39
2026/10/03 15:31:20.063, 533.63 W, 542.40 W, 1965 MHz, 3996 MHz, 78 %, 39
2026/10/03 15:31:20.163, 533.90 W, 518.48 W, 1965 MHz, 3996 MHz, 78 %, 39
2026/10/03 15:31:20.263, 534.66 W, 535.27 W, 1965 MHz, 3996 MHz, 78 %, 39
2026/10/03 15:31:20.363, 535.55 W, 534.63 W, 1965 MHz, 3996 MHz, 78 %, 39
2026/10/03 15:31:20.463, 535.12 W, 543.69 W, 1965 MHz, 3996 MHz, 78 %, 39
2026/10/03 15:31:20.563, 533.67 W, 504.15 W, 1965 MHz, 3996 MHz, 78 %, 39
2026/10/03 15:31:20.663, 534.36 W, 555.30 W, 1965 MHz, 3996 MHz, 78 %, 39
2026/10/03 15:31:20.763, 533.45 W, 514.59 W, 1965 MHz, 3996 MHz, 78 %, 39
2026/10/03 15:31:20.863, 533.44 W, 528.17 W, 1965 MHz, 3996 MHz, 78 %, 39
2026/10/03 15:31:20.963, 533.42 W, 512.03 W, 1965 MHz, 3996 MHz, 78 %, 39
2026/10/03 15:31:21.063, 533.60 W, 555.30 W, 1965 MHz, 3996 MHz, 78 %, 39
2026/10/03 15:31:21.163, 533.28 W, 541.01 W, 1965 MHz, 3996 MHz, 78 %, 39
2026/10/03 15:31:21.263, 533.01 W, 523.01 W, 1965 MHz, 3996 MHz, 78 %, 39
2026/10/03 15:31:21.364, 533.01 W, 539.15 W, 1965 MHz, 3996 MHz, 78 %, 39
2026/10/03 15:31:21.464, 533.81 W, 539.79 W, 1965 MHz, 3996 MHz, 78 %, 39
2026/10/03 15:31:21.564, 534.38 W, 546.93 W, 1965 MHz, 3996 MHz, 78 %, 39
2026/10/03 15:31:21.664, 534.35 W, 518.48 W, 1965 MHz, 3996 MHz, 78 %, 39
2026/10/03 15:31:21.764, 534.57 W, 539.79 W, 1965 MHz, 3996 MHz, 78 %, 39
2026/10/03 15:31:21.864, 534.30 W, 532.71 W, 1965 MHz, 3996 MHz, 78 %, 39
2026/10/03 15:31:21.964, 533.40 W, 532.07 W, 1965 MHz, 3996 MHz, 78 %, 39
2026/10/03 15:31:22.064, 533.69 W, 550.13 W, 1965 MHz, 3996 MHz, 78 %, 39
2026/10/03 15:31:22.164, 533.34 W, 508.78 W, 1965 MHz, 3996 MHz, 77 %, 39
2026/10/03 15:31:22.264, 534.06 W, 532.07 W, 1965 MHz, 3996 MHz, 77 %, 39
2026/10/03 15:31:22.364, 534.01 W, 516.56 W, 1965 MHz, 3996 MHz, 78 %, 39
2026/10/03 15:31:22.464, 534.22 W, 547.57 W, 1965 MHz, 3996 MHz, 78 %, 39
2026/10/03 15:31:22.564, 534.27 W, 542.40 W, 1965 MHz, 3996 MHz, 78 %, 39
2026/10/03 15:31:22.664, 533.95 W, 521.73 W, 1965 MHz, 3996 MHz, 78 %, 39
2026/10/03 15:31:22.765, 533.89 W, 546.30 W, 1965 MHz, 3996 MHz, 78 %, 39
2026/10/03 15:31:22.865, 534.12 W, 513.31 W, 1965 MHz, 3996 MHz, 78 %, 39
2026/10/03 15:31:22.965, 534.17 W, 556.63 W, 1965 MHz, 3996 MHz, 78 %, 39
2026/10/03 15:31:23.065, 533.53 W, 515.23 W, 1965 MHz, 3996 MHz, 78 %, 39
2026/10/03 15:31:23.165, 533.75 W, 526.26 W, 1965 MHz, 3996 MHz, 78 %, 39
2026/10/03 15:31:23.265, 533.94 W, 526.90 W, 1965 MHz, 3996 MHz, 78 %, 39
2026/10/03 15:31:23.365, 533.60 W, 531.42 W, 1965 MHz, 3996 MHz, 78 %, 39
2026/10/03 15:31:23.465, 532.60 W, 548.86 W, 1965 MHz, 3996 MHz, 78 %, 39
2026/10/03 15:31:23.565, 532.85 W, 506.17 W, 1965 MHz, 3996 MHz, 78 %, 39
2026/10/03 15:31:23.665, 532.54 W, 529.46 W, 1965 MHz, 3996 MHz, 78 %, 39
2026/10/03 15:31:23.765, 532.78 W, 517.84 W, 1965 MHz, 3996 MHz, 78 %, 39
2026/10/03 15:31:23.865, 533.60 W, 555.99 W, 1965 MHz, 3996 MHz, 78 %, 39
2026/10/03 15:31:23.965, 534.06 W, 530.10 W, 1965 MHz, 3996 MHz, 78 %, 39
2026/10/03 15:31:24.065, 534.88 W, 531.42 W, 1965 MHz, 3996 MHz, 78 %, 39
2026/10/03 15:31:24.165, 533.67 W, 528.17 W, 1965 MHz, 3996 MHz, 78 %, 39
2026/10/03 15:31:24.266, 531.27 W, 425.20 W, 1965 MHz, 3996 MHz, 78 %, 39
2026/10/03 15:31:24.366, 503.20 W, 244.63 W, 1965 MHz, 3996 MHz, 49 %, 37
2026/10/03 15:31:24.466, 474.65 W, 243.99 W, 1965 MHz, 3996 MHz, 49 %, 36
2026/10/03 15:31:24.566, 445.86 W, 242.66 W, 1965 MHz, 3996 MHz, 0 %, 35
2026/10/03 15:31:24.666, 417.24 W, 242.66 W, 1965 MHz, 3996 MHz, 0 %, 35
2026/10/03 15:31:24.766, 390.55 W, 242.01 W, 1965 MHz, 3996 MHz, 0 %, 35
2026/10/03 15:31:24.866, 357.85 W, 242.01 W, 1965 MHz, 3996 MHz, 0 %, 34
2026/10/03 15:31:24.966, 328.56 W, 240.74 W, 1965 MHz, 3996 MHz, 0 %, 34
2026/10/03 15:31:25.066, 298.91 W, 240.74 W, 1965 MHz, 3996 MHz, 0 %, 34
2026/10/03 15:31:25.166, 270.34 W, 241.38 W, 1965 MHz, 3996 MHz, 0 %, 34
2026/10/03 15:31:25.266, 243.36 W, 241.38 W, 1965 MHz, 3996 MHz, 0 %, 34
2026/10/03 15:31:25.366, 242.22 W, 241.38 W, 1965 MHz, 3996 MHz, 0 %, 34
2026/10/03 15:31:25.466, 241.90 W, 240.74 W, 1965 MHz, 3996 MHz, 0 %, 33
2026/10/03 15:31:25.566, 241.80 W, 241.38 W, 1965 MHz, 3996 MHz, 0 %, 33
2026/10/03 15:31:25.667, 241.62 W, 240.10 W, 1965 MHz, 3996 MHz, 0 %, 33
2026/10/03 15:31:25.767, 241.23 W, 241.38 W, 1965 MHz, 3996 MHz, 0 %, 33
2026/10/03 15:31:25.867, 241.12 W, 240.10 W, 1965 MHz, 3996 MHz, 0 %, 33
2026/10/03 15:31:25.967, 241.00 W, 240.74 W, 1965 MHz, 3996 MHz, 0 %, 33
2026/10/03 15:31:26.067, 240.98 W, 240.74 W, 1965 MHz, 3996 MHz, 0 %, 33
2026/10/03 15:31:26.167, 240.89 W, 240.10 W, 1965 MHz, 3996 MHz, 0 %, 33
2026/10/03 15:31:26.267, 240.84 W, 240.74 W, 1965 MHz, 3996 MHz, 0 %, 33
2026/10/03 15:31:26.367, 240.84 W, 240.74 W, 1965 MHz, 3996 MHz, 0 %, 33
2026/10/03 15:31:26.467, 240.84 W, 243.30 W, 1965 MHz, 3996 MHz, 0 %, 33
2026/10/03 15:31:26.567, 240.82 W, 240.10 W, 1965 MHz, 3996 MHz, 0 %, 33
2026/10/03 15:31:26.667, 240.59 W, 240.10 W, 1965 MHz, 3996 MHz, 0 %, 33
2026/10/03 15:31:26.767, 240.59 W, 240.74 W, 1965 MHz, 3996 MHz, 0 %, 33
2026/10/03 15:31:26.867, 240.59 W, 239.45 W, 1965 MHz, 3996 MHz, 0 %, 33
2026/10/03 15:31:26.967, 240.60 W, 240.74 W, 1965 MHz, 3996 MHz, 0 %, 33
2026/10/03 15:31:27.068, 240.59 W, 240.10 W, 1965 MHz, 3996 MHz, 0 %, 33
2026/10/03 15:31:27.168, 240.59 W, 242.01 W, 1965 MHz, 3996 MHz, 0 %, 32
2026/10/03 15:31:27.268, 240.65 W, 240.10 W, 1965 MHz, 3996 MHz, 0 %, 32
2026/10/03 15:31:27.368, 240.65 W, 240.10 W, 1965 MHz, 3996 MHz, 0 %, 32
2026/10/03 15:31:27.468, 237.80 W, 204.46 W, 1372 MHz, 3996 MHz, 0 %, 32
2026/10/03 15:31:27.568, 234.38 W, 204.46 W, 1372 MHz, 3996 MHz, 0 %, 32
2026/10/03 15:31:27.668, 230.82 W, 203.82 W, 1320 MHz, 3996 MHz, 0 %, 32
2026/10/03 15:31:27.768, 227.26 W, 204.46 W, 1320 MHz, 3996 MHz, 0 %, 32
2026/10/03 15:31:27.868, 223.71 W, 203.82 W, 1320 MHz, 3996 MHz, 0 %, 32
2026/10/03 15:31:27.968, 221.40 W, 234.92 W, 1965 MHz, 3996 MHz, 0 %, 32
2026/10/03 15:31:28.068, 220.90 W, 239.45 W, 1965 MHz, 3996 MHz, 0 %, 32
2026/10/03 15:31:28.168, 220.82 W, 238.76 W, 1965 MHz, 3996 MHz, 0 %, 32
2026/10/03 15:31:28.268, 220.66 W, 240.10 W, 1965 MHz, 3996 MHz, 0 %, 32
2026/10/03 15:31:28.368, 220.88 W, 239.45 W, 1965 MHz, 3996 MHz, 0 %, 32
2026/10/03 15:31:28.469, 222.65 W, 239.45 W, 1965 MHz, 3996 MHz, 0 %, 32
2026/10/03 15:31:28.569, 226.00 W, 240.10 W, 1965 MHz, 3996 MHz, 0 %, 32
2026/10/03 15:31:28.669, 229.46 W, 240.10 W, 1965 MHz, 3996 MHz, 0 %, 32
2026/10/03 15:31:28.769, 232.95 W, 240.10 W, 1965 MHz, 3996 MHz, 0 %, 32
2026/10/03 15:31:28.869, 236.40 W, 239.45 W, 1965 MHz, 3996 MHz, 0 %, 32
2026/10/03 15:31:28.969, 239.54 W, 239.45 W, 1965 MHz, 3996 MHz, 0 %, 32
2026/10/03 15:31:29.069, 239.64 W, 239.01 W, 1965 MHz, 3996 MHz, 0 %, 32
2026/10/03 15:31:29.169, 239.63 W, 240.10 W, 1965 MHz, 3996 MHz, 0 %, 32
2026/10/03 15:31:29.269, 239.58 W, 238.76 W, 1965 MHz, 3996 MHz, 0 %, 32
2026/10/03 15:31:29.369, 239.60 W, 239.45 W, 1965 MHz, 3996 MHz, 0 %, 32
2026/10/03 15:31:29.469, 239.60 W, 239.45 W, 1965 MHz, 3996 MHz, 0 %, 32
2026/10/03 15:31:29.569, 239.56 W, 238.76 W, 1965 MHz, 3996 MHz, 0 %, 32
2026/10/03 15:31:29.669, 239.51 W, 238.76 W, 1965 MHz, 3996 MHz, 0 %, 32
2026/10/03 15:31:29.769, 239.42 W, 239.71 W, 1965 MHz, 3996 MHz, 0 %, 32
2026/10/03 15:31:29.870, 239.34 W, 239.45 W, 1965 MHz, 3996 MHz, 0 %, 32
2026/10/03 15:31:29.970, 239.33 W, 239.45 W, 1965 MHz, 3996 MHz, 0 %, 32
2026/10/03 15:31:30.070, 239.30 W, 239.45 W, 1965 MHz, 3996 MHz, 0 %, 32
2026/10/03 15:31:30.170, 239.28 W, 239.45 W, 1965 MHz, 3996 MHz, 0 %, 32
2026/10/03 15:31:30.270, 239.32 W, 238.76 W, 1965 MHz, 3996 MHz, 0 %, 32
2026/10/03 15:31:30.370, 239.32 W, 238.76 W, 1965 MHz, 3996 MHz, 0 %, 32
2026/10/03 15:31:30.470, 251.97 W, 483.58 W, 1965 MHz, 3996 MHz, 32 %, 32
2026/10/03 15:31:30.570, 253.55 W, 242.66 W, 1965 MHz, 3996 MHz, 32 %, 32
2026/10/03 15:31:30.670, 254.21 W, 240.74 W, 1965 MHz, 3996 MHz, 2 %, 32
2026/10/03 15:31:30.770, 254.25 W, 243.30 W, 1965 MHz, 3996 MHz, 2 %, 32
2026/10/03 15:31:30.870, 254.79 W, 239.71 W, 1965 MHz, 3996 MHz, 0 %, 32
2026/10/03 15:31:30.970, 254.60 W, 240.10 W, 1965 MHz, 3996 MHz, 0 %, 32
2026/10/03 15:31:31.070, 254.72 W, 240.10 W, 1965 MHz, 3996 MHz, 0 %, 32
2026/10/03 15:31:31.170, 255.19 W, 241.38 W, 1965 MHz, 3996 MHz, 0 %, 32
2026/10/03 15:31:31.270, 255.34 W, 242.01 W, 1965 MHz, 3996 MHz, 0 %, 32
2026/10/03 15:31:31.371, 254.88 W, 240.10 W, 1965 MHz, 3996 MHz, 0 %, 32
2026/10/03 15:31:31.471, 241.21 W, 240.74 W, 1965 MHz, 3996 MHz, 0 %, 32
2026/10/03 15:31:31.571, 240.92 W, 239.45 W, 1965 MHz, 3996 MHz, 0 %, 32
2026/10/03 15:31:31.671, 240.69 W, 239.45 W, 1965 MHz, 3996 MHz, 0 %, 32
2026/10/03 15:31:31.771, 240.45 W, 239.45 W, 1965 MHz, 3996 MHz, 0 %, 32
2026/10/03 15:31:31.871, 259.07 W, 680.74 W, 1965 MHz, 3996 MHz, 0 %, 34
2026/10/03 15:31:31.971, 304.75 W, 700.13 W, 1965 MHz, 3996 MHz, 0 %, 36
2026/10/03 15:31:32.071, 348.80 W, 689.16 W, 1965 MHz, 3996 MHz, 92 %, 37
2026/10/03 15:31:32.171, 392.90 W, 650.36 W, 1965 MHz, 3996 MHz, 92 %, 38
2026/10/03 15:31:32.271, 433.78 W, 701.41 W, 1965 MHz, 3996 MHz, 92 %, 38
2026/10/03 15:31:32.371, 483.10 W, 713.09 W, 1965 MHz, 3996 MHz, 92 %, 39
2026/10/03 15:31:32.471, 521.43 W, 657.45 W, 1965 MHz, 3996 MHz, 92 %, 39
2026/10/03 15:31:32.571, 571.67 W, 709.08 W, 1965 MHz, 3996 MHz, 92 %, 39
2026/10/03 15:31:32.671, 615.99 W, 702.11 W, 1965 MHz, 3996 MHz, 91 %, 40
2026/10/03 15:31:32.772, 651.96 W, 665.23 W, 1965 MHz, 3996 MHz, 91 %, 40
2026/10/03 15:31:32.872, 686.19 W, 678.18 W, 1965 MHz, 3996 MHz, 92 %, 41
2026/10/03 15:31:32.972, 686.14 W, 687.23 W, 1965 MHz, 3996 MHz, 92 %, 40
2026/10/03 15:31:33.072, 686.23 W, 674.29 W, 1965 MHz, 3996 MHz, 92 %, 41
2026/10/03 15:31:33.172, 684.78 W, 630.97 W, 1965 MHz, 3996 MHz, 92 %, 41
2026/10/03 15:31:33.272, 684.83 W, 695.60 W, 1965 MHz, 3996 MHz, 92 %, 41
2026/10/03 15:31:33.372, 685.24 W, 700.13 W, 1965 MHz, 3996 MHz, 92 %, 42
2026/10/03 15:31:33.472, 684.77 W, 664.59 W, 1965 MHz, 3996 MHz, 91 %, 42
2026/10/03 15:31:33.572, 686.05 W, 712.44 W, 1965 MHz, 3996 MHz, 91 %, 41
2026/10/03 15:31:33.672, 686.56 W, 703.28 W, 1965 MHz, 3996 MHz, 91 %, 42
2026/10/03 15:31:33.772, 685.99 W, 666.51 W, 1965 MHz, 3996 MHz, 91 %, 42
2026/10/03 15:31:33.872, 685.57 W, 678.18 W, 1965 MHz, 3996 MHz, 92 %, 42
2026/10/03 15:31:33.972, 686.14 W, 700.13 W, 1965 MHz, 3996 MHz, 92 %, 42
2026/10/03 15:31:34.072, 686.36 W, 693.69 W, 1965 MHz, 3996 MHz, 91 %, 42
2026/10/03 15:31:34.173, 686.21 W, 657.45 W, 1965 MHz, 3996 MHz, 91 %, 42
2026/10/03 15:31:34.273, 688.25 W, 710.47 W, 1965 MHz, 3996 MHz, 92 %, 42
2026/10/03 15:31:34.373, 688.55 W, 716.22 W, 1965 MHz, 3996 MHz, 92 %, 43
2026/10/03 15:31:34.473, 688.21 W, 661.98 W, 1965 MHz, 3996 MHz, 92 %, 42
2026/10/03 15:31:34.573, 688.00 W, 702.11 W, 1965 MHz, 3996 MHz, 92 %, 42
2026/10/03 15:31:34.673, 688.64 W, 690.44 W, 1965 MHz, 3996 MHz, 92 %, 43
2026/10/03 15:31:34.773, 687.81 W, 650.36 W, 1965 MHz, 3996 MHz, 92 %, 43
2026/10/03 15:31:34.873, 688.61 W, 705.94 W, 1965 MHz, 3996 MHz, 92 %, 43
2026/10/03 15:31:34.973, 688.91 W, 696.84 W, 1965 MHz, 3996 MHz, 92 %, 42
2026/10/03 15:31:35.073, 688.97 W, 694.96 W, 1965 MHz, 3996 MHz, 92 %, 43
2026/10/03 15:31:35.173, 689.39 W, 661.34 W, 1965 MHz, 3996 MHz, 92 %, 43
2026/10/03 15:31:35.273, 689.55 W, 700.03 W, 1965 MHz, 3996 MHz, 92 %, 42
2026/10/03 15:31:35.373, 688.57 W, 694.96 W, 1965 MHz, 3996 MHz, 92 %, 43
2026/10/03 15:31:35.473, 688.18 W, 648.45 W, 1965 MHz, 3996 MHz, 91 %, 43
2026/10/03 15:31:35.574, 689.10 W, 701.41 W, 1965 MHz, 3996 MHz, 91 %, 43
2026/10/03 15:31:35.674, 689.35 W, 705.30 W, 1965 MHz, 3996 MHz, 92 %, 43
2026/10/03 15:31:35.774, 690.41 W, 686.54 W, 1965 MHz, 3996 MHz, 92 %, 43
2026/10/03 15:31:35.874, 689.76 W, 687.88 W, 1965 MHz, 3996 MHz, 92 %, 43
2026/10/03 15:31:35.974, 690.39 W, 699.50 W, 1965 MHz, 3996 MHz, 92 %, 43
2026/10/03 15:31:36.074, 690.24 W, 678.18 W, 1965 MHz, 3996 MHz, 91 %, 43
2026/10/03 15:31:36.174, 688.57 W, 641.91 W, 1965 MHz, 3996 MHz, 91 %, 43
2026/10/03 15:31:36.274, 689.27 W, 700.23 W, 1965 MHz, 3996 MHz, 92 %, 43
2026/10/03 15:31:36.374, 689.83 W, 716.34 W, 1965 MHz, 3996 MHz, 92 %, 44
2026/10/03 15:31:36.474, 689.27 W, 659.43 W, 1965 MHz, 3996 MHz, 91 %, 43
2026/10/03 15:31:36.574, 689.59 W, 711.80 W, 1965 MHz, 3996 MHz, 91 %, 43
2026/10/03 15:31:36.674, 689.24 W, 713.09 W, 1965 MHz, 3996 MHz, 92 %, 43
2026/10/03 15:31:36.774, 687.76 W, 651.01 W, 1965 MHz, 3996 MHz, 92 %, 43
2026/10/03 15:31:36.874, 688.28 W, 682.71 W, 1965 MHz, 3996 MHz, 92 %, 43
2026/10/03 15:31:36.975, 688.02 W, 690.44 W, 1965 MHz, 3996 MHz, 92 %, 43
2026/10/03 15:31:37.075, 687.82 W, 687.88 W, 1965 MHz, 3996 MHz, 91 %, 44
2026/10/03 15:31:37.175, 688.21 W, 658.14 W, 1965 MHz, 3996 MHz, 91 %, 43
2026/10/03 15:31:37.275, 687.96 W, 708.55 W, 1965 MHz, 3996 MHz, 92 %, 43
2026/10/03 15:31:37.375, 688.13 W, 714.36 W, 1965 MHz, 3996 MHz, 92 %, 43
2026/10/03 15:31:37.475, 687.76 W, 671.68 W, 1965 MHz, 3996 MHz, 91 %, 44
2026/10/03 15:31:37.575, 688.34 W, 707.28 W, 1965 MHz, 3996 MHz, 91 %, 43
2026/10/03 15:31:37.675, 688.51 W, 689.79 W, 1965 MHz, 3996 MHz, 92 %, 43
2026/10/03 15:31:37.775, 688.73 W, 670.40 W, 1965 MHz, 3996 MHz, 92 %, 44
2026/10/03 15:31:37.875, 688.24 W, 680.10 W, 1965 MHz, 3996 MHz, 92 %, 43
2026/10/03 15:31:37.975, 688.41 W, 705.89 W, 1965 MHz, 3996 MHz, 92 %, 43
2026/10/03 15:31:38.075, 688.72 W, 699.50 W, 1965 MHz, 3996 MHz, 91 %, 44
2026/10/03 15:31:38.175, 689.09 W, 656.81 W, 1965 MHz, 3996 MHz, 91 %, 44
2026/10/03 15:31:38.275, 689.55 W, 691.68 W, 1965 MHz, 3996 MHz, 92 %, 43
2026/10/03 15:31:38.376, 689.94 W, 695.60 W, 1965 MHz, 3996 MHz, 92 %, 44
2026/10/03 15:31:38.476, 689.94 W, 656.81 W, 1965 MHz, 3996 MHz, 91 %, 44
2026/10/03 15:31:38.576, 689.85 W, 708.55 W, 1965 MHz, 3996 MHz, 91 %, 43
2026/10/03 15:31:38.676, 689.69 W, 713.72 W, 1965 MHz, 3996 MHz, 92 %, 44
2026/10/03 15:31:38.776, 689.43 W, 677.54 W, 1965 MHz, 3996 MHz, 92 %, 44
2026/10/03 15:31:38.876, 690.29 W, 678.82 W, 1965 MHz, 3996 MHz, 92 %, 44
2026/10/03 15:31:38.976, 690.93 W, 691.08 W, 1965 MHz, 3996 MHz, 92 %, 43
2026/10/03 15:31:39.076, 690.44 W, 677.54 W, 1965 MHz, 3996 MHz, 91 %, 44
2026/10/03 15:31:39.176, 690.22 W, 644.55 W, 1965 MHz, 3996 MHz, 91 %, 44
2026/10/03 15:31:39.276, 690.28 W, 700.77 W, 1965 MHz, 3996 MHz, 92 %, 43
2026/10/03 15:31:39.376, 689.88 W, 717.61 W, 1965 MHz, 3996 MHz, 92 %, 44
2026/10/03 15:31:39.476, 689.71 W, 685.91 W, 1965 MHz, 3996 MHz, 91 %, 44
2026/10/03 15:31:39.576, 690.52 W, 717.61 W, 1965 MHz, 3996 MHz, 91 %, 44
2026/10/03 15:31:39.676, 690.42 W, 699.50 W, 1965 MHz, 3996 MHz, 92 %, 44
2026/10/03 15:31:39.777, 689.16 W, 665.87 W, 1965 MHz, 3996 MHz, 92 %, 44
2026/10/03 15:31:39.877, 689.45 W, 676.85 W, 1965 MHz, 3996 MHz, 92 %, 44
2026/10/03 15:31:39.977, 689.47 W, 700.13 W, 1965 MHz, 3996 MHz, 92 %, 43
2026/10/03 15:31:40.077, 688.99 W, 678.82 W, 1965 MHz, 3996 MHz, 92 %, 44
2026/10/03 15:31:40.177, 688.69 W, 656.17 W, 1965 MHz, 3996 MHz, 92 %, 44
2026/10/03 15:31:40.277, 689.82 W, 710.47 W, 1965 MHz, 3996 MHz, 92 %, 44
2026/10/03 15:31:40.377, 689.08 W, 686.54 W, 1965 MHz, 3996 MHz, 92 %, 44
2026/10/03 15:31:40.477, 689.05 W, 687.16 W, 1965 MHz, 3996 MHz, 91 %, 44
2026/10/03 15:31:40.577, 689.20 W, 698.21 W, 1965 MHz, 3996 MHz, 91 %, 44
2026/10/03 15:31:40.677, 689.42 W, 678.82 W, 1965 MHz, 3996 MHz, 92 %, 44
2026/10/03 15:31:40.777, 688.87 W, 636.78 W, 1965 MHz, 3996 MHz, 92 %, 44
2026/10/03 15:31:40.877, 688.72 W, 702.75 W, 1965 MHz, 3996 MHz, 91 %, 44
2026/10/03 15:31:40.977, 689.13 W, 698.86 W, 1965 MHz, 3996 MHz, 91 %, 44
2026/10/03 15:31:41.077, 689.14 W, 675.57 W, 1965 MHz, 3996 MHz, 91 %, 44
2026/10/03 15:31:41.178, 689.57 W, 715.00 W, 1965 MHz, 3996 MHz, 91 %, 44
2026/10/03 15:31:41.278, 689.46 W, 716.97 W, 1965 MHz, 3996 MHz, 92 %, 44
2026/10/03 15:31:41.378, 689.27 W, 677.46 W, 1965 MHz, 3996 MHz, 92 %, 44
2026/10/03 15:31:41.478, 688.89 W, 683.35 W, 1965 MHz, 3996 MHz, 91 %, 44
2026/10/03 15:31:41.578, 688.83 W, 693.69 W, 1965 MHz, 3996 MHz, 91 %, 44
2026/10/03 15:31:41.678, 688.62 W, 679.46 W, 1965 MHz, 3996 MHz, 92 %, 44
2026/10/03 15:31:41.778, 687.86 W, 656.81 W, 1965 MHz, 3996 MHz, 92 %, 44
2026/10/03 15:31:41.878, 683.60 W, 405.14 W, 1965 MHz, 3996 MHz, 91 %, 44
2026/10/03 15:31:41.978, 631.06 W, 249.17 W, 1965 MHz, 3996 MHz, 91 %, 40
2026/10/03 15:31:42.078, 598.10 W, 254.34 W, 1965 MHz, 3996 MHz, 1 %, 39
2026/10/03 15:31:42.178, 598.10 W, 254.34 W, 1965 MHz, 3996 MHz, 1 %, 39
2026/10/03 15:31:42.278, 497.90 W, 247.19 W, 1965 MHz, 3996 MHz, 0 %, 37
2026/10/03 15:31:42.378, 453.88 W, 245.52 W, 1965 MHz, 3996 MHz, 0 %, 37
2026/10/03 15:31:42.478, 410.26 W, 245.91 W, 1965 MHz, 3996 MHz, 0 %, 36
2026/10/03 15:31:42.579, 365.05 W, 244.25 W, 1965 MHz, 3996 MHz, 0 %, 36
2026/10/03 15:31:42.679, 320.81 W, 244.89 W, 1965 MHz, 3996 MHz, 0 %, 36
2026/10/03 15:31:42.779, 285.15 W, 243.30 W, 1965 MHz, 3996 MHz, 0 %, 35
2026/10/03 15:31:42.879, 246.98 W, 242.01 W, 1965 MHz, 3996 MHz, 0 %, 35
2026/10/03 15:31:42.979, 245.54 W, 242.66 W, 1965 MHz, 3996 MHz, 0 %, 35
2026/10/03 15:31:43.079, 244.88 W, 243.30 W, 1965 MHz, 3996 MHz, 0 %, 35
2026/10/03 15:31:43.179, 244.51 W, 242.66 W, 1965 MHz, 3996 MHz, 0 %, 35
2026/10/03 15:31:43.279, 243.90 W, 242.66 W, 1965 MHz, 3996 MHz, 0 %, 34
2026/10/03 15:31:43.379, 250.52 W, 269.22 W, 1965 MHz, 3996 MHz, 0 %, 34
2026/10/03 15:31:43.479, 250.57 W, 244.63 W, 1965 MHz, 3996 MHz, 1 %, 34
2026/10/03 15:31:43.579, 250.41 W, 242.01 W, 1965 MHz, 3996 MHz, 1 %, 34
2026/10/03 15:31:43.679, 250.41 W, 242.01 W, 1965 MHz, 3996 MHz, 1 %, 34
2026/10/03 15:31:43.779, 250.28 W, 244.63 W, 1965 MHz, 3996 MHz, 0 %, 34
2026/10/03 15:31:43.879, 250.26 W, 243.30 W, 1965 MHz, 3996 MHz, 0 %, 34
2026/10/03 15:31:43.980, 250.31 W, 243.30 W, 1965 MHz, 3996 MHz, 0 %, 34
2026/10/03 15:31:44.080, 250.29 W, 243.99 W, 1965 MHz, 3996 MHz, 0 %, 34
2026/10/03 15:31:44.180, 250.38 W, 243.30 W, 1965 MHz, 3996 MHz, 0 %, 34
2026/10/03 15:31:44.280, 250.38 W, 241.63 W, 1965 MHz, 3996 MHz, 0 %, 34
2026/10/03 15:31:44.380, 246.91 W, 243.30 W, 1965 MHz, 3996 MHz, 0 %, 33
2026/10/03 15:31:44.480, 242.97 W, 240.10 W, 1965 MHz, 3996 MHz, 0 %, 33
2026/10/03 15:31:44.580, 242.65 W, 241.38 W, 1965 MHz, 3996 MHz, 0 %, 33
2026/10/03 15:31:44.680, 242.52 W, 242.01 W, 1965 MHz, 3996 MHz, 0 %, 33
2026/10/03 15:31:44.780, 242.26 W, 241.38 W, 1965 MHz, 3996 MHz, 0 %, 33
2026/10/03 15:31:44.880, 242.03 W, 241.38 W, 1965 MHz, 3996 MHz, 0 %, 33
2026/10/03 15:31:44.980, 241.78 W, 241.38 W, 1965 MHz, 3996 MHz, 0 %, 33
2026/10/03 15:31:45.080, 241.60 W, 240.74 W, 1965 MHz, 3996 MHz, 0 %, 33
2026/10/03 15:31:45.180, 241.39 W, 240.10 W, 1965 MHz, 3996 MHz, 0 %, 33
2026/10/03 15:31:45.280, 241.20 W, 240.10 W, 1965 MHz, 3996 MHz, 0 %, 33
2026/10/03 15:31:45.381, 241.03 W, 240.74 W, 1965 MHz, 3996 MHz, 0 %, 33
2026/10/03 15:31:45.481, 240.96 W, 240.74 W, 1965 MHz, 3996 MHz, 0 %, 33
2026/10/03 15:31:45.581, 240.94 W, 240.10 W, 1965 MHz, 3996 MHz, 1 %, 33
2026/10/03 15:31:45.681, 254.33 W, 584.39 W, 1965 MHz, 3996 MHz, 1 %, 35
2026/10/03 15:31:45.781, 293.30 W, 649.72 W, 1965 MHz, 3996 MHz, 75 %, 37
2026/10/03 15:31:45.881, 330.14 W, 624.52 W, 1965 MHz, 3996 MHz, 75 %, 38
2026/10/03 15:31:45.981, 367.74 W, 636.17 W, 1965 MHz, 3996 MHz, 86 %, 38
2026/10/03 15:31:46.081, 406.04 W, 592.81 W, 1965 MHz, 3996 MHz, 86 %, 39
2026/10/03 15:31:46.181, 443.90 W, 630.33 W, 1965 MHz, 3996 MHz, 86 %, 39
2026/10/03 15:31:46.281, 477.70 W, 616.10 W, 1965 MHz, 3996 MHz, 86 %, 39
2026/10/03 15:31:46.381, 522.63 W, 660.06 W, 1965 MHz, 3996 MHz, 86 %, 39
2026/10/03 15:31:46.481, 562.27 W, 604.48 W, 1965 MHz, 3996 MHz, 86 %, 40
2026/10/03 15:31:46.581, 600.53 W, 608.32 W, 1965 MHz, 3996 MHz, 86 %, 40
2026/10/03 15:31:46.681, 621.65 W, 582.47 W, 1965 MHz, 3996 MHz, 86 %, 40
2026/10/03 15:31:46.782, 620.80 W, 636.78 W, 1965 MHz, 3996 MHz, 86 %, 40
2026/10/03 15:31:46.882, 620.58 W, 619.99 W, 1965 MHz, 3996 MHz, 86 %, 40
2026/10/03 15:31:46.982, 622.40 W, 634.22 W, 1965 MHz, 3996 MHz, 86 %, 40
2026/10/03 15:31:47.082, 624.76 W, 619.35 W, 1965 MHz, 3996 MHz, 86 %, 41
2026/10/03 15:31:47.182, 624.43 W, 605.77 W, 1965 MHz, 3996 MHz, 86 %, 41
2026/10/03 15:31:47.282, 623.02 W, 595.42 W, 1965 MHz, 3996 MHz, 86 %, 41
2026/10/03 15:31:47.382, 621.71 W, 641.94 W, 1965 MHz, 3996 MHz, 86 %, 41
2026/10/03 15:31:47.482, 621.64 W, 641.94 W, 1965 MHz, 3996 MHz, 86 %, 41
2026/10/03 15:31:47.582, 621.97 W, 641.30 W, 1965 MHz, 3996 MHz, 86 %, 41
2026/10/03 15:31:47.682, 624.20 W, 604.48 W, 1965 MHz, 3996 MHz, 86 %, 41
2026/10/03 15:31:47.782, 623.58 W, 608.32 W, 1965 MHz, 3996 MHz, 86 %, 41
2026/10/03 15:31:47.882, 621.33 W, 633.58 W, 1965 MHz, 3996 MHz, 86 %, 41
2026/10/03 15:31:47.982, 620.01 W, 618.02 W, 1965 MHz, 3996 MHz, 86 %, 41
2026/10/03 15:31:48.082, 620.94 W, 659.43 W, 1965 MHz, 3996 MHz, 86 %, 41
2026/10/03 15:31:48.183, 623.22 W, 612.21 W, 1965 MHz, 3996 MHz, 86 %, 41
2026/10/03 15:31:48.283, 624.72 W, 616.74 W, 1965 MHz, 3996 MHz, 86 %, 41
2026/10/03 15:31:48.383, 621.75 W, 573.38 W, 1965 MHz, 3996 MHz, 86 %, 42
2026/10/03 15:31:48.483, 619.69 W, 613.49 W, 1965 MHz, 3996 MHz, 86 %, 42
2026/10/03 15:31:48.583, 620.26 W, 656.17 W, 1965 MHz, 3996 MHz, 86 %, 41
2026/10/03 15:31:48.683, 621.42 W, 625.80 W, 1965 MHz, 3996 MHz, 86 %, 41
2026/10/03 15:31:48.783, 623.95 W, 662.67 W, 1965 MHz, 3996 MHz, 86 %, 41
2026/10/03 15:31:48.883, 624.30 W, 584.39 W, 1965 MHz, 3996 MHz, 86 %, 42
2026/10/03 15:31:48.983, 621.63 W, 621.27 W, 1965 MHz, 3996 MHz, 86 %, 42
2026/10/03 15:31:49.083, 619.04 W, 612.85 W, 1965 MHz, 3996 MHz, 86 %, 42
2026/10/03 15:31:49.183, 619.78 W, 659.43 W, 1965 MHz, 3996 MHz, 86 %, 41
2026/10/03 15:31:49.283, 621.17 W, 631.61 W, 1965 MHz, 3996 MHz, 86 %, 41
2026/10/03 15:31:49.383, 625.95 W, 633.58 W, 1965 MHz, 3996 MHz, 86 %, 42
2026/10/03 15:31:49.483, 625.03 W, 568.89 W, 1965 MHz, 3996 MHz, 86 %, 42
2026/10/03 15:31:49.584, 622.97 W, 612.21 W, 1965 MHz, 3996 MHz, 86 %, 42
2026/10/03 15:31:49.684, 621.33 W, 657.45 W, 1965 MHz, 3996 MHz, 86 %, 42
2026/10/03 15:31:49.784, 623.03 W, 619.35 W, 1965 MHz, 3996 MHz, 86 %, 42
2026/10/03 15:31:49.884, 624.14 W, 667.84 W, 1965 MHz, 3996 MHz, 86 %, 42
2026/10/03 15:31:49.984, 627.98 W, 609.65 W, 1965 MHz, 3996 MHz, 86 %, 42
2026/10/03 15:31:50.084, 626.88 W, 615.46 W, 1965 MHz, 3996 MHz, 86 %, 42
2026/10/03 15:31:50.184, 624.23 W, 587.01 W, 1965 MHz, 3996 MHz, 86 %, 42
2026/10/03 15:31:50.284, 624.17 W, 658.14 W, 1965 MHz, 3996 MHz, 86 %, 42
2026/10/03 15:31:50.384, 622.84 W, 622.55 W, 1965 MHz, 3996 MHz, 86 %, 42
2026/10/03 15:31:50.484, 627.02 W, 657.45 W, 1965 MHz, 3996 MHz, 86 %, 42
2026/10/03 15:31:50.584, 627.60 W, 595.42 W, 1965 MHz, 3996 MHz, 86 %, 42
2026/10/03 15:31:50.684, 626.71 W, 604.48 W, 1965 MHz, 3996 MHz, 86 %, 42
2026/10/03 15:31:50.784, 623.53 W, 625.16 W, 1965 MHz, 3996 MHz, 86 %, 42
2026/10/03 15:31:50.884, 624.66 W, 627.08 W, 1965 MHz, 3996 MHz, 86 %, 42
2026/10/03 15:31:50.985, 623.91 W, 658.14 W, 1965 MHz, 3996 MHz, 86 %, 42
2026/10/03 15:31:51.085, 627.81 W, 609.65 W, 1965 MHz, 3996 MHz, 86 %, 42
2026/10/03 15:31:51.185, 629.71 W, 618.66 W, 1965 MHz, 3996 MHz, 86 %, 42
2026/10/03 15:31:51.285, 625.08 W, 574.70 W, 1965 MHz, 3996 MHz, 86 %, 42
2026/10/03 15:31:51.385, 624.23 W, 643.91 W, 1965 MHz, 3996 MHz, 86 %, 42
2026/10/03 15:31:51.485, 623.22 W, 622.55 W, 1965 MHz, 3996 MHz, 86 %, 42
2026/10/03 15:31:51.585, 624.38 W, 641.30 W, 1965 MHz, 3996 MHz, 86 %, 42
2026/10/03 15:31:51.685, 629.08 W, 665.87 W, 1965 MHz, 3996 MHz, 86 %, 42
2026/10/03 15:31:51.785, 630.06 W, 594.08 W, 1965 MHz, 3996 MHz, 86 %, 42
2026/10/03 15:31:51.885, 626.57 W, 601.23 W, 1965 MHz, 3996 MHz, 86 %, 42
2026/10/03 15:31:51.985, 624.94 W, 634.86 W, 1965 MHz, 3996 MHz, 86 %, 42
2026/10/03 15:31:52.085, 623.30 W, 618.02 W, 1965 MHz, 3996 MHz, 86 %, 42
2026/10/03 15:31:52.185, 624.73 W, 654.26 W, 1965 MHz, 3996 MHz, 86 %, 42
2026/10/03 15:31:52.285, 629.76 W, 633.58 W, 1965 MHz, 3996 MHz, 86 %, 42
2026/10/03 15:31:52.386, 630.20 W, 607.04 W, 1965 MHz, 3996 MHz, 86 %, 42
2026/10/03 15:31:52.486, 626.71 W, 589.62 W, 1965 MHz, 3996 MHz, 86 %, 42
2026/10/03 15:31:52.586, 625.11 W, 638.74 W, 1965 MHz, 3996 MHz, 86 %, 42
2026/10/03 15:31:52.686, 623.21 W, 652.28 W, 1965 MHz, 3996 MHz, 86 %, 42
2026/10/03 15:31:52.786, 624.62 W, 630.33 W, 1965 MHz, 3996 MHz, 86 %, 42
2026/10/03 15:31:52.886, 628.19 W, 642.59 W, 1965 MHz, 3996 MHz, 86 %, 42
2026/10/03 15:31:52.986, 628.65 W, 594.79 W, 1965 MHz, 3996 MHz, 86 %, 42
2026/10/03 15:31:53.086, 626.35 W, 628.36 W, 1965 MHz, 3996 MHz, 86 %, 42
2026/10/03 15:31:53.186, 624.02 W, 593.45 W, 1965 MHz, 3996 MHz, 86 %, 42
2026/10/03 15:31:53.286, 623.87 W, 643.28 W, 1965 MHz, 3996 MHz, 86 %, 42
2026/10/03 15:31:53.386, 625.03 W, 661.98 W, 1965 MHz, 3996 MHz, 86 %, 42
2026/10/03 15:31:53.486, 627.93 W, 610.29 W, 1965 MHz, 3996 MHz, 86 %, 42
2026/10/03 15:31:53.586, 628.26 W, 618.02 W, 1965 MHz, 3996 MHz, 86 %, 42
2026/10/03 15:31:53.686, 625.20 W, 592.18 W, 1965 MHz, 3996 MHz, 86 %, 42
2026/10/03 15:31:53.787, 624.88 W, 655.53 W, 1965 MHz, 3996 MHz, 86 %, 42
2026/10/03 15:31:53.887, 624.47 W, 625.82 W, 1965 MHz, 3996 MHz, 86 %, 42
2026/10/03 15:31:53.987, 627.21 W, 631.61 W, 1965 MHz, 3996 MHz, 86 %, 42
2026/10/03 15:31:54.087, 630.36 W, 643.28 W, 1965 MHz, 3996 MHz, 86 %, 42
2026/10/03 15:31:54.187, 629.91 W, 585.09 W, 1965 MHz, 3996 MHz, 86 %, 42
2026/10/03 15:31:54.287, 627.27 W, 647.76 W, 1965 MHz, 3996 MHz, 86 %, 42
2026/10/03 15:31:54.387, 625.01 W, 622.55 W, 1965 MHz, 3996 MHz, 86 %, 42
2026/10/03 15:31:54.487, 625.63 W, 624.52 W, 1965 MHz, 3996 MHz, 86 %, 42
2026/10/03 15:31:54.587, 627.77 W, 658.14 W, 1965 MHz, 3996 MHz, 86 %, 42
2026/10/03 15:31:54.687, 630.56 W, 607.68 W, 1965 MHz, 3996 MHz, 86 %, 42
2026/10/03 15:31:54.787, 627.91 W, 615.46 W, 1965 MHz, 3996 MHz, 86 %, 42
2026/10/03 15:31:54.887, 625.53 W, 595.42 W, 1965 MHz, 3996 MHz, 86 %, 42
2026/10/03 15:31:54.987, 625.23 W, 658.14 W, 1965 MHz, 3996 MHz, 86 %, 42
2026/10/03 15:31:55.087, 624.83 W, 643.91 W, 1965 MHz, 3996 MHz, 86 %, 42
2026/10/03 15:31:55.187, 626.88 W, 649.72 W, 1965 MHz, 3996 MHz, 86 %, 42
2026/10/03 15:31:55.288, 629.36 W, 626.44 W, 1965 MHz, 3996 MHz, 86 %, 42
2026/10/03 15:31:55.388, 627.37 W, 605.77 W, 1965 MHz, 3996 MHz, 86 %, 43
2026/10/03 15:31:55.488, 624.78 W, 617.38 W, 1965 MHz, 3996 MHz, 86 %, 42
2026/10/03 15:31:55.588, 624.44 W, 641.94 W, 1965 MHz, 3996 MHz, 86 %, 42
2026/10/03 15:31:55.688, 622.33 W, 513.31 W, 1965 MHz, 3996 MHz, 86 %, 42
2026/10/03 15:31:55.788, 588.61 W, 246.55 W, 1965 MHz, 3996 MHz, 38 %, 39
2026/10/03 15:31:55.888, 551.44 W, 245.91 W, 1965 MHz, 3996 MHz, 38 %, 38
2026/10/03 15:31:55.988, 512.15 W, 245.27 W, 1965 MHz, 3996 MHz, 0 %, 37
2026/10/03 15:31:56.088, 472.85 W, 243.99 W, 1965 MHz, 3996 MHz, 0 %, 37
2026/10/03 15:31:56.188, 433.09 W, 243.99 W, 1965 MHz, 3996 MHz, 0 %, 36
2026/10/03 15:31:56.288, 395.02 W, 243.30 W, 1965 MHz, 3996 MHz, 0 %, 36
2026/10/03 15:31:56.388, 358.84 W, 243.30 W, 1965 MHz, 3996 MHz, 0 %, 35
2026/10/03 15:31:56.488, 327.79 W, 242.66 W, 1965 MHz, 3996 MHz, 0 %, 35
2026/10/03 15:31:56.588, 282.34 W, 242.66 W, 1965 MHz, 3996 MHz, 0 %, 35
2026/10/03 15:31:56.689, 245.66 W, 242.01 W, 1965 MHz, 3996 MHz, 0 %, 35
2026/10/03 15:31:56.789, 243.82 W, 242.01 W, 1965 MHz, 3996 MHz, 0 %, 35
2026/10/03 15:31:56.889, 243.60 W, 245.27 W, 1965 MHz, 3996 MHz, 0 %, 34
2026/10/03 15:31:56.989, 243.37 W, 242.01 W, 1965 MHz, 3996 MHz, 1 %, 34
2026/10/03 15:31:57.089, 243.13 W, 242.66 W, 1965 MHz, 3996 MHz, 1 %, 34
2026/10/03 15:31:57.189, 242.81 W, 240.74 W, 1965 MHz, 3996 MHz, 0 %, 34
2026/10/03 15:31:57.289, 242.59 W, 242.01 W, 1965 MHz, 3996 MHz, 0 %, 34
2026/10/03 15:31:57.389, 242.47 W, 241.38 W, 1965 MHz, 3996 MHz, 0 %, 34
2026/10/03 15:31:57.489, 242.31 W, 241.38 W, 1965 MHz, 3996 MHz, 0 %, 34
2026/10/03 15:31:57.589, 242.21 W, 240.74 W, 1965 MHz, 3996 MHz, 0 %, 34
2026/10/03 15:31:57.689, 242.04 W, 240.74 W, 1965 MHz, 3996 MHz, 0 %, 34
2026/10/03 15:31:57.789, 241.91 W, 240.74 W, 1965 MHz, 3996 MHz, 0 %, 33
2026/10/03 15:31:57.889, 241.78 W, 241.38 W, 1965 MHz, 3996 MHz, 0 %, 33
2026/10/03 15:31:57.989, 241.51 W, 241.38 W, 1965 MHz, 3996 MHz, 0 %, 33
2026/10/03 15:31:58.090, 241.68 W, 241.38 W, 1965 MHz, 3996 MHz, 0 %, 33
2026/10/03 15:31:58.190, 241.63 W, 240.74 W, 1965 MHz, 3996 MHz, 0 %, 33
2026/10/03 15:31:58.290, 241.59 W, 240.74 W, 1965 MHz, 3996 MHz, 0 %, 33
2026/10/03 15:31:58.390, 241.02 W, 218.93 W, 1320 MHz, 3996 MHz, 0 %, 33
2026/10/03 15:31:58.490, 237.37 W, 204.46 W, 1320 MHz, 3996 MHz, 0 %, 33
2026/10/03 15:31:58.590, 233.76 W, 203.19 W, 1222 MHz, 3996 MHz, 0 %, 33
2026/10/03 15:31:58.690, 230.12 W, 202.54 W, 1222 MHz, 3996 MHz, 0 %, 33
2026/10/03 15:31:58.790, 225.98 W, 201.48 W, 1140 MHz, 3996 MHz, 0 %, 32
2026/10/03 15:31:58.890, 222.01 W, 201.26 W, 1140 MHz, 3996 MHz, 0 %, 32
2026/10/03 15:31:58.990, 218.40 W, 199.50 W, 1020 MHz, 3996 MHz, 0 %, 32
2026/10/03 15:31:59.090, 213.51 W, 198.22 W, 1020 MHz, 3996 MHz, 0 %, 32
2026/10/03 15:31:59.190, 209.21 W, 198.01 W, 1020 MHz, 3996 MHz, 0 %, 32
2026/10/03 15:31:59.290, 205.67 W, 198.01 W, 1020 MHz, 3996 MHz, 0 %, 32
2026/10/03 15:31:59.390, 201.19 W, 198.65 W, 990 MHz, 3996 MHz, 0 %, 32
2026/10/03 15:31:59.491, 200.49 W, 197.37 W, 990 MHz, 3996 MHz, 0 %, 32
2026/10/03 15:31:59.591, 199.81 W, 198.01 W, 960 MHz, 3996 MHz, 0 %, 32
2026/10/03 15:31:59.691, 199.38 W, 198.01 W, 960 MHz, 3996 MHz, 0 %, 32
2026/10/03 15:31:59.791, 201.38 W, 240.10 W, 1965 MHz, 3996 MHz, 0 %, 32
2026/10/03 15:31:59.891, 205.28 W, 240.10 W, 1965 MHz, 3996 MHz, 0 %, 32
2026/10/03 15:31:59.991, 209.13 W, 240.35 W, 1965 MHz, 3996 MHz, 0 %, 32
2026/10/03 15:32:00.091, 213.10 W, 240.10 W, 1965 MHz, 3996 MHz, 0 %, 32
2026/10/03 15:32:00.191, 217.21 W, 240.10 W, 1965 MHz, 3996 MHz, 0 %, 32
2026/10/03 15:32:00.291, 230.04 W, 629.05 W, 1965 MHz, 3996 MHz, 0 %, 34
2026/10/03 15:32:00.391, 281.02 W, 712.44 W, 1965 MHz, 3996 MHz, 68 %, 37
2026/10/03 15:32:00.491, 291.07 W, 245.52 W, 1965 MHz, 3996 MHz, 68 %, 34
2026/10/03 15:32:00.591, 295.68 W, 242.01 W, 1965 MHz, 3996 MHz, 1 %, 33
2026/10/03 15:32:00.691, 300.31 W, 240.74 W, 1965 MHz, 3996 MHz, 1 %, 33
2026/10/03 15:32:00.791, 304.38 W, 244.89 W, 1965 MHz, 3996 MHz, 0 %, 33
2026/10/03 15:32:00.892, 304.45 W, 240.74 W, 1965 MHz, 3996 MHz, 0 %, 33
2026/10/03 15:32:00.992, 303.41 W, 242.01 W, 1965 MHz, 3996 MHz, 0 %, 33
2026/10/03 15:32:01.092, 304.91 W, 243.30 W, 1965 MHz, 3996 MHz, 0 %, 33
2026/10/03 15:32:01.192, 304.98 W, 242.66 W, 1965 MHz, 3996 MHz, 0 %, 33
2026/10/03 15:32:01.292, 275.89 W, 242.01 W, 1965 MHz, 3996 MHz, 0 %, 33
2026/10/03 15:32:01.392, 242.99 W, 240.10 W, 1965 MHz, 3996 MHz, 0 %, 33
2026/10/03 15:32:01.492, 242.40 W, 240.74 W, 1965 MHz, 3996 MHz, 0 %, 33
2026/10/03 15:32:01.592, 241.73 W, 240.10 W, 1965 MHz, 3996 MHz, 0 %, 32
2026/10/03 15:32:01.692, 241.68 W, 240.99 W, 1965 MHz, 3996 MHz, 0 %, 32
2026/10/03 15:32:01.792, 241.42 W, 240.10 W, 1965 MHz, 3996 MHz, 0 %, 32
2026/10/03 15:32:01.892, 258.09 W, 597.98 W, 1965 MHz, 3996 MHz, 0 %, 32
2026/10/03 15:32:01.992, 307.49 W, 732.48 W, 1965 MHz, 3996 MHz, 95 %, 37
2026/10/03 15:32:02.092, 356.35 W, 742.82 W, 1965 MHz, 3996 MHz, 95 %, 38
2026/10/03 15:32:02.192, 404.41 W, 733.12 W, 1965 MHz, 3996 MHz, 98 %, 39
2026/10/03 15:32:02.292, 455.11 W, 751.87 W, 1965 MHz, 3996 MHz, 98 %, 40
2026/10/03 15:32:02.392, 504.08 W, 717.61 W, 1965 MHz, 3996 MHz, 98 %, 40
2026/10/03 15:32:02.493, 552.38 W, 687.88 W, 1965 MHz, 3996 MHz, 98 %, 41
2026/10/03 15:32:02.593, 601.66 W, 801.44 W, 1965 MHz, 3996 MHz, 97 %, 41
2026/10/03 15:32:02.693, 643.86 W, 722.14 W, 1965 MHz, 3996 MHz, 97 %, 41
2026/10/03 15:32:02.793, 701.16 W, 724.70 W, 1965 MHz, 3996 MHz, 98 %, 42
2026/10/03 15:32:02.893, 731.40 W, 776.90 W, 1965 MHz, 3996 MHz, 98 %, 42
2026/10/03 15:32:02.993, 736.13 W, 733.76 W, 1965 MHz, 3996 MHz, 98 %, 42
2026/10/03 15:32:03.093, 738.34 W, 752.51 W, 1965 MHz, 3996 MHz, 98 %, 43
2026/10/03 15:32:03.193, 738.27 W, 738.28 W, 1965 MHz, 3996 MHz, 98 %, 43
2026/10/03 15:32:03.293, 735.29 W, 661.34 W, 1965 MHz, 3996 MHz, 98 %, 43
2026/10/03 15:32:03.393, 738.34 W, 778.18 W, 1965 MHz, 3996 MHz, 97 %, 43
2026/10/03 15:32:03.493, 739.16 W, 718.25 W, 1965 MHz, 3996 MHz, 97 %, 43
2026/10/03 15:32:03.593, 740.28 W, 707.92 W, 1965 MHz, 3996 MHz, 98 %, 43
2026/10/03 15:32:03.693, 738.50 W, 799.52 W, 1965 MHz, 3996 MHz, 98 %, 44
2026/10/03 15:32:03.793, 740.42 W, 731.20 W, 1965 MHz, 3996 MHz, 98 %, 43
2026/10/03 15:32:03.893, 741.81 W, 745.43 W, 1965 MHz, 3996 MHz, 98 %, 44
2026/10/03 15:32:03.993, 738.91 W, 760.29 W, 1965 MHz, 3996 MHz, 98 %, 43
2026/10/03 15:32:04.094, 737.88 W, 737.01 W, 1965 MHz, 3996 MHz, 98 %, 44
2026/10/03 15:32:04.194, 740.81 W, 757.04 W, 1965 MHz, 3996 MHz, 97 %, 44
2026/10/03 15:32:04.294, 742.73 W, 716.97 W, 1965 MHz, 3996 MHz, 97 %, 43
2026/10/03 15:32:04.394, 739.70 W, 700.77 W, 1965 MHz, 3996 MHz, 98 %, 44
2026/10/03 15:32:04.494, 740.23 W, 799.09 W, 1965 MHz, 3996 MHz, 98 %, 44
2026/10/03 15:32:04.594, 742.15 W, 729.86 W, 1965 MHz, 3996 MHz, 98 %, 44
2026/10/03 15:32:04.694, 742.76 W, 727.31 W, 1965 MHz, 3996 MHz, 98 %, 44
2026/10/03 15:32:04.794, 741.21 W, 778.36 W, 1965 MHz, 3996 MHz, 97 %, 45
2026/10/03 15:32:04.894, 742.13 W, 733.12 W, 1965 MHz, 3996 MHz, 97 %, 44
2026/10/03 15:32:04.994, 744.07 W, 766.10 W, 1965 MHz, 3996 MHz, 97 %, 44
2026/10/03 15:32:05.094, 744.22 W, 733.62 W, 1965 MHz, 3996 MHz, 97 %, 44
2026/10/03 15:32:05.194, 741.21 W, 683.99 W, 1965 MHz, 3996 MHz, 98 %, 45
2026/10/03 15:32:05.294, 743.43 W, 764.66 W, 1965 MHz, 3996 MHz, 98 %, 45
2026/10/03 15:32:05.394, 744.59 W, 722.78 W, 1965 MHz, 3996 MHz, 98 %, 44
2026/10/03 15:32:05.494, 743.06 W, 727.82 W, 1965 MHz, 3996 MHz, 98 %, 44
2026/10/03 15:32:05.594, 742.67 W, 811.77 W, 1965 MHz, 3996 MHz, 98 %, 45
2026/10/03 15:32:05.695, 744.62 W, 733.12 W, 1965 MHz, 3996 MHz, 98 %, 45
2026/10/03 15:32:05.795, 746.47 W, 769.82 W, 1965 MHz, 3996 MHz, 97 %, 45
2026/10/03 15:32:05.895, 745.26 W, 759.60 W, 1965 MHz, 3996 MHz, 97 %, 45
2026/10/03 15:32:05.995, 745.19 W, 730.51 W, 1965 MHz, 3996 MHz, 98 %, 45
2026/10/03 15:32:06.095, 747.78 W, 770.46 W, 1965 MHz, 3996 MHz, 98 %, 45
2026/10/03 15:32:06.195, 748.60 W, 724.06 W, 1965 MHz, 3996 MHz, 98 %, 44
2026/10/03 15:32:06.295, 746.56 W, 704.67 W, 1965 MHz, 3996 MHz, 98 %, 45
2026/10/03 15:32:06.395, 748.40 W, 818.90 W, 1965 MHz, 3996 MHz, 97 %, 45
2026/10/03 15:32:06.495, 750.96 W, 775.80 W, 1965 MHz, 3996 MHz, 97 %, 45
2026/10/03 15:32:06.595, 750.86 W, 737.65 W, 1965 MHz, 3996 MHz, 98 %, 45
2026/10/03 15:32:06.695, 749.00 W, 784.67 W, 1965 MHz, 3996 MHz, 98 %, 45
2026/10/03 15:32:06.795, 750.28 W, 742.82 W, 1965 MHz, 3996 MHz, 98 %, 45
2026/10/03 15:32:06.895, 752.01 W, 768.49 W, 1965 MHz, 3996 MHz, 98 %, 45
2026/10/03 15:32:06.995, 751.14 W, 728.46 W, 1965 MHz, 3996 MHz, 98 %, 45
2026/10/03 15:32:07.095, 747.71 W, 690.44 W, 1965 MHz, 3996 MHz, 98 %, 45
2026/10/03 15:32:07.195, 750.73 W, 780.97 W, 1965 MHz, 3996 MHz, 97 %, 45
2026/10/03 15:32:07.296, 752.27 W, 724.70 W, 1965 MHz, 3996 MHz, 97 %, 45
2026/10/03 15:32:07.396, 750.99 W, 724.70 W, 1965 MHz, 3996 MHz, 98 %, 45
2026/10/03 15:32:07.496, 749.06 W, 803.41 W, 1965 MHz, 3996 MHz, 98 %, 46
2026/10/03 15:32:07.596, 750.85 W, 736.37 W, 1965 MHz, 3996 MHz, 98 %, 45
2026/10/03 15:32:07.696, 752.02 W, 777.08 W, 1965 MHz, 3996 MHz, 98 %, 45
2026/10/03 15:32:07.796, 749.92 W, 752.51 W, 1965 MHz, 3996 MHz, 98 %, 46
2026/10/03 15:32:07.896, 748.30 W, 716.34 W, 1965 MHz, 3996 MHz, 98 %, 45
2026/10/03 15:32:07.996, 750.51 W, 773.19 W, 1965 MHz, 3996 MHz, 97 %, 45
2026/10/03 15:32:08.096, 750.63 W, 718.25 W, 1965 MHz, 3996 MHz, 97 %, 45
2026/10/03 15:32:08.196, 748.30 W, 695.60 W, 1965 MHz, 3996 MHz, 98 %, 45
2026/10/03 15:32:08.296, 749.08 W, 815.24 W, 1965 MHz, 3996 MHz, 98 %, 46
2026/10/03 15:32:08.396, 749.82 W, 729.23 W, 1965 MHz, 3996 MHz, 98 %, 45
2026/10/03 15:32:08.496, 750.39 W, 751.08 W, 1965 MHz, 3996 MHz, 98 %, 45
2026/10/03 15:32:08.596, 747.94 W, 774.47 W, 1965 MHz, 3996 MHz, 98 %, 46
2026/10/03 15:32:08.696, 749.21 W, 747.99 W, 1965 MHz, 3996 MHz, 98 %, 45
2026/10/03 15:32:08.796, 750.94 W, 769.82 W, 1965 MHz, 3996 MHz, 97 %, 46
2026/10/03 15:32:08.896, 752.59 W, 740.21 W, 1965 MHz, 3996 MHz, 97 %, 45
2026/10/03 15:32:08.997, 749.76 W, 709.83 W, 1965 MHz, 3996 MHz, 98 %, 45
2026/10/03 15:32:09.097, 752.65 W, 806.17 W, 1965 MHz, 3996 MHz, 98 %, 46
2026/10/03 15:32:09.197, 755.12 W, 733.12 W, 1965 MHz, 3996 MHz, 98 %, 45
2026/10/03 15:32:09.297, 754.94 W, 740.21 W, 1965 MHz, 3996 MHz, 98 %, 46
2026/10/03 15:32:09.397, 753.13 W, 808.58 W, 1965 MHz, 3996 MHz, 97 %, 46
2026/10/03 15:32:09.497, 754.74 W, 741.54 W, 1965 MHz, 3996 MHz, 97 %, 45
2026/10/03 15:32:09.597, 757.03 W, 767.38 W, 1965 MHz, 3996 MHz, 97 %, 46
2026/10/03 15:32:09.697, 755.00 W, 758.33 W, 1965 MHz, 3996 MHz, 97 %, 46
2026/10/03 15:32:09.797, 752.00 W, 688.52 W, 1965 MHz, 3996 MHz, 98 %, 46
2026/10/03 15:32:09.897, 754.36 W, 775.80 W, 1965 MHz, 3996 MHz, 98 %, 46
2026/10/03 15:32:09.997, 755.79 W, 729.86 W, 1965 MHz, 3996 MHz, 98 %, 45
2026/10/03 15:32:10.097, 752.20 W, 710.47 W, 1965 MHz, 3996 MHz, 98 %, 46
2026/10/03 15:32:10.197, 750.82 W, 818.49 W, 1965 MHz, 3996 MHz, 97 %, 46
2026/10/03 15:32:10.297, 752.55 W, 740.90 W, 1965 MHz, 3996 MHz, 97 %, 46
2026/10/03 15:32:10.397, 753.26 W, 766.74 W, 1965 MHz, 3996 MHz, 97 %, 46
2026/10/03 15:32:10.497, 751.30 W, 755.07 W, 1965 MHz, 3996 MHz, 97 %, 46
2026/10/03 15:32:10.598, 751.39 W, 813.10 W, 1965 MHz, 3996 MHz, 98 %, 46
2026/10/03 15:32:10.698, 752.86 W, 775.62 W, 1965 MHz, 3996 MHz, 98 %, 46
2026/10/03 15:32:10.798, 753.26 W, 726.67 W, 1965 MHz, 3996 MHz, 98 %, 45
2026/10/03 15:32:10.898, 750.83 W, 700.13 W, 1965 MHz, 3996 MHz, 98 %, 46
2026/10/03 15:32:10.998, 752.91 W, 824.29 W, 1965 MHz, 3996 MHz, 97 %, 46
2026/10/03 15:32:11.098, 755.09 W, 731.84 W, 1965 MHz, 3996 MHz, 97 %, 46
2026/10/03 15:32:11.198, 755.03 W, 746.56 W, 1965 MHz, 3996 MHz, 98 %, 46
2026/10/03 15:32:11.298, 753.02 W, 790.03 W, 1965 MHz, 3996 MHz, 98 %, 46
2026/10/03 15:32:11.398, 755.59 W, 794.56 W, 1965 MHz, 3996 MHz, 98 %, 46
2026/10/03 15:32:11.498, 757.11 W, 784.17 W, 1965 MHz, 3996 MHz, 98 %, 46
2026/10/03 15:32:11.598, 756.58 W, 743.45 W, 1965 MHz, 3996 MHz, 98 %, 46
2026/10/03 15:32:11.698, 755.07 W, 821.04 W, 1965 MHz, 3996 MHz, 98 %, 46
2026/10/03 15:32:11.798, 756.07 W, 785.95 W, 1965 MHz, 3996 MHz, 97 %, 46
2026/10/03 15:32:11.898, 751.16 W, 444.61 W, 1965 MHz, 3996 MHz, 97 %, 46
2026/10/03 15:32:11.999, 713.58 W, 253.27 W, 1965 MHz, 3996 MHz, 18 %, 43
2026/10/03 15:32:12.099, 650.94 W, 286.66 W, 1965 MHz, 3996 MHz, 18 %, 41
2026/10/03 15:32:12.199, 600.92 W, 248.47 W, 1965 MHz, 3996 MHz, 7 %, 39
2026/10/03 15:32:12.299, 561.59 W, 250.07 W, 1965 MHz, 3996 MHz, 7 %, 39
2026/10/03 15:32:12.399, 504.40 W, 245.91 W, 1965 MHz, 3996 MHz, 0 %, 38
2026/10/03 15:32:12.499, 453.35 W, 245.27 W, 1965 MHz, 3996 MHz, 0 %, 37
2026/10/03 15:32:12.599, 404.47 W, 246.81 W, 1965 MHz, 3996 MHz, 0 %, 37
2026/10/03 15:32:12.699, 346.70 W, 245.27 W, 1965 MHz, 3996 MHz, 0 %, 37
2026/10/03 15:32:12.799, 303.60 W, 244.63 W, 1965 MHz, 3996 MHz, 0 %, 36
2026/10/03 15:32:12.899, 253.37 W, 243.99 W, 1965 MHz, 3996 MHz, 0 %, 36
2026/10/03 15:32:12.999, 247.59 W, 243.30 W, 1965 MHz, 3996 MHz, 0 %, 36
2026/10/03 15:32:13.099, 246.16 W, 243.99 W, 1965 MHz, 3996 MHz, 0 %, 35
2026/10/03 15:32:13.199, 245.58 W, 244.25 W, 1965 MHz, 3996 MHz, 0 %, 35
2026/10/03 15:32:13.299, 244.95 W, 242.01 W, 1965 MHz, 3996 MHz, 0 %, 35
2026/10/03 15:32:13.400, 251.03 W, 573.42 W, 1965 MHz, 3996 MHz, 0 %, 35
2026/10/03 15:32:13.500, 300.82 W, 785.50 W, 1965 MHz, 3996 MHz, 0 %, 38
2026/10/03 15:32:13.600, 350.83 W, 799.73 W, 1965 MHz, 3996 MHz, 98 %, 40
2026/10/03 15:32:13.700, 368.43 W, 250.44 W, 1965 MHz, 3996 MHz, 98 %, 41
2026/10/03 15:32:13.800, 371.09 W, 246.55 W, 1965 MHz, 3996 MHz, 1 %, 37
2026/10/03 15:32:13.900, 370.28 W, 246.17 W, 1965 MHz, 3996 MHz, 1 %, 36
2026/10/03 15:32:14.000, 370.28 W, 246.17 W, 1965 MHz, 3996 MHz, 1 %, 36
2026/10/03 15:32:14.100, 370.49 W, 246.55 W, 1965 MHz, 3996 MHz, 0 %, 35
2026/10/03 15:32:14.200, 373.25 W, 243.99 W, 1965 MHz, 3996 MHz, 0 %, 35
2026/10/03 15:32:14.300, 373.29 W, 242.66 W, 1965 MHz, 3996 MHz, 0 %, 35
2026/10/03 15:32:14.400, 373.47 W, 244.63 W, 1965 MHz, 3996 MHz, 0 %, 35
2026/10/03 15:32:14.500, 347.55 W, 243.30 W, 1965 MHz, 3996 MHz, 0 %, 34
2026/10/03 15:32:14.600, 306.08 W, 243.30 W, 1965 MHz, 3996 MHz, 0 %, 34
2026/10/03 15:32:14.700, 248.60 W, 242.66 W, 1965 MHz, 3996 MHz, 0 %, 34
2026/10/03 15:32:14.801, 245.94 W, 242.01 W, 1965 MHz, 3996 MHz, 0 %, 34
2026/10/03 15:32:14.901, 245.48 W, 242.01 W, 1965 MHz, 3996 MHz, 0 %, 34
2026/10/03 15:32:15.001, 243.59 W, 241.63 W, 1965 MHz, 3996 MHz, 0 %, 34
2026/10/03 15:32:15.101, 243.26 W, 241.63 W, 1965 MHz, 3996 MHz, 0 %, 34
2026/10/03 15:32:15.201, 242.88 W, 241.38 W, 1965 MHz, 3996 MHz, 0 %, 34
2026/10/03 15:32:15.301, 242.64 W, 242.27 W, 1965 MHz, 3996 MHz, 0 %, 34
2026/10/03 15:32:15.401, 242.38 W, 240.74 W, 1965 MHz, 3996 MHz, 0 %, 34
2026/10/03 15:32:15.501, 242.06 W, 240.74 W, 1965 MHz, 3996 MHz, 0 %, 33
2026/10/03 15:32:15.601, 241.82 W, 240.99 W, 1965 MHz, 3996 MHz, 0 %, 33
2026/10/03 15:32:15.701, 241.63 W, 240.74 W, 1965 MHz, 3996 MHz, 0 %, 33
2026/10/03 15:32:15.801, 241.49 W, 240.74 W, 1965 MHz, 3996 MHz, 0 %, 33
2026/10/03 15:32:15.901, 241.38 W, 240.74 W, 1965 MHz, 3996 MHz, 0 %, 33
2026/10/03 15:32:16.001, 241.28 W, 240.74 W, 1965 MHz, 3996 MHz, 0 %, 33
2026/10/03 15:32:16.101, 241.16 W, 240.74 W, 1965 MHz, 3996 MHz, 0 %, 33
2026/10/03 15:32:16.202, 241.08 W, 240.99 W, 1965 MHz, 3996 MHz, 0 %, 33
2026/10/03 15:32:16.302, 240.99 W, 240.35 W, 1965 MHz, 3996 MHz, 0 %, 33
2026/10/03 15:32:16.402, 240.94 W, 240.74 W, 1965 MHz, 3996 MHz, 0 %, 33
2026/10/03 15:32:16.502, 240.90 W, 240.10 W, 1965 MHz, 3996 MHz, 1 %, 33
2026/10/03 15:32:16.602, 262.27 W, 482.24 W, 1965 MHz, 3996 MHz, 1 %, 36
2026/10/03 15:32:16.702, 304.09 W, 833.11 W, 1965 MHz, 3996 MHz, 60 %, 37
2026/10/03 15:32:16.802, 353.73 W, 688.52 W, 1965 MHz, 3996 MHz, 60 %, 39
2026/10/03 15:32:16.902, 404.63 W, 733.76 W, 1965 MHz, 3996 MHz, 97 %, 40
2026/10/03 15:32:17.002, 454.02 W, 703.28 W, 1965 MHz, 3996 MHz, 97 %, 40
2026/10/03 15:32:17.102, 499.70 W, 797.75 W, 1965 MHz, 3996 MHz, 99 %, 41
2026/10/03 15:32:17.202, 551.10 W, 855.68 W, 1965 MHz, 3996 MHz, 99 %, 41
2026/10/03 15:32:17.302, 600.29 W, 697.58 W, 1965 MHz, 3996 MHz, 99 %, 42
2026/10/03 15:32:17.402, 659.24 W, 735.03 W, 1965 MHz, 3996 MHz, 99 %, 42
2026/10/03 15:32:17.502, 708.84 W, 711.11 W, 1965 MHz, 3996 MHz, 98 %, 43
2026/10/03 15:32:17.602, 733.62 W, 802.28 W, 1965 MHz, 3996 MHz, 98 %, 43
2026/10/03 15:32:17.703, 752.99 W, 851.16 W, 1965 MHz, 3996 MHz, 99 %, 43
2026/10/03 15:32:17.803, 750.63 W, 703.38 W, 1965 MHz, 3996 MHz, 99 %, 43
2026/10/03 15:32:17.903, 751.45 W, 731.84 W, 1965 MHz, 3996 MHz, 97 %, 43
2026/10/03 15:32:18.003, 752.49 W, 709.83 W, 1965 MHz, 3996 MHz, 97 %, 44
2026/10/03 15:32:18.103, 753.71 W, 808.78 W, 1965 MHz, 3996 MHz, 99 %, 44
2026/10/03 15:32:18.203, 756.40 W, 839.16 W, 1965 MHz, 3996 MHz, 99 %, 44
2026/10/03 15:32:18.303, 753.56 W, 714.36 W, 1965 MHz, 3996 MHz, 99 %, 44
2026/10/03 15:32:18.403, 754.03 W, 725.27 W, 1965 MHz, 3996 MHz, 99 %, 44
2026/10/03 15:32:18.503, 753.23 W, 690.44 W, 1965 MHz, 3996 MHz, 98 %, 44
2026/10/03 15:32:18.603, 755.85 W, 800.36 W, 1965 MHz, 3996 MHz, 98 %, 45
2026/10/03 15:32:18.703, 756.52 W, 824.70 W, 1965 MHz, 3996 MHz, 99 %, 44
2026/10/03 15:32:18.803, 753.54 W, 719.41 W, 1965 MHz, 3996 MHz, 99 %, 44
2026/10/03 15:32:18.903, 754.15 W, 724.70 W, 1965 MHz, 3996 MHz, 98 %, 44
2026/10/03 15:32:19.003, 752.60 W, 676.85 W, 1965 MHz, 3996 MHz, 98 %, 45
2026/10/03 15:32:19.104, 756.45 W, 791.75 W, 1965 MHz, 3996 MHz, 99 %, 45
2026/10/03 15:32:19.204, 755.22 W, 826.21 W, 1965 MHz, 3996 MHz, 99 %, 44
2026/10/03 15:32:19.304, 755.23 W, 726.03 W, 1965 MHz, 3996 MHz, 99 %, 45
2026/10/03 15:32:19.404, 754.35 W, 721.38 W, 1965 MHz, 3996 MHz, 99 %, 44
2026/10/03 15:32:19.504, 753.18 W, 666.51 W, 1965 MHz, 3996 MHz, 98 %, 45
2026/10/03 15:32:19.604, 755.33 W, 762.68 W, 1965 MHz, 3996 MHz, 98 %, 45
2026/10/03 15:32:19.704, 756.02 W, 809.21 W, 1965 MHz, 3996 MHz, 99 %, 45
2026/10/03 15:32:19.804, 754.59 W, 737.51 W, 1965 MHz, 3996 MHz, 99 %, 45
2026/10/03 15:32:19.904, 753.60 W, 715.00 W, 1965 MHz, 3996 MHz, 98 %, 45
2026/10/03 15:32:20.004, 753.24 W, 693.69 W, 1965 MHz, 3996 MHz, 98 %, 45
2026/10/03 15:32:20.104, 754.89 W, 762.21 W, 1965 MHz, 3996 MHz, 99 %, 46
2026/10/03 15:32:20.204, 755.57 W, 800.16 W, 1965 MHz, 3996 MHz, 99 %, 45
2026/10/03 15:32:20.304, 753.46 W, 743.95 W, 1965 MHz, 3996 MHz, 99 %, 45
2026/10/03 15:32:20.404, 753.27 W, 711.69 W, 1965 MHz, 3996 MHz, 99 %, 45
2026/10/03 15:32:20.504, 755.28 W, 726.03 W, 1965 MHz, 3996 MHz, 97 %, 45
2026/10/03 15:32:20.605, 756.05 W, 764.14 W, 1965 MHz, 3996 MHz, 97 %, 46
2026/10/03 15:32:20.705, 755.71 W, 795.00 W, 1965 MHz, 3996 MHz, 99 %, 45
2026/10/03 15:32:20.805, 755.77 W, 756.41 W, 1965 MHz, 3996 MHz, 99 %, 45
2026/10/03 15:32:20.905, 755.39 W, 711.80 W, 1965 MHz, 3996 MHz, 99 %, 45
2026/10/03 15:32:21.005, 758.13 W, 761.58 W, 1965 MHz, 3996 MHz, 99 %, 46
2026/10/03 15:32:21.105, 758.27 W, 768.66 W, 1965 MHz, 3996 MHz, 99 %, 46
2026/10/03 15:32:21.205, 758.61 W, 802.71 W, 1965 MHz, 3996 MHz, 99 %, 45
2026/10/03 15:32:21.305, 759.84 W, 775.62 W, 1965 MHz, 3996 MHz, 99 %, 45
2026/10/03 15:32:21.405, 760.78 W, 705.20 W, 1965 MHz, 3996 MHz, 99 %, 46
2026/10/03 15:32:21.505, 761.58 W, 760.13 W, 1965 MHz, 3996 MHz, 97 %, 46
2026/10/03 15:32:21.605, 761.83 W, 762.68 W, 1965 MHz, 3996 MHz, 97 %, 46
2026/10/03 15:32:21.705, 761.85 W, 803.56 W, 1965 MHz, 3996 MHz, 99 %, 45
2026/10/03 15:32:21.805, 762.61 W, 784.86 W, 1965 MHz, 3996 MHz, 99 %, 46
2026/10/03 15:32:21.905, 762.39 W, 691.08 W, 1965 MHz, 3996 MHz, 99 %, 46
2026/10/03 15:32:22.006, 763.83 W, 759.49 W, 1965 MHz, 3996 MHz, 99 %, 46
2026/10/03 15:32:22.106, 763.81 W, 776.26 W, 1965 MHz, 3996 MHz, 99 %, 46
2026/10/03 15:32:22.206, 763.31 W, 801.65 W, 1965 MHz, 3996 MHz, 99 %, 46
2026/10/03 15:32:22.306, 763.72 W, 794.56 W, 1965 MHz, 3996 MHz, 99 %, 46
2026/10/03 15:32:22.406, 762.72 W, 700.13 W, 1965 MHz, 3996 MHz, 99 %, 46
2026/10/03 15:32:22.506, 764.01 W, 756.25 W, 1965 MHz, 3996 MHz, 97 %, 46
2026/10/03 15:32:22.606, 763.87 W, 767.21 W, 1965 MHz, 3996 MHz, 97 %, 46
2026/10/03 15:32:22.706, 763.32 W, 804.68 W, 1965 MHz, 3996 MHz, 99 %, 46
2026/10/03 15:32:22.806, 764.33 W, 797.56 W, 1965 MHz, 3996 MHz, 99 %, 46
2026/10/03 15:32:22.906, 763.95 W, 690.44 W, 1965 MHz, 3996 MHz, 99 %, 46
2026/10/03 15:32:23.006, 764.51 W, 753.16 W, 1965 MHz, 3996 MHz, 99 %, 46
2026/10/03 15:32:23.106, 764.12 W, 758.33 W, 1965 MHz, 3996 MHz, 99 %, 46
2026/10/03 15:32:23.206, 764.08 W, 806.60 W, 1965 MHz, 3996 MHz, 99 %, 47
2026/10/03 15:32:23.306, 764.14 W, 813.73 W, 1965 MHz, 3996 MHz, 99 %, 46
2026/10/03 15:32:23.407, 764.96 W, 694.33 W, 1965 MHz, 3996 MHz, 99 %, 46
2026/10/03 15:32:23.507, 764.24 W, 755.77 W, 1965 MHz, 3996 MHz, 97 %, 46
2026/10/03 15:32:23.607, 763.82 W, 753.16 W, 1965 MHz, 3996 MHz, 97 %, 46
2026/10/03 15:32:23.707, 764.99 W, 812.62 W, 1965 MHz, 3996 MHz, 99 %, 47
2026/10/03 15:32:23.807, 763.70 W, 825.98 W, 1965 MHz, 3996 MHz, 99 %, 46
2026/10/03 15:32:23.907, 764.76 W, 695.60 W, 1965 MHz, 3996 MHz, 99 %, 46
2026/10/03 15:32:24.007, 764.08 W, 752.51 W, 1965 MHz, 3996 MHz, 99 %, 46
2026/10/03 15:32:24.107, 764.03 W, 753.79 W, 1965 MHz, 3996 MHz, 98 %, 46
2026/10/03 15:32:24.207, 764.74 W, 804.26 W, 1965 MHz, 3996 MHz, 98 %, 47
2026/10/03 15:32:24.307, 765.34 W, 852.06 W, 1965 MHz, 3996 MHz, 99 %, 46
2026/10/03 15:32:24.407, 764.23 W, 698.21 W, 1965 MHz, 3996 MHz, 99 %, 46
2026/10/03 15:32:24.507, 764.84 W, 750.44 W, 1965 MHz, 3996 MHz, 97 %, 46
2026/10/03 15:32:24.607, 764.15 W, 733.12 W, 1965 MHz, 3996 MHz, 97 %, 46
2026/10/03 15:32:24.707, 763.35 W, 806.60 W, 1965 MHz, 3996 MHz, 99 %, 47
2026/10/03 15:32:24.808, 766.23 W, 860.48 W, 1965 MHz, 3996 MHz, 99 %, 46
2026/10/03 15:32:24.908, 763.64 W, 704.02 W, 1965 MHz, 3996 MHz, 99 %, 46
2026/10/03 15:32:25.008, 764.26 W, 748.47 W, 1965 MHz, 3996 MHz, 99 %, 46
2026/10/03 15:32:25.108, 763.53 W, 725.27 W, 1965 MHz, 3996 MHz, 98 %, 46
2026/10/03 15:32:25.208, 764.28 W, 809.21 W, 1965 MHz, 3996 MHz, 98 %, 47
2026/10/03 15:32:25.308, 766.75 W, 873.42 W, 1965 MHz, 3996 MHz, 99 %, 46
2026/10/03 15:32:25.408, 763.13 W, 711.80 W, 1965 MHz, 3996 MHz, 99 %, 46
2026/10/03 15:32:25.508, 764.33 W, 747.99 W, 1965 MHz, 3996 MHz, 97 %, 46
2026/10/03 15:32:25.608, 764.10 W, 720.17 W, 1965 MHz, 3996 MHz, 97 %, 46
2026/10/03 15:32:25.708, 766.02 W, 816.93 W, 1965 MHz, 3996 MHz, 98 %, 47
2026/10/03 15:32:25.808, 766.68 W, 863.45 W, 1965 MHz, 3996 MHz, 98 %, 46
2026/10/03 15:32:25.908, 764.99 W, 716.34 W, 1965 MHz, 3996 MHz, 99 %, 46
2026/10/03 15:32:26.008, 765.82 W, 738.28 W, 1965 MHz, 3996 MHz, 99 %, 46
2026/10/03 15:32:26.108, 765.56 W, 718.89 W, 1965 MHz, 3996 MHz, 98 %, 46
2026/10/03 15:32:26.208, 767.01 W, 818.90 W, 1965 MHz, 3996 MHz, 98 %, 47
2026/10/03 15:32:26.309, 767.90 W, 864.73 W, 1965 MHz, 3996 MHz, 99 %, 46
2026/10/03 15:32:26.409, 765.60 W, 721.51 W, 1965 MHz, 3996 MHz, 99 %, 46
2026/10/03 15:32:26.509, 765.09 W, 741.54 W, 1965 MHz, 3996 MHz, 97 %, 46
2026/10/03 15:32:26.609, 764.89 W, 716.97 W, 1965 MHz, 3996 MHz, 97 %, 46
2026/10/03 15:32:26.709, 755.02 W, 338.46 W, 1965 MHz, 3996 MHz, 99 %, 47
2026/10/03 15:32:26.809, 701.37 W, 249.80 W, 1965 MHz, 3996 MHz, 99 %, 41
2026/10/03 15:32:26.909, 651.21 W, 247.83 W, 1965 MHz, 3996 MHz, 0 %, 40
2026/10/03 15:32:27.009, 599.69 W, 247.19 W, 1965 MHz, 3996 MHz, 0 %, 39
2026/10/03 15:32:27.109, 537.24 W, 247.83 W, 1965 MHz, 3996 MHz, 1 %, 38
2026/10/03 15:32:27.209, 497.47 W, 245.27 W, 1965 MHz, 3996 MHz, 1 %, 38
2026/10/03 15:32:27.309, 443.34 W, 245.27 W, 1965 MHz, 3996 MHz, 0 %, 37
2026/10/03 15:32:27.409, 398.60 W, 245.52 W, 1965 MHz, 3996 MHz, 0 %, 37
2026/10/03 15:32:27.509, 340.33 W, 244.25 W, 1965 MHz, 3996 MHz, 0 %, 37
2026/10/03 15:32:27.609, 297.42 W, 243.30 W, 1965 MHz, 3996 MHz, 0 %, 36
2026/10/03 15:32:27.709, 246.68 W, 243.30 W, 1965 MHz, 3996 MHz, 0 %, 36
2026/10/03 15:32:27.810, 245.61 W, 243.30 W, 1965 MHz, 3996 MHz, 0 %, 36
2026/10/03 15:32:27.910, 245.05 W, 244.63 W, 1965 MHz, 3996 MHz, 0 %, 35
2026/10/03 15:32:28.010, 246.15 W, 260.79 W, 1965 MHz, 3996 MHz, 0 %, 35
2026/10/03 15:32:28.110, 245.92 W, 243.30 W, 1965 MHz, 3996 MHz, 15 %, 35
2026/10/03 15:32:28.210, 245.54 W, 242.66 W, 1965 MHz, 3996 MHz, 15 %, 35
2026/10/03 15:32:28.310, 245.30 W, 242.66 W, 1965 MHz, 3996 MHz, 0 %, 35
2026/10/03 15:32:28.410, 245.02 W, 242.01 W, 1965 MHz, 3996 MHz, 0 %, 35
2026/10/03 15:32:28.510, 244.84 W, 242.01 W, 1965 MHz, 3996 MHz, 0 %, 35
2026/10/03 15:32:28.610, 244.64 W, 241.38 W, 1965 MHz, 3996 MHz, 0 %, 34
2026/10/03 15:32:28.710, 244.49 W, 242.27 W, 1965 MHz, 3996 MHz, 0 %, 34
2026/10/03 15:32:28.810, 244.37 W, 242.01 W, 1965 MHz, 3996 MHz, 0 %, 34
2026/10/03 15:32:28.910, 244.24 W, 241.63 W, 1965 MHz, 3996 MHz, 0 %, 34
2026/10/03 15:32:29.010, 242.54 W, 241.38 W, 1965 MHz, 3996 MHz, 0 %, 34
2026/10/03 15:32:29.111, 242.30 W, 241.63 W, 1965 MHz, 3996 MHz, 0 %, 34
2026/10/03 15:32:29.211, 242.18 W, 242.66 W, 1965 MHz, 3996 MHz, 0 %, 34
2026/10/03 15:32:29.311, 242.20 W, 244.63 W, 1965 MHz, 3996 MHz, 0 %, 34
2026/10/03 15:32:29.411, 239.59 W, 205.15 W, 1222 MHz, 3996 MHz, 0 %, 34
2026/10/03 15:32:29.511, 236.66 W, 205.80 W, 1455 MHz, 3996 MHz, 0 %, 33
2026/10/03 15:32:29.611, 233.43 W, 209.86 W, 1455 MHz, 3996 MHz, 0 %, 33
2026/10/03 15:32:29.711, 230.12 W, 208.57 W, 1425 MHz, 3996 MHz, 0 %, 33
2026/10/03 15:32:29.811, 226.70 W, 207.72 W, 1425 MHz, 3996 MHz, 0 %, 33
2026/10/03 15:32:29.911, 223.01 W, 207.93 W, 1402 MHz, 3996 MHz, 0 %, 33
2026/10/03 15:32:30.011, 219.21 W, 208.57 W, 1965 MHz, 3996 MHz, 0 %, 33
2026/10/03 15:32:30.111, 218.97 W, 240.74 W, 1965 MHz, 3996 MHz, 0 %, 33
2026/10/03 15:32:30.211, 218.86 W, 241.38 W, 1965 MHz, 3996 MHz, 0 %, 33
2026/10/03 15:32:30.311, 218.66 W, 241.38 W, 1965 MHz, 3996 MHz, 0 %, 33
2026/10/03 15:32:30.411, 220.87 W, 242.01 W, 1965 MHz, 3996 MHz, 0 %, 33
2026/10/03 15:32:30.511, 224.44 W, 241.38 W, 1965 MHz, 3996 MHz, 2 %, 33
2026/10/03 15:32:30.612, 252.23 W, 603.15 W, 1965 MHz, 3996 MHz, 2 %, 33
2026/10/03 15:32:30.712, 290.17 W, 610.29 W, 1965 MHz, 3996 MHz, 100 %, 38
2026/10/03 15:32:30.812, 332.47 W, 609.02 W, 1965 MHz, 3996 MHz, 100 %, 38
2026/10/03 15:32:30.912, 372.48 W, 610.94 W, 1965 MHz, 3996 MHz, 100 %, 39
2026/10/03 15:32:31.012, 409.07 W, 610.29 W, 1965 MHz, 3996 MHz, 100 %, 40
2026/10/03 15:32:31.112, 450.23 W, 614.82 W, 1965 MHz, 3996 MHz, 100 %, 40
2026/10/03 15:32:31.212, 487.43 W, 614.82 W, 1965 MHz, 3996 MHz, 100 %, 40
2026/10/03 15:32:31.312, 518.88 W, 611.57 W, 1965 MHz, 3996 MHz, 100 %, 41
2026/10/03 15:32:31.412, 555.35 W, 612.85 W, 1965 MHz, 3996 MHz, 100 %, 41
2026/10/03 15:32:31.512, 598.69 W, 612.85 W, 1965 MHz, 3996 MHz, 100 %, 41
2026/10/03 15:32:31.612, 611.99 W, 614.18 W, 1965 MHz, 3996 MHz, 100 %, 42
2026/10/03 15:32:31.712, 612.64 W, 614.82 W, 1965 MHz, 3996 MHz, 100 %, 42
2026/10/03 15:32:31.812, 613.06 W, 614.18 W, 1965 MHz, 3996 MHz, 100 %, 42
2026/10/03 15:32:31.912, 613.37 W, 611.57 W, 1965 MHz, 3996 MHz, 100 %, 42
2026/10/03 15:32:32.013, 613.56 W, 612.85 W, 1965 MHz, 3996 MHz, 100 %, 42
2026/10/03 15:32:32.113, 613.77 W, 613.49 W, 1965 MHz, 3996 MHz, 100 %, 42
2026/10/03 15:32:32.213, 613.88 W, 614.18 W, 1965 MHz, 3996 MHz, 100 %, 42
2026/10/03 15:32:32.313, 613.93 W, 614.18 W, 1965 MHz, 3996 MHz, 100 %, 42
2026/10/03 15:32:32.413, 614.15 W, 615.46 W, 1965 MHz, 3996 MHz, 100 %, 42
2026/10/03 15:32:32.513, 614.42 W, 617.38 W, 1965 MHz, 3996 MHz, 100 %, 43
2026/10/03 15:32:32.613, 614.55 W, 614.82 W, 1965 MHz, 3996 MHz, 100 %, 43
2026/10/03 15:32:32.713, 614.77 W, 614.83 W, 1965 MHz, 3996 MHz, 100 %, 43
2026/10/03 15:32:32.813, 614.76 W, 612.85 W, 1965 MHz, 3996 MHz, 100 %, 43
2026/10/03 15:32:32.913, 614.98 W, 614.82 W, 1965 MHz, 3996 MHz, 100 %, 43
2026/10/03 15:32:33.013, 615.01 W, 615.46 W, 1965 MHz, 3996 MHz, 100 %, 43
2026/10/03 15:32:33.113, 615.09 W, 614.83 W, 1965 MHz, 3996 MHz, 100 %, 43
2026/10/03 15:32:33.213, 615.27 W, 616.10 W, 1965 MHz, 3996 MHz, 100 %, 43
2026/10/03 15:32:33.313, 615.31 W, 613.49 W, 1965 MHz, 3996 MHz, 100 %, 43
2026/10/03 15:32:33.413, 615.34 W, 614.82 W, 1965 MHz, 3996 MHz, 100 %, 43
2026/10/03 15:32:33.514, 615.36 W, 616.10 W, 1965 MHz, 3996 MHz, 100 %, 43
2026/10/03 15:32:33.614, 615.44 W, 615.46 W, 1965 MHz, 3996 MHz, 100 %, 43
2026/10/03 15:32:33.714, 615.42 W, 616.74 W, 1965 MHz, 3996 MHz, 100 %, 43
2026/10/03 15:32:33.814, 615.46 W, 612.85 W, 1965 MHz, 3996 MHz, 100 %, 43
2026/10/03 15:32:33.914, 615.49 W, 614.82 W, 1965 MHz, 3996 MHz, 100 %, 43
2026/10/03 15:32:34.014, 615.68 W, 617.38 W, 1965 MHz, 3996 MHz, 100 %, 43
2026/10/03 15:32:34.114, 615.79 W, 616.74 W, 1965 MHz, 3996 MHz, 100 %, 43
2026/10/03 15:32:34.214, 615.91 W, 618.66 W, 1965 MHz, 3996 MHz, 100 %, 43
2026/10/03 15:32:34.314, 615.97 W, 615.46 W, 1965 MHz, 3996 MHz, 100 %, 43
2026/10/03 15:32:34.414, 615.92 W, 613.49 W, 1965 MHz, 3996 MHz, 100 %, 43
2026/10/03 15:32:34.514, 615.86 W, 612.85 W, 1965 MHz, 3996 MHz, 100 %, 43
2026/10/03 15:32:34.614, 615.80 W, 615.46 W, 1965 MHz, 3996 MHz, 100 %, 43
2026/10/03 15:32:34.714, 615.86 W, 618.66 W, 1965 MHz, 3996 MHz, 100 %, 43
2026/10/03 15:32:34.814, 615.90 W, 617.38 W, 1965 MHz, 3996 MHz, 100 %, 43
2026/10/03 15:32:34.915, 615.86 W, 618.02 W, 1965 MHz, 3996 MHz, 100 %, 43
2026/10/03 15:32:35.015, 615.86 W, 618.02 W, 1965 MHz, 3996 MHz, 100 %, 43
2026/10/03 15:32:35.115, 615.79 W, 615.46 W, 1965 MHz, 3996 MHz, 100 %, 43
2026/10/03 15:32:35.215, 615.80 W, 614.82 W, 1965 MHz, 3996 MHz, 100 %, 43
2026/10/03 15:32:35.315, 615.71 W, 612.85 W, 1965 MHz, 3996 MHz, 100 %, 43
2026/10/03 15:32:35.415, 615.88 W, 617.38 W, 1965 MHz, 3996 MHz, 100 %, 43
2026/10/03 15:32:35.515, 615.93 W, 618.02 W, 1965 MHz, 3996 MHz, 100 %, 43
2026/10/03 15:32:35.615, 616.02 W, 618.02 W, 1965 MHz, 3996 MHz, 100 %, 43
2026/10/03 15:32:35.715, 616.05 W, 618.02 W, 1965 MHz, 3996 MHz, 100 %, 43
2026/10/03 15:32:35.815, 615.98 W, 611.57 W, 1965 MHz, 3996 MHz, 100 %, 43
2026/10/03 15:32:35.915, 616.04 W, 614.18 W, 1965 MHz, 3996 MHz, 100 %, 43
2026/10/03 15:32:36.015, 615.97 W, 616.10 W, 1965 MHz, 3996 MHz, 100 %, 43
2026/10/03 15:32:36.115, 615.97 W, 616.74 W, 1965 MHz, 3996 MHz, 100 %, 43
2026/10/03 15:32:36.215, 616.01 W, 617.38 W, 1965 MHz, 3996 MHz, 100 %, 43
2026/10/03 15:32:36.316, 616.19 W, 617.38 W, 1965 MHz, 3996 MHz, 100 %, 43
2026/10/03 15:32:36.416, 616.25 W, 616.10 W, 1965 MHz, 3996 MHz, 100 %, 43
2026/10/03 15:32:36.516, 616.27 W, 615.46 W, 1965 MHz, 3996 MHz, 100 %, 43
2026/10/03 15:32:36.616, 616.19 W, 612.85 W, 1965 MHz, 3996 MHz, 100 %, 43
2026/10/03 15:32:36.716, 616.15 W, 614.82 W, 1965 MHz, 3996 MHz, 100 %, 43
2026/10/03 15:32:36.816, 616.17 W, 617.38 W, 1965 MHz, 3996 MHz, 100 %, 43
2026/10/03 15:32:36.916, 616.19 W, 617.38 W, 1965 MHz, 3996 MHz, 100 %, 43
2026/10/03 15:32:37.016, 616.17 W, 616.10 W, 1965 MHz, 3996 MHz, 100 %, 43
2026/10/03 15:32:37.116, 616.07 W, 614.18 W, 1965 MHz, 3996 MHz, 100 %, 43
2026/10/03 15:32:37.216, 616.04 W, 615.46 W, 1965 MHz, 3996 MHz, 100 %, 43
2026/10/03 15:32:37.316, 615.99 W, 615.46 W, 1965 MHz, 3996 MHz, 100 %, 43
2026/10/03 15:32:37.416, 615.99 W, 616.10 W, 1965 MHz, 3996 MHz, 100 %, 43
2026/10/03 15:32:37.516, 616.07 W, 614.82 W, 1965 MHz, 3996 MHz, 100 %, 43
2026/10/03 15:32:37.616, 616.07 W, 617.38 W, 1965 MHz, 3996 MHz, 100 %, 43
2026/10/03 15:32:37.716, 616.16 W, 618.02 W, 1965 MHz, 3996 MHz, 100 %, 44
2026/10/03 15:32:37.817, 616.25 W, 614.82 W, 1965 MHz, 3996 MHz, 100 %, 44
2026/10/03 15:32:37.917, 616.39 W, 614.18 W, 1965 MHz, 3996 MHz, 100 %, 44
2026/10/03 15:32:38.017, 616.39 W, 614.18 W, 1965 MHz, 3996 MHz, 100 %, 44
2026/10/03 15:32:38.117, 616.50 W, 616.10 W, 1965 MHz, 3996 MHz, 100 %, 44
2026/10/03 15:32:38.217, 616.43 W, 617.38 W, 1965 MHz, 3996 MHz, 100 %, 44
2026/10/03 15:32:38.317, 616.34 W, 615.46 W, 1965 MHz, 3996 MHz, 100 %, 44
2026/10/03 15:32:38.417, 616.33 W, 618.02 W, 1965 MHz, 3996 MHz, 100 %, 44
2026/10/03 15:32:38.517, 616.35 W, 619.35 W, 1965 MHz, 3996 MHz, 100 %, 44
2026/10/03 15:32:38.617, 616.42 W, 617.38 W, 1965 MHz, 3996 MHz, 100 %, 44
2026/10/03 15:32:38.717, 616.38 W, 612.85 W, 1965 MHz, 3996 MHz, 100 %, 44
2026/10/03 15:32:38.817, 616.36 W, 614.82 W, 1965 MHz, 3996 MHz, 100 %, 44
2026/10/03 15:32:38.917, 616.35 W, 618.02 W, 1965 MHz, 3996 MHz, 100 %, 44
2026/10/03 15:32:39.017, 616.39 W, 617.38 W, 1965 MHz, 3996 MHz, 100 %, 44
2026/10/03 15:32:39.117, 616.41 W, 616.75 W, 1965 MHz, 3996 MHz, 100 %, 44
2026/10/03 15:32:39.218, 616.45 W, 615.46 W, 1965 MHz, 3996 MHz, 100 %, 44
2026/10/03 15:32:39.318, 616.39 W, 616.74 W, 1965 MHz, 3996 MHz, 100 %, 44
2026/10/03 15:32:39.418, 616.34 W, 615.46 W, 1965 MHz, 3996 MHz, 100 %, 44
2026/10/03 15:32:39.518, 616.28 W, 614.18 W, 1965 MHz, 3996 MHz, 100 %, 44
2026/10/03 15:32:39.618, 616.28 W, 614.18 W, 1965 MHz, 3996 MHz, 100 %, 44
2026/10/03 15:32:39.718, 616.45 W, 616.74 W, 1965 MHz, 3996 MHz, 100 %, 44
2026/10/03 15:32:39.818, 616.42 W, 616.75 W, 1965 MHz, 3996 MHz, 100 %, 44
2026/10/03 15:32:39.918, 616.48 W, 616.10 W, 1965 MHz, 3996 MHz, 100 %, 44
2026/10/03 15:32:40.018, 616.53 W, 614.18 W, 1965 MHz, 3996 MHz, 100 %, 44
2026/10/03 15:32:40.118, 616.65 W, 615.46 W, 1965 MHz, 3996 MHz, 100 %, 44
2026/10/03 15:32:40.218, 616.70 W, 617.38 W, 1965 MHz, 3996 MHz, 100 %, 44
2026/10/03 15:32:40.318, 616.72 W, 617.38 W, 1965 MHz, 3996 MHz, 100 %, 44
2026/10/03 15:32:40.418, 616.78 W, 616.10 W, 1965 MHz, 3996 MHz, 100 %, 44
2026/10/03 15:32:40.518, 616.68 W, 612.85 W, 1965 MHz, 3996 MHz, 100 %, 44
2026/10/03 15:32:40.619, 586.82 W, 249.17 W, 1965 MHz, 3996 MHz, 100 %, 39
2026/10/03 15:32:40.719, 556.31 W, 248.47 W, 1965 MHz, 3996 MHz, 0 %, 38
2026/10/03 15:32:40.819, 519.32 W, 245.91 W, 1965 MHz, 3996 MHz, 0 %, 37
2026/10/03 15:32:40.919, 519.32 W, 245.91 W, 1965 MHz, 3996 MHz, 0 %, 37
2026/10/03 15:32:41.019, 467.87 W, 248.09 W, 1965 MHz, 3996 MHz, 0 %, 37
2026/10/03 15:32:41.119, 430.47 W, 244.63 W, 1965 MHz, 3996 MHz, 0 %, 36
2026/10/03 15:32:41.219, 397.91 W, 244.63 W, 1965 MHz, 3996 MHz, 0 %, 36
2026/10/03 15:32:41.319, 361.43 W, 242.66 W, 1965 MHz, 3996 MHz, 0 %, 36
2026/10/03 15:32:41.419, 319.13 W, 244.63 W, 1965 MHz, 3996 MHz, 0 %, 35
2026/10/03 15:32:41.519, 281.92 W, 245.27 W, 1965 MHz, 3996 MHz, 0 %, 35
2026/10/03 15:32:41.619, 247.15 W, 243.30 W, 1965 MHz, 3996 MHz, 0 %, 35
2026/10/03 15:32:41.719, 245.41 W, 242.92 W, 1965 MHz, 3996 MHz, 0 %, 35
2026/10/03 15:32:41.819, 244.82 W, 242.27 W, 1965 MHz, 3996 MHz, 0 %, 35
2026/10/03 15:32:41.919, 244.52 W, 241.38 W, 1965 MHz, 3996 MHz, 0 %, 34
2026/10/03 15:32:42.020, 243.99 W, 242.01 W, 1965 MHz, 3996 MHz, 0 %, 34
2026/10/03 15:32:42.120, 243.56 W, 242.01 W, 1965 MHz, 3996 MHz, 0 %, 34
2026/10/03 15:32:42.220, 268.53 W, 698.21 W, 1965 MHz, 3996 MHz, 2 %, 37
2026/10/03 15:32:42.320, 315.02 W, 711.11 W, 1965 MHz, 3996 MHz, 2 %, 39
2026/10/03 15:32:42.420, 359.58 W, 707.28 W, 1965 MHz, 3996 MHz, 100 %, 40
2026/10/03 15:32:42.520, 405.38 W, 714.36 W, 1965 MHz, 3996 MHz, 100 %, 41
2026/10/03 15:32:42.620, 451.68 W, 718.25 W, 1965 MHz, 3996 MHz, 100 %, 41
2026/10/03 15:32:42.720, 502.42 W, 711.80 W, 1965 MHz, 3996 MHz, 100 %, 42
2026/10/03 15:32:42.820, 549.92 W, 719.53 W, 1965 MHz, 3996 MHz, 100 %, 42
2026/10/03 15:32:42.920, 597.00 W, 711.80 W, 1965 MHz, 3996 MHz, 100 %, 43
2026/10/03 15:32:43.020, 636.50 W, 722.78 W, 1965 MHz, 3996 MHz, 100 %, 43
2026/10/03 15:32:43.120, 691.61 W, 711.80 W, 1965 MHz, 3996 MHz, 100 %, 43
2026/10/03 15:32:43.220, 714.54 W, 723.42 W, 1965 MHz, 3996 MHz, 100 %, 43
2026/10/03 15:32:43.320, 714.93 W, 709.83 W, 1965 MHz, 3996 MHz, 100 %, 44
2026/10/03 15:32:43.420, 715.41 W, 721.51 W, 1965 MHz, 3996 MHz, 100 %, 44
2026/10/03 15:32:43.521, 715.82 W, 709.19 W, 1965 MHz, 3996 MHz, 100 %, 44
2026/10/03 15:32:43.621, 715.92 W, 715.64 W, 1965 MHz, 3996 MHz, 100 %, 44
2026/10/03 15:32:43.721, 716.39 W, 718.25 W, 1965 MHz, 3996 MHz, 100 %, 44
2026/10/03 15:32:43.821, 716.70 W, 716.34 W, 1965 MHz, 3996 MHz, 100 %, 44
2026/10/03 15:32:43.921, 717.03 W, 722.78 W, 1965 MHz, 3996 MHz, 100 %, 44
2026/10/03 15:32:44.021, 716.91 W, 715.00 W, 1965 MHz, 3996 MHz, 100 %, 44
2026/10/03 15:32:44.121, 717.15 W, 711.80 W, 1965 MHz, 3996 MHz, 100 %, 44
2026/10/03 15:32:44.221, 717.19 W, 713.72 W, 1965 MHz, 3996 MHz, 100 %, 45
2026/10/03 15:32:44.321, 717.33 W, 726.67 W, 1965 MHz, 3996 MHz, 100 %, 45
2026/10/03 15:32:44.421, 717.41 W, 713.72 W, 1965 MHz, 3996 MHz, 100 %, 45
2026/10/03 15:32:44.521, 717.33 W, 724.70 W, 1965 MHz, 3996 MHz, 100 %, 45
2026/10/03 15:32:44.621, 717.59 W, 716.97 W, 1965 MHz, 3996 MHz, 100 %, 45
2026/10/03 15:32:44.721, 718.00 W, 724.70 W, 1965 MHz, 3996 MHz, 100 %, 45
2026/10/03 15:32:44.821, 717.86 W, 711.11 W, 1965 MHz, 3996 MHz, 100 %, 45
2026/10/03 15:32:44.922, 717.79 W, 725.34 W, 1965 MHz, 3996 MHz, 100 %, 45
2026/10/03 15:32:45.022, 717.96 W, 713.09 W, 1965 MHz, 3996 MHz, 100 %, 45
2026/10/03 15:32:45.122, 718.20 W, 723.94 W, 1965 MHz, 3996 MHz, 100 %, 45
2026/10/03 15:32:45.222, 718.10 W, 713.09 W, 1965 MHz, 3996 MHz, 100 %, 45
2026/10/03 15:32:45.322, 718.07 W, 720.81 W, 1965 MHz, 3996 MHz, 100 %, 45
2026/10/03 15:32:45.422, 718.46 W, 715.64 W, 1965 MHz, 3996 MHz, 100 %, 45
2026/10/03 15:32:45.522, 718.42 W, 720.17 W, 1965 MHz, 3996 MHz, 100 %, 45
2026/10/03 15:32:45.622, 718.46 W, 713.09 W, 1965 MHz, 3996 MHz, 100 %, 45
2026/10/03 15:32:45.722, 718.21 W, 717.61 W, 1965 MHz, 3996 MHz, 100 %, 45
2026/10/03 15:32:45.822, 718.61 W, 724.70 W, 1965 MHz, 3996 MHz, 100 %, 45
2026/10/03 15:32:45.922, 718.50 W, 716.34 W, 1965 MHz, 3996 MHz, 100 %, 45
2026/10/03 15:32:46.022, 718.73 W, 725.34 W, 1965 MHz, 3996 MHz, 100 %, 45
2026/10/03 15:32:46.122, 718.68 W, 715.00 W, 1965 MHz, 3996 MHz, 100 %, 45
2026/10/03 15:32:46.222, 718.86 W, 726.67 W, 1965 MHz, 3996 MHz, 100 %, 45
2026/10/03 15:32:46.322, 719.01 W, 715.58 W, 1965 MHz, 3996 MHz, 100 %, 45
2026/10/03 15:32:46.423, 719.31 W, 724.70 W, 1965 MHz, 3996 MHz, 100 %, 45
2026/10/03 15:32:46.523, 719.50 W, 718.89 W, 1965 MHz, 3996 MHz, 100 %, 45
2026/10/03 15:32:46.623, 719.64 W, 722.14 W, 1965 MHz, 3996 MHz, 100 %, 45
2026/10/03 15:32:46.723, 720.24 W, 724.70 W, 1965 MHz, 3996 MHz, 100 %, 45
2026/10/03 15:32:46.823, 720.23 W, 717.61 W, 1965 MHz, 3996 MHz, 100 %, 45
2026/10/03 15:32:46.923, 720.78 W, 729.74 W, 1965 MHz, 3996 MHz, 100 %, 45
2026/10/03 15:32:47.023, 721.14 W, 717.61 W, 1965 MHz, 3996 MHz, 100 %, 45
2026/10/03 15:32:47.123, 721.51 W, 725.34 W, 1965 MHz, 3996 MHz, 100 %, 46
2026/10/03 15:32:47.223, 721.94 W, 721.51 W, 1965 MHz, 3996 MHz, 100 %, 46
2026/10/03 15:32:47.323, 722.15 W, 721.51 W, 1965 MHz, 3996 MHz, 100 %, 46
2026/10/03 15:32:47.423, 722.42 W, 726.67 W, 1965 MHz, 3996 MHz, 100 %, 46
2026/10/03 15:32:47.523, 722.43 W, 718.89 W, 1965 MHz, 3996 MHz, 100 %, 46
2026/10/03 15:32:47.623, 722.55 W, 727.95 W, 1965 MHz, 3996 MHz, 100 %, 46
2026/10/03 15:32:47.723, 722.39 W, 717.61 W, 1965 MHz, 3996 MHz, 100 %, 46
2026/10/03 15:32:47.823, 722.43 W, 722.02 W, 1965 MHz, 3996 MHz, 100 %, 46
2026/10/03 15:32:47.924, 722.52 W, 721.51 W, 1965 MHz, 3996 MHz, 100 %, 46
2026/10/03 15:32:48.024, 722.46 W, 722.14 W, 1965 MHz, 3996 MHz, 100 %, 46
2026/10/03 15:32:48.124, 722.63 W, 724.58 W, 1965 MHz, 3996 MHz, 100 %, 46
2026/10/03 15:32:48.224, 722.34 W, 718.89 W, 1965 MHz, 3996 MHz, 100 %, 46
2026/10/03 15:32:48.324, 722.36 W, 726.03 W, 1965 MHz, 3996 MHz, 100 %, 46
2026/10/03 15:32:48.424, 722.18 W, 719.53 W, 1965 MHz, 3996 MHz, 100 %, 46
2026/10/03 15:32:48.524, 722.41 W, 724.06 W, 1965 MHz, 3996 MHz, 100 %, 46
2026/10/03 15:32:48.624, 722.44 W, 725.34 W, 1965 MHz, 3996 MHz, 100 %, 46
2026/10/03 15:32:48.724, 722.42 W, 719.53 W, 1965 MHz, 3996 MHz, 100 %, 46
2026/10/03 15:32:48.824, 722.83 W, 729.23 W, 1965 MHz, 3996 MHz, 100 %, 46
2026/10/03 15:32:48.924, 722.60 W, 716.97 W, 1965 MHz, 3996 MHz, 100 %, 46
2026/10/03 15:32:49.024, 722.71 W, 726.03 W, 1965 MHz, 3996 MHz, 100 %, 46
2026/10/03 15:32:49.124, 722.53 W, 722.78 W, 1965 MHz, 3996 MHz, 100 %, 46
2026/10/03 15:32:49.224, 722.64 W, 722.14 W, 1965 MHz, 3996 MHz, 100 %, 46
2026/10/03 15:32:49.324, 722.78 W, 726.03 W, 1965 MHz, 3996 MHz, 100 %, 46
2026/10/03 15:32:49.425, 722.75 W, 719.53 W, 1965 MHz, 3996 MHz, 100 %, 46
2026/10/03 15:32:49.525, 722.81 W, 728.59 W, 1965 MHz, 3996 MHz, 100 %, 46
2026/10/03 15:32:49.625, 722.64 W, 717.61 W, 1965 MHz, 3996 MHz, 100 %, 46
2026/10/03 15:32:49.725, 722.65 W, 723.42 W, 1965 MHz, 3996 MHz, 100 %, 46
2026/10/03 15:32:49.825, 722.51 W, 721.51 W, 1965 MHz, 3996 MHz, 100 %, 46
2026/10/03 15:32:49.925, 722.55 W, 722.78 W, 1965 MHz, 3996 MHz, 100 %, 46
2026/10/03 15:32:50.025, 722.85 W, 729.86 W, 1965 MHz, 3996 MHz, 100 %, 46
2026/10/03 15:32:50.125, 722.71 W, 716.97 W, 1965 MHz, 3996 MHz, 100 %, 46
2026/10/03 15:32:50.225, 722.81 W, 726.67 W, 1965 MHz, 3996 MHz, 100 %, 46
2026/10/03 15:32:50.325, 722.75 W, 720.81 W, 1965 MHz, 3996 MHz, 100 %, 46
2026/10/03 15:32:50.425, 722.67 W, 720.81 W, 1965 MHz, 3996 MHz, 100 %, 46
2026/10/03 15:32:50.525, 722.91 W, 727.95 W, 1965 MHz, 3996 MHz, 100 %, 46
2026/10/03 15:32:50.625, 722.77 W, 718.89 W, 1965 MHz, 3996 MHz, 100 %, 46
2026/10/03 15:32:50.725, 723.17 W, 729.86 W, 1965 MHz, 3996 MHz, 100 %, 46
2026/10/03 15:32:50.826, 723.13 W, 716.34 W, 1965 MHz, 3996 MHz, 100 %, 46
2026/10/03 15:32:50.926, 723.21 W, 726.67 W, 1965 MHz, 3996 MHz, 100 %, 46
2026/10/03 15:32:51.026, 723.05 W, 718.25 W, 1965 MHz, 3996 MHz, 100 %, 46
2026/10/03 15:32:51.126, 723.15 W, 723.42 W, 1965 MHz, 3996 MHz, 100 %, 46
2026/10/03 15:32:51.226, 723.22 W, 723.42 W, 1965 MHz, 3996 MHz, 100 %, 46
2026/10/03 15:32:51.326, 723.10 W, 719.53 W, 1965 MHz, 3996 MHz, 100 %, 46
2026/10/03 15:32:51.426, 723.57 W, 732.48 W, 1965 MHz, 3996 MHz, 100 %, 46
2026/10/03 15:32:51.526, 723.35 W, 717.61 W, 1965 MHz, 3996 MHz, 100 %, 46
2026/10/03 15:32:51.626, 723.34 W, 723.94 W, 1965 MHz, 3996 MHz, 100 %, 46
2026/10/03 15:32:51.726, 723.27 W, 720.17 W, 1965 MHz, 3996 MHz, 100 %, 46
2026/10/03 15:32:51.826, 722.92 W, 723.42 W, 1965 MHz, 3996 MHz, 100 %, 46
2026/10/03 15:32:51.926, 723.04 W, 726.03 W, 1965 MHz, 3996 MHz, 100 %, 46
2026/10/03 15:32:52.026, 723.02 W, 718.89 W, 1965 MHz, 3996 MHz, 100 %, 46
2026/10/03 15:32:52.126, 723.06 W, 727.95 W, 1965 MHz, 3996 MHz, 100 %, 46
2026/10/03 15:32:52.226, 690.34 W, 251.73 W, 1965 MHz, 3996 MHz, 100 %, 43
2026/10/03 15:32:52.327, 644.16 W, 248.47 W, 1965 MHz, 3996 MHz, 100 %, 40
2026/10/03 15:32:52.427, 595.43 W, 247.19 W, 1965 MHz, 3996 MHz, 0 %, 39
2026/10/03 15:32:52.527, 548.11 W, 246.17 W, 1965 MHz, 3996 MHz, 0 %, 39
2026/10/03 15:32:52.627, 500.31 W, 245.27 W, 1965 MHz, 3996 MHz, 0 %, 38
2026/10/03 15:32:52.727, 452.94 W, 244.89 W, 1965 MHz, 3996 MHz, 0 %, 37
2026/10/03 15:32:52.827, 405.62 W, 243.99 W, 1965 MHz, 3996 MHz, 0 %, 37
2026/10/03 15:32:52.927, 364.98 W, 243.99 W, 1965 MHz, 3996 MHz, 0 %, 37
2026/10/03 15:32:53.027, 318.07 W, 243.99 W, 1965 MHz, 3996 MHz, 0 %, 36
2026/10/03 15:32:53.127, 262.02 W, 244.25 W, 1965 MHz, 3996 MHz, 0 %, 36
2026/10/03 15:32:53.227, 245.75 W, 243.99 W, 1965 MHz, 3996 MHz, 0 %, 36
2026/10/03 15:32:53.327, 245.21 W, 246.17 W, 1965 MHz, 3996 MHz, 0 %, 36
2026/10/03 15:32:53.427, 244.76 W, 244.25 W, 1965 MHz, 3996 MHz, 0 %, 35
2026/10/03 15:32:53.527, 244.40 W, 242.66 W, 1965 MHz, 3996 MHz, 0 %, 35
2026/10/03 15:32:53.627, 244.04 W, 243.55 W, 1965 MHz, 3996 MHz, 0 %, 35
2026/10/03 15:32:53.728, 243.85 W, 243.30 W, 1965 MHz, 3996 MHz, 0 %, 35
2026/10/03 15:32:53.828, 243.68 W, 242.92 W, 1965 MHz, 3996 MHz, 0 %, 35
2026/10/03 15:32:53.928, 243.50 W, 242.66 W, 1965 MHz, 3996 MHz, 0 %, 35
2026/10/03 15:32:54.028, 243.27 W, 242.01 W, 1965 MHz, 3996 MHz, 0 %, 34
2026/10/03 15:32:54.128, 243.12 W, 243.30 W, 1965 MHz, 3996 MHz, 0 %, 34
2026/10/03 15:32:54.228, 243.01 W, 242.66 W, 1965 MHz, 3996 MHz, 0 %, 34
2026/10/03 15:32:54.328, 243.05 W, 243.99 W, 1965 MHz, 3996 MHz, 0 %, 34
2026/10/03 15:32:54.428, 241.95 W, 217.66 W, 1582 MHz, 3996 MHz, 0 %, 34
2026/10/03 15:32:54.528, 239.23 W, 214.87 W, 1582 MHz, 3996 MHz, 0 %, 34
2026/10/03 15:32:54.628, 235.94 W, 207.72 W, 1447 MHz, 3996 MHz, 0 %, 34
2026/10/03 15:32:54.728, 232.60 W, 208.35 W, 1455 MHz, 3996 MHz, 0 %, 34
2026/10/03 15:32:54.828, 228.89 W, 206.44 W, 1350 MHz, 3996 MHz, 0 %, 33
2026/10/03 15:32:54.928, 225.29 W, 206.66 W, 1350 MHz, 3996 MHz, 0 %, 33
2026/10/03 15:32:55.028, 221.58 W, 204.04 W, 1252 MHz, 3996 MHz, 0 %, 33
2026/10/03 15:32:55.129, 218.30 W, 204.68 W, 1252 MHz, 3996 MHz, 0 %, 33
2026/10/03 15:32:55.229, 213.92 W, 204.04 W, 1222 MHz, 3996 MHz, 0 %, 33
2026/10/03 15:32:55.329, 209.90 W, 203.19 W, 1222 MHz, 3996 MHz, 0 %, 33
2026/10/03 15:32:55.429, 206.98 W, 203.82 W, 1200 MHz, 3996 MHz, 0 %, 33
2026/10/03 15:32:55.529, 205.70 W, 202.75 W, 1200 MHz, 3996 MHz, 0 %, 33
2026/10/03 15:32:55.629, 204.71 W, 202.11 W, 1170 MHz, 3996 MHz, 0 %, 33
2026/10/03 15:32:55.729, 204.04 W, 207.29 W, 1170 MHz, 3996 MHz, 0 %, 33
2026/10/03 15:32:55.829, 207.21 W, 240.99 W, 1965 MHz, 3996 MHz, 0 %, 33
2026/10/03 15:32:55.929, 210.59 W, 240.74 W, 1965 MHz, 3996 MHz, 0 %, 33
2026/10/03 15:32:56.029, 214.10 W, 240.74 W, 1965 MHz, 3996 MHz, 0 %, 33
2026/10/03 15:32:56.129, 217.71 W, 240.74 W, 1965 MHz, 3996 MHz, 0 %, 33
2026/10/03 15:32:56.229, 221.29 W, 240.99 W, 1965 MHz, 3996 MHz, 0 %, 33
2026/10/03 15:32:56.329, 225.36 W, 240.99 W, 1965 MHz, 3996 MHz, 0 %, 33
2026/10/03 15:32:56.429, 228.61 W, 240.99 W, 1965 MHz, 3996 MHz, 0 %, 33
2026/10/03 15:32:56.530, 232.29 W, 240.35 W, 1965 MHz, 3996 MHz, 0 %, 33
2026/10/03 15:32:56.630, 236.08 W, 240.74 W, 1965 MHz, 3996 MHz, 0 %, 33
2026/10/03 15:32:56.730, 239.85 W, 240.99 W, 1965 MHz, 3996 MHz, 0 %, 33
2026/10/03 15:32:56.830, 240.76 W, 240.99 W, 1965 MHz, 3996 MHz, 0 %, 33
2026/10/03 15:32:56.930, 240.80 W, 240.74 W, 1965 MHz, 3996 MHz, 0 %, 33
2026/10/03 15:32:57.030, 240.76 W, 240.35 W, 1965 MHz, 3996 MHz, 0 %, 33
2026/10/03 15:32:57.130, 240.70 W, 240.74 W, 1965 MHz, 3996 MHz, 0 %, 33
2026/10/03 15:32:57.230, 240.68 W, 240.74 W, 1965 MHz, 3996 MHz, 0 %, 33
2026/10/03 15:32:57.330, 240.67 W, 240.99 W, 1965 MHz, 3996 MHz, 0 %, 33
2026/10/03 15:32:57.430, 240.66 W, 240.99 W, 1965 MHz, 3996 MHz, 0 %, 33
2026/10/03 15:32:57.530, 240.66 W, 240.35 W, 1965 MHz, 3996 MHz, 0 %, 33
2026/10/03 15:32:57.630, 240.68 W, 240.10 W, 1965 MHz, 3996 MHz, 0 %, 33
2026/10/03 15:32:57.730, 240.64 W, 240.74 W, 1965 MHz, 3996 MHz, 0 %, 33
2026/10/03 15:32:57.830, 240.57 W, 240.10 W, 1965 MHz, 3996 MHz, 0 %, 33
2026/10/03 15:32:57.930, 240.50 W, 240.35 W, 1965 MHz, 3996 MHz, 0 %, 33
2026/10/03 15:32:58.031, 240.47 W, 240.10 W, 1965 MHz, 3996 MHz, 0 %, 33
2026/10/03 15:32:58.131, 240.52 W, 240.35 W, 1965 MHz, 3996 MHz, 0 %, 33
2026/10/03 15:32:58.231, 240.77 W, 253.00 W, 1965 MHz, 3996 MHz, 1 %, 33
2026/10/03 15:32:58.331, 263.36 W, 709.83 W, 1965 MHz, 3996 MHz, 1 %, 33
2026/10/03 15:32:58.431, 310.06 W, 712.44 W, 1965 MHz, 3996 MHz, 100 %, 37
2026/10/03 15:32:58.531, 358.06 W, 718.25 W, 1965 MHz, 3996 MHz, 100 %, 38
2026/10/03 15:32:58.631, 406.28 W, 727.31 W, 1965 MHz, 3996 MHz, 100 %, 39
2026/10/03 15:32:58.731, 454.18 W, 717.61 W, 1965 MHz, 3996 MHz, 100 %, 40
2026/10/03 15:32:58.831, 502.22 W, 728.59 W, 1965 MHz, 3996 MHz, 100 %, 41
2026/10/03 15:32:58.931, 550.41 W, 715.00 W, 1965 MHz, 3996 MHz, 100 %, 41
2026/10/03 15:32:59.031, 598.54 W, 729.23 W, 1965 MHz, 3996 MHz, 100 %, 42
2026/10/03 15:32:59.131, 638.54 W, 724.70 W, 1965 MHz, 3996 MHz, 100 %, 42
2026/10/03 15:32:59.231, 694.36 W, 717.61 W, 1965 MHz, 3996 MHz, 100 %, 42
2026/10/03 15:32:59.331, 721.09 W, 729.86 W, 1965 MHz, 3996 MHz, 100 %, 42
2026/10/03 15:32:59.431, 721.64 W, 717.61 W, 1965 MHz, 3996 MHz, 100 %, 43
2026/10/03 15:32:59.532, 722.63 W, 727.31 W, 1965 MHz, 3996 MHz, 100 %, 43
2026/10/03 15:32:59.632, 723.04 W, 720.17 W, 1965 MHz, 3996 MHz, 100 %, 43
2026/10/03 15:32:59.732, 723.40 W, 721.51 W, 1965 MHz, 3996 MHz, 100 %, 43
2026/10/03 15:32:59.832, 724.14 W, 737.01 W, 1965 MHz, 3996 MHz, 100 %, 43
2026/10/03 15:32:59.932, 723.93 W, 717.61 W, 1965 MHz, 3996 MHz, 100 %, 44
2026/10/03 15:33:00.032, 724.50 W, 726.03 W, 1965 MHz, 3996 MHz, 100 %, 44
2026/10/03 15:33:00.132, 724.64 W, 721.51 W, 1965 MHz, 3996 MHz, 100 %, 44
2026/10/03 15:33:00.232, 724.76 W, 722.78 W, 1965 MHz, 3996 MHz, 100 %, 44
2026/10/03 15:33:00.332, 725.02 W, 731.84 W, 1965 MHz, 3996 MHz, 100 %, 44
2026/10/03 15:33:00.432, 725.24 W, 722.14 W, 1965 MHz, 3996 MHz, 100 %, 44
2026/10/03 15:33:00.532, 725.00 W, 731.84 W, 1965 MHz, 3996 MHz, 100 %, 44
2026/10/03 15:33:00.632, 725.05 W, 723.42 W, 1965 MHz, 3996 MHz, 100 %, 44
2026/10/03 15:33:00.732, 725.21 W, 727.31 W, 1965 MHz, 3996 MHz, 100 %, 44
2026/10/03 15:33:00.832, 725.38 W, 731.20 W, 1965 MHz, 3996 MHz, 100 %, 44
2026/10/03 15:33:00.933, 725.01 W, 718.89 W, 1965 MHz, 3996 MHz, 100 %, 44
2026/10/03 15:33:01.033, 725.41 W, 731.84 W, 1965 MHz, 3996 MHz, 100 %, 45
2026/10/03 15:33:01.133, 725.47 W, 722.14 W, 1965 MHz, 3996 MHz, 100 %, 45
2026/10/03 15:33:01.233, 725.71 W, 724.70 W, 1965 MHz, 3996 MHz, 100 %, 45
2026/10/03 15:33:01.333, 725.80 W, 727.31 W, 1965 MHz, 3996 MHz, 100 %, 45
2026/10/03 15:33:01.433, 725.74 W, 719.53 W, 1965 MHz, 3996 MHz, 100 %, 45
2026/10/03 15:33:01.533, 726.37 W, 729.23 W, 1965 MHz, 3996 MHz, 100 %, 45
2026/10/03 15:33:01.633, 726.27 W, 721.51 W, 1965 MHz, 3996 MHz, 100 %, 45
2026/10/03 15:33:01.733, 726.42 W, 723.42 W, 1965 MHz, 3996 MHz, 100 %, 45
2026/10/03 15:33:01.833, 726.60 W, 735.73 W, 1965 MHz, 3996 MHz, 100 %, 45
2026/10/03 15:33:01.933, 726.73 W, 723.42 W, 1965 MHz, 3996 MHz, 100 %, 45
2026/10/03 15:33:02.033, 726.84 W, 732.99 W, 1965 MHz, 3996 MHz, 100 %, 45
2026/10/03 15:33:02.133, 727.06 W, 731.20 W, 1965 MHz, 3996 MHz, 100 %, 45
2026/10/03 15:33:02.233, 727.35 W, 729.23 W, 1965 MHz, 3996 MHz, 100 %, 45
2026/10/03 15:33:02.334, 727.90 W, 735.46 W, 1965 MHz, 3996 MHz, 100 %, 45
2026/10/03 15:33:02.434, 728.35 W, 728.46 W, 1965 MHz, 3996 MHz, 100 %, 45
2026/10/03 15:33:02.534, 728.78 W, 738.15 W, 1965 MHz, 3996 MHz, 100 %, 45
2026/10/03 15:33:02.634, 729.24 W, 725.90 W, 1965 MHz, 3996 MHz, 100 %, 45
2026/10/03 15:33:02.734, 729.45 W, 734.26 W, 1965 MHz, 3996 MHz, 100 %, 45
2026/10/03 15:33:02.834, 730.32 W, 735.59 W, 1965 MHz, 3996 MHz, 100 %, 45
2026/10/03 15:33:02.934, 730.31 W, 721.89 W, 1965 MHz, 3996 MHz, 100 %, 45
2026/10/03 15:33:03.034, 730.86 W, 738.15 W, 1965 MHz, 3996 MHz, 100 %, 45
2026/10/03 15:33:03.134, 731.03 W, 725.90 W, 1965 MHz, 3996 MHz, 100 %, 45
2026/10/03 15:33:03.234, 731.18 W, 728.46 W, 1965 MHz, 3996 MHz, 100 %, 45
2026/10/03 15:33:03.334, 731.20 W, 733.62 W, 1965 MHz, 3996 MHz, 100 %, 45
2026/10/03 15:33:03.434, 731.23 W, 722.66 W, 1965 MHz, 3996 MHz, 100 %, 45
2026/10/03 15:33:03.534, 731.14 W, 730.43 W, 1965 MHz, 3996 MHz, 100 %, 45
2026/10/03 15:33:03.634, 731.07 W, 728.59 W, 1965 MHz, 3996 MHz, 100 %, 46
2026/10/03 15:33:03.734, 731.15 W, 728.46 W, 1965 MHz, 3996 MHz, 100 %, 46
2026/10/03 15:33:03.835, 730.88 W, 740.76 W, 1965 MHz, 3996 MHz, 100 %, 46
2026/10/03 15:33:03.935, 730.96 W, 723.94 W, 1965 MHz, 3996 MHz, 100 %, 46
2026/10/03 15:33:04.035, 730.88 W, 731.07 W, 1965 MHz, 3996 MHz, 100 %, 46
2026/10/03 15:33:04.135, 730.87 W, 738.79 W, 1965 MHz, 3996 MHz, 100 %, 46
2026/10/03 15:33:04.235, 730.80 W, 728.46 W, 1965 MHz, 3996 MHz, 100 %, 46
2026/10/03 15:33:04.335, 730.92 W, 739.42 W, 1965 MHz, 3996 MHz, 100 %, 46
2026/10/03 15:33:04.435, 730.91 W, 726.55 W, 1965 MHz, 3996 MHz, 100 %, 46
2026/10/03 15:33:04.535, 730.70 W, 735.59 W, 1965 MHz, 3996 MHz, 100 %, 46
2026/10/03 15:33:04.635, 730.91 W, 734.96 W, 1965 MHz, 3996 MHz, 100 %, 46
2026/10/03 15:33:04.735, 730.79 W, 728.46 W, 1965 MHz, 3996 MHz, 100 %, 46
2026/10/03 15:33:04.835, 731.27 W, 736.87 W, 1965 MHz, 3996 MHz, 100 %, 46
2026/10/03 15:33:04.935, 731.08 W, 723.29 W, 1965 MHz, 3996 MHz, 100 %, 46
2026/10/03 15:33:05.035, 731.18 W, 736.23 W, 1965 MHz, 3996 MHz, 100 %, 46
2026/10/03 15:33:05.135, 731.36 W, 729.74 W, 1965 MHz, 3996 MHz, 100 %, 46
2026/10/03 15:33:05.236, 731.09 W, 722.02 W, 1965 MHz, 3996 MHz, 100 %, 46
2026/10/03 15:33:05.336, 731.30 W, 736.87 W, 1965 MHz, 3996 MHz, 100 %, 46
2026/10/03 15:33:05.436, 731.13 W, 726.55 W, 1965 MHz, 3996 MHz, 100 %, 46
2026/10/03 15:33:05.536, 731.48 W, 730.43 W, 1965 MHz, 3996 MHz, 100 %, 46
2026/10/03 15:33:05.636, 731.19 W, 730.43 W, 1965 MHz, 3996 MHz, 100 %, 46
2026/10/03 15:33:05.736, 731.55 W, 724.58 W, 1965 MHz, 3996 MHz, 100 %, 46
2026/10/03 15:33:05.836, 731.41 W, 733.62 W, 1965 MHz, 3996 MHz, 100 %, 46
2026/10/03 15:33:05.936, 731.43 W, 727.82 W, 1965 MHz, 3996 MHz, 100 %, 46
2026/10/03 15:33:06.036, 731.66 W, 728.46 W, 1965 MHz, 3996 MHz, 100 %, 46
2026/10/03 15:33:06.136, 731.66 W, 739.42 W, 1965 MHz, 3996 MHz, 100 %, 46
2026/10/03 15:33:06.236, 731.97 W, 725.27 W, 1965 MHz, 3996 MHz, 100 %, 46
2026/10/03 15:33:06.336, 731.87 W, 737.51 W, 1965 MHz, 3996 MHz, 100 %, 46
2026/10/03 15:33:06.436, 732.22 W, 735.59 W, 1965 MHz, 3996 MHz, 100 %, 46
2026/10/03 15:33:06.536, 731.95 W, 729.74 W, 1965 MHz, 3996 MHz, 100 %, 46
2026/10/03 15:33:06.636, 732.10 W, 738.15 W, 1965 MHz, 3996 MHz, 100 %, 46
2026/10/03 15:33:06.737, 732.01 W, 724.58 W, 1965 MHz, 3996 MHz, 100 %, 46
2026/10/03 15:33:06.837, 732.03 W, 737.51 W, 1965 MHz, 3996 MHz, 100 %, 46
2026/10/03 15:33:06.937, 732.11 W, 729.74 W, 1965 MHz, 3996 MHz, 100 %, 46
2026/10/03 15:33:07.037, 732.12 W, 726.55 W, 1965 MHz, 3996 MHz, 100 %, 46
2026/10/03 15:33:07.137, 732.15 W, 738.15 W, 1965 MHz, 3996 MHz, 100 %, 46
2026/10/03 15:33:07.237, 731.77 W, 724.58 W, 1965 MHz, 3996 MHz, 100 %, 46
2026/10/03 15:33:07.337, 732.15 W, 738.15 W, 1965 MHz, 3996 MHz, 100 %, 46
2026/10/03 15:33:07.437, 731.78 W, 729.09 W, 1965 MHz, 3996 MHz, 100 %, 46
2026/10/03 15:33:07.537, 731.87 W, 725.27 W, 1965 MHz, 3996 MHz, 100 %, 46
2026/10/03 15:33:07.637, 732.01 W, 736.87 W, 1965 MHz, 3996 MHz, 100 %, 46
2026/10/03 15:33:07.737, 731.98 W, 725.90 W, 1965 MHz, 3996 MHz, 100 %, 46
2026/10/03 15:33:07.837, 732.10 W, 731.70 W, 1965 MHz, 3996 MHz, 100 %, 46
2026/10/03 15:33:07.937, 731.96 W, 731.07 W, 1965 MHz, 3996 MHz, 100 %, 46
2026/10/03 15:33:08.037, 732.19 W, 725.27 W, 1965 MHz, 3996 MHz, 100 %, 46
2026/10/03 15:33:08.138, 732.30 W, 737.51 W, 1965 MHz, 3996 MHz, 100 %, 46
2026/10/03 15:33:08.238, 732.42 W, 727.18 W, 1965 MHz, 3996 MHz, 100 %, 46
2026/10/03 15:33:08.338, 724.59 W, 368.48 W, 1965 MHz, 3996 MHz, 100 %, 46
2026/10/03 15:33:08.438, 677.71 W, 250.44 W, 1965 MHz, 3996 MHz, 0 %, 42
2026/10/03 15:33:08.538, 629.13 W, 249.54 W, 1965 MHz, 3996 MHz, 0 %, 40
2026/10/03 15:33:08.638, 580.58 W, 248.21 W, 1965 MHz, 3996 MHz, 0 %, 39
2026/10/03 15:33:08.738, 532.37 W, 248.90 W, 1965 MHz, 3996 MHz, 0 %, 38
2026/10/03 15:33:08.838, 489.02 W, 245.91 W, 1965 MHz, 3996 MHz, 0 %, 38
2026/10/03 15:33:08.938, 435.46 W, 246.93 W, 1965 MHz, 3996 MHz, 0 %, 37
2026/10/03 15:33:09.038, 376.97 W, 246.93 W, 1965 MHz, 3996 MHz, 0 %, 37
2026/10/03 15:33:09.138, 328.33 W, 245.27 W, 1965 MHz, 3996 MHz, 0 %, 36
2026/10/03 15:33:09.238, 288.58 W, 245.27 W, 1965 MHz, 3996 MHz, 0 %, 36
2026/10/03 15:33:09.338, 247.86 W, 244.63 W, 1965 MHz, 3996 MHz, 0 %, 36
2026/10/03 15:33:09.438, 246.58 W, 243.73 W, 1965 MHz, 3996 MHz, 0 %, 36
2026/10/03 15:33:09.538, 245.95 W, 243.73 W, 1965 MHz, 3996 MHz, 0 %, 35
2026/10/03 15:33:09.639, 245.59 W, 243.04 W, 1965 MHz, 3996 MHz, 0 %, 35
2026/10/03 15:33:09.739, 244.99 W, 243.30 W, 1965 MHz, 3996 MHz, 0 %, 35
2026/10/03 15:33:09.839, 244.60 W, 242.40 W, 1965 MHz, 3996 MHz, 2 %, 35
2026/10/03 15:33:09.939, 244.14 W, 242.01 W, 1965 MHz, 3996 MHz, 2 %, 35
2026/10/03 15:33:10.039, 243.78 W, 241.76 W, 1965 MHz, 3996 MHz, 0 %, 35
2026/10/03 15:33:10.139, 243.40 W, 241.76 W, 1965 MHz, 3996 MHz, 0 %, 35
2026/10/03 15:33:10.239, 243.05 W, 242.01 W, 1965 MHz, 3996 MHz, 0 %, 34
2026/10/03 15:33:10.339, 280.14 W, 718.14 W, 1965 MHz, 3996 MHz, 0 %, 34
2026/10/03 15:33:10.439, 327.51 W, 716.22 W, 1965 MHz, 3996 MHz, 100 %, 39
2026/10/03 15:33:10.539, 371.83 W, 716.22 W, 1965 MHz, 3996 MHz, 100 %, 40
2026/10/03 15:33:10.639, 421.75 W, 716.85 W, 1965 MHz, 3996 MHz, 100 %, 41
2026/10/03 15:33:10.739, 469.91 W, 716.85 W, 1965 MHz, 3996 MHz, 100 %, 42
2026/10/03 15:33:10.839, 511.94 W, 718.14 W, 1965 MHz, 3996 MHz, 100 %, 42
2026/10/03 15:33:10.939, 565.14 W, 724.58 W, 1965 MHz, 3996 MHz, 100 %, 43
2026/10/03 15:33:11.039, 612.92 W, 722.53 W, 1965 MHz, 3996 MHz, 100 %, 43
2026/10/03 15:33:11.140, 660.82 W, 722.02 W, 1965 MHz, 3996 MHz, 100 %, 43
2026/10/03 15:33:11.240, 699.54 W, 722.02 W, 1965 MHz, 3996 MHz, 100 %, 43
2026/10/03 15:33:11.340, 719.76 W, 721.89 W, 1965 MHz, 3996 MHz, 100 %, 44
2026/10/03 15:33:11.440, 720.23 W, 727.31 W, 1965 MHz, 3996 MHz, 100 %, 44
2026/10/03 15:33:11.540, 720.83 W, 722.66 W, 1965 MHz, 3996 MHz, 100 %, 44
2026/10/03 15:33:11.640, 721.24 W, 723.42 W, 1965 MHz, 3996 MHz, 100 %, 44
2026/10/03 15:33:11.740, 721.62 W, 724.58 W, 1965 MHz, 3996 MHz, 100 %, 44
2026/10/03 15:33:11.840, 721.95 W, 721.38 W, 1965 MHz, 3996 MHz, 100 %, 44
2026/10/03 15:33:11.940, 722.10 W, 722.02 W, 1965 MHz, 3996 MHz, 100 %, 45
2026/10/03 15:33:12.040, 722.28 W, 722.66 W, 1965 MHz, 3996 MHz, 100 %, 45
2026/10/03 15:33:12.140, 722.58 W, 720.74 W, 1965 MHz, 3996 MHz, 100 %, 45
2026/10/03 15:33:12.240, 722.80 W, 721.38 W, 1965 MHz, 3996 MHz, 100 %, 45
2026/10/03 15:33:12.340, 723.07 W, 728.46 W, 1965 MHz, 3996 MHz, 100 %, 45
2026/10/03 15:33:12.440, 723.30 W, 725.27 W, 1965 MHz, 3996 MHz, 100 %, 45
2026/10/03 15:33:12.540, 723.44 W, 725.90 W, 1965 MHz, 3996 MHz, 100 %, 45
2026/10/03 15:33:12.641, 723.62 W, 725.90 W, 1965 MHz, 3996 MHz, 100 %, 45
2026/10/03 15:33:12.741, 723.78 W, 726.55 W, 1965 MHz, 3996 MHz, 100 %, 45
2026/10/03 15:33:12.841, 723.74 W, 725.27 W, 1965 MHz, 3996 MHz, 100 %, 45
2026/10/03 15:33:12.941, 723.82 W, 723.29 W, 1965 MHz, 3996 MHz, 100 %, 45
2026/10/03 15:33:13.041, 724.03 W, 722.66 W, 1965 MHz, 3996 MHz, 100 %, 45
2026/10/03 15:33:13.141, 724.01 W, 722.53 W, 1965 MHz, 3996 MHz, 100 %, 45
2026/10/03 15:33:13.241, 724.00 W, 722.02 W, 1965 MHz, 3996 MHz, 100 %, 45
2026/10/03 15:33:13.341, 724.03 W, 722.66 W, 1965 MHz, 3996 MHz, 100 %, 45
2026/10/03 15:33:13.441, 724.17 W, 725.78 W, 1965 MHz, 3996 MHz, 100 %, 45
2026/10/03 15:33:13.541, 724.50 W, 723.29 W, 1965 MHz, 3996 MHz, 100 %, 45
2026/10/03 15:33:13.641, 724.89 W, 726.03 W, 1965 MHz, 3996 MHz, 100 %, 45
2026/10/03 15:33:13.741, 725.11 W, 722.66 W, 1965 MHz, 3996 MHz, 100 %, 45
2026/10/03 15:33:13.841, 725.55 W, 726.55 W, 1965 MHz, 3996 MHz, 100 %, 46
2026/10/03 15:33:13.941, 725.99 W, 724.58 W, 1965 MHz, 3996 MHz, 100 %, 46
2026/10/03 15:33:14.041, 726.29 W, 726.42 W, 1965 MHz, 3996 MHz, 100 %, 46
2026/10/03 15:33:14.141, 726.52 W, 723.29 W, 1965 MHz, 3996 MHz, 100 %, 46
2026/10/03 15:33:14.242, 726.86 W, 729.74 W, 1965 MHz, 3996 MHz, 100 %, 46
2026/10/03 15:33:14.342, 727.15 W, 725.90 W, 1965 MHz, 3996 MHz, 100 %, 46
2026/10/03 15:33:14.442, 727.56 W, 727.95 W, 1965 MHz, 3996 MHz, 100 %, 46
2026/10/03 15:33:14.542, 727.50 W, 727.82 W, 1965 MHz, 3996 MHz, 100 %, 46
2026/10/03 15:33:14.642, 727.41 W, 732.35 W, 1965 MHz, 3996 MHz, 100 %, 46
2026/10/03 15:33:14.742, 727.53 W, 727.18 W, 1965 MHz, 3996 MHz, 100 %, 46
2026/10/03 15:33:14.842, 727.53 W, 727.05 W, 1965 MHz, 3996 MHz, 100 %, 46
2026/10/03 15:33:14.942, 727.62 W, 728.46 W, 1965 MHz, 3996 MHz, 100 %, 46
2026/10/03 15:33:15.042, 727.65 W, 733.62 W, 1965 MHz, 3996 MHz, 100 %, 46
2026/10/03 15:33:15.142, 727.63 W, 732.35 W, 1965 MHz, 3996 MHz, 100 %, 46
2026/10/03 15:33:15.242, 727.68 W, 728.46 W, 1965 MHz, 3996 MHz, 100 %, 46
2026/10/03 15:33:15.342, 727.98 W, 729.74 W, 1965 MHz, 3996 MHz, 100 %, 46
2026/10/03 15:33:15.442, 728.44 W, 738.65 W, 1965 MHz, 3996 MHz, 100 %, 46
2026/10/03 15:33:15.542, 728.77 W, 736.23 W, 1965 MHz, 3996 MHz, 100 %, 46
2026/10/03 15:33:15.642, 729.34 W, 732.99 W, 1965 MHz, 3996 MHz, 100 %, 46
2026/10/03 15:33:15.743, 729.77 W, 732.21 W, 1965 MHz, 3996 MHz, 100 %, 46
2026/10/03 15:33:15.843, 730.20 W, 736.73 W, 1965 MHz, 3996 MHz, 100 %, 46
2026/10/03 15:33:15.943, 730.45 W, 735.46 W, 1965 MHz, 3996 MHz, 100 %, 46
2026/10/03 15:33:16.043, 730.79 W, 732.85 W, 1965 MHz, 3996 MHz, 100 %, 46
2026/10/03 15:33:16.143, 731.24 W, 733.62 W, 1965 MHz, 3996 MHz, 100 %, 46
2026/10/03 15:33:16.243, 731.71 W, 737.37 W, 1965 MHz, 3996 MHz, 100 %, 46
2026/10/03 15:33:16.343, 731.83 W, 735.59 W, 1965 MHz, 3996 MHz, 100 %, 46
2026/10/03 15:33:16.443, 732.02 W, 733.62 W, 1965 MHz, 3996 MHz, 100 %, 46
2026/10/03 15:33:16.543, 732.03 W, 732.85 W, 1965 MHz, 3996 MHz, 100 %, 46
2026/10/03 15:33:16.643, 731.84 W, 734.26 W, 1965 MHz, 3996 MHz, 100 %, 46
2026/10/03 15:33:16.743, 731.70 W, 735.59 W, 1965 MHz, 3996 MHz, 100 %, 46
2026/10/03 15:33:16.843, 731.65 W, 732.99 W, 1965 MHz, 3996 MHz, 100 %, 46
2026/10/03 15:33:16.943, 731.73 W, 732.21 W, 1965 MHz, 3996 MHz, 100 %, 46
2026/10/03 15:33:17.043, 731.76 W, 733.62 W, 1965 MHz, 3996 MHz, 100 %, 46
2026/10/03 15:33:17.143, 731.59 W, 734.82 W, 1965 MHz, 3996 MHz, 100 %, 46
2026/10/03 15:33:17.244, 731.59 W, 732.99 W, 1965 MHz, 3996 MHz, 100 %, 46
2026/10/03 15:33:17.344, 731.57 W, 732.35 W, 1965 MHz, 3996 MHz, 100 %, 46
2026/10/03 15:33:17.444, 731.41 W, 732.99 W, 1965 MHz, 3996 MHz, 100 %, 46
2026/10/03 15:33:17.544, 731.33 W, 734.96 W, 1965 MHz, 3996 MHz, 100 %, 46
2026/10/03 15:33:17.644, 731.33 W, 734.18 W, 1965 MHz, 3996 MHz, 100 %, 46
2026/10/03 15:33:17.744, 731.51 W, 734.26 W, 1965 MHz, 3996 MHz, 100 %, 46
2026/10/03 15:33:17.844, 731.53 W, 732.85 W, 1965 MHz, 3996 MHz, 100 %, 46
2026/10/03 15:33:17.944, 731.56 W, 737.51 W, 1965 MHz, 3996 MHz, 100 %, 46
2026/10/03 15:33:18.044, 731.55 W, 736.23 W, 1965 MHz, 3996 MHz, 100 %, 46
2026/10/03 15:33:18.144, 731.62 W, 733.62 W, 1965 MHz, 3996 MHz, 100 %, 46
2026/10/03 15:33:18.244, 731.75 W, 731.70 W, 1965 MHz, 3996 MHz, 100 %, 46
2026/10/03 15:33:18.344, 731.86 W, 738.65 W, 1965 MHz, 3996 MHz, 100 %, 46
2026/10/03 15:33:18.444, 731.87 W, 736.87 W, 1965 MHz, 3996 MHz, 100 %, 46
2026/10/03 15:33:18.544, 731.98 W, 731.07 W, 1965 MHz, 3996 MHz, 100 %, 46
2026/10/03 15:33:18.644, 732.20 W, 731.07 W, 1965 MHz, 3996 MHz, 100 %, 46
2026/10/03 15:33:18.744, 732.12 W, 737.51 W, 1965 MHz, 3996 MHz, 100 %, 46
2026/10/03 15:33:18.845, 732.11 W, 736.09 W, 1965 MHz, 3996 MHz, 100 %, 46
2026/10/03 15:33:18.945, 731.95 W, 732.35 W, 1965 MHz, 3996 MHz, 100 %, 46
2026/10/03 15:33:19.045, 732.06 W, 730.43 W, 1965 MHz, 3996 MHz, 100 %, 46
2026/10/03 15:33:19.145, 732.27 W, 740.76 W, 1965 MHz, 3996 MHz, 100 %, 46
2026/10/03 15:33:19.245, 732.29 W, 738.15 W, 1965 MHz, 3996 MHz, 100 %, 46
2026/10/03 15:33:19.345, 732.11 W, 732.21 W, 1965 MHz, 3996 MHz, 100 %, 46
2026/10/03 15:33:19.445, 732.21 W, 733.62 W, 1965 MHz, 3996 MHz, 100 %, 46
2026/10/03 15:33:19.545, 731.94 W, 731.07 W, 1965 MHz, 3996 MHz, 100 %, 46
2026/10/03 15:33:19.645, 731.81 W, 736.09 W, 1965 MHz, 3996 MHz, 100 %, 46
2026/10/03 15:33:19.745, 731.85 W, 734.26 W, 1965 MHz, 3996 MHz, 100 %, 46
2026/10/03 15:33:19.845, 731.79 W, 734.96 W, 1965 MHz, 3996 MHz, 100 %, 46
2026/10/03 15:33:19.945, 732.01 W, 733.62 W, 1965 MHz, 3996 MHz, 100 %, 46
2026/10/03 15:33:20.045, 731.96 W, 736.87 W, 1965 MHz, 3996 MHz, 100 %, 46
2026/10/03 15:33:20.145, 731.90 W, 734.26 W, 1965 MHz, 3996 MHz, 100 %, 46
2026/10/03 15:33:20.245, 731.98 W, 732.99 W, 1965 MHz, 3996 MHz, 100 %, 46
2026/10/03 15:33:20.346, 698.03 W, 251.46 W, 1965 MHz, 3996 MHz, 100 %, 46
2026/10/03 15:33:20.446, 649.84 W, 248.47 W, 1965 MHz, 3996 MHz, 0 %, 41
2026/10/03 15:33:20.546, 601.56 W, 246.93 W, 1965 MHz, 3996 MHz, 0 %, 40
2026/10/03 15:33:20.646, 553.19 W, 246.29 W, 1965 MHz, 3996 MHz, 0 %, 39
2026/10/03 15:33:20.746, 504.78 W, 247.57 W, 1965 MHz, 3996 MHz, 0 %, 38
2026/10/03 15:33:20.846, 461.89 W, 245.27 W, 1965 MHz, 3996 MHz, 0 %, 38
2026/10/03 15:33:20.946, 407.74 W, 244.63 W, 1965 MHz, 3996 MHz, 0 %, 37
2026/10/03 15:33:21.046, 358.75 W, 245.01 W, 1965 MHz, 3996 MHz, 0 %, 37
2026/10/03 15:33:21.146, 318.44 W, 243.04 W, 1965 MHz, 3996 MHz, 0 %, 37
2026/10/03 15:33:21.246, 270.56 W, 243.99 W, 1965 MHz, 3996 MHz, 0 %, 36
2026/10/03 15:33:21.346, 245.92 W, 243.30 W, 1965 MHz, 3996 MHz, 0 %, 36
2026/10/03 15:33:21.446, 245.35 W, 245.65 W, 1965 MHz, 3996 MHz, 0 %, 36
2026/10/03 15:33:21.546, 245.08 W, 243.73 W, 1965 MHz, 3996 MHz, 0 %, 35
2026/10/03 15:33:21.646, 244.60 W, 242.66 W, 1965 MHz, 3996 MHz, 0 %, 35
2026/10/03 15:33:21.746, 244.26 W, 242.66 W, 1965 MHz, 3996 MHz, 0 %, 35
2026/10/03 15:33:21.847, 243.88 W, 243.04 W, 1965 MHz, 3996 MHz, 0 %, 35
2026/10/03 15:33:21.947, 243.68 W, 243.04 W, 1965 MHz, 3996 MHz, 0 %, 35
2026/10/03 15:33:22.047, 243.44 W, 242.66 W, 1965 MHz, 3996 MHz, 0 %, 35
2026/10/03 15:33:22.147, 243.23 W, 242.01 W, 1965 MHz, 3996 MHz, 0 %, 35
2026/10/03 15:33:22.247, 243.09 W, 241.76 W, 1965 MHz, 3996 MHz, 0 %, 35
2026/10/03 15:33:22.347, 242.98 W, 242.40 W, 1965 MHz, 3996 MHz, 0 %, 34
2026/10/03 15:33:22.447, 242.96 W, 242.66 W, 1965 MHz, 3996 MHz, 0 %, 34
2026/10/03 15:33:22.547, 242.71 W, 245.01 W, 1965 MHz, 3996 MHz, 0 %, 34
2026/10/03 15:33:22.647, 242.68 W, 241.12 W, 1965 MHz, 3996 MHz, 0 %, 34
2026/10/03 15:33:22.747, 242.61 W, 242.01 W, 1965 MHz, 3996 MHz, 0 %, 34
2026/10/03 15:33:22.847, 242.54 W, 242.01 W, 1965 MHz, 3996 MHz, 0 %, 34
2026/10/03 15:33:22.947, 242.43 W, 241.38 W, 1965 MHz, 3996 MHz, 0 %, 34
2026/10/03 15:33:23.047, 242.37 W, 242.01 W, 1965 MHz, 3996 MHz, 0 %, 34
2026/10/03 15:33:23.147, 242.35 W, 242.01 W, 1965 MHz, 3996 MHz, 0 %, 34
2026/10/03 15:33:23.248, 242.39 W, 241.38 W, 1965 MHz, 3996 MHz, 0 %, 34
2026/10/03 15:33:23.348, 241.93 W, 221.32 W, 1965 MHz, 3996 MHz, 0 %, 34
2026/10/03 15:33:23.448, 238.09 W, 203.82 W, 1200 MHz, 3996 MHz, 0 %, 33
2026/10/03 15:33:23.548, 234.09 W, 203.19 W, 1170 MHz, 3996 MHz, 0 %, 33
2026/10/03 15:33:23.648, 230.39 W, 204.04 W, 1170 MHz, 3996 MHz, 0 %, 33
2026/10/03 15:33:23.748, 226.19 W, 203.19 W, 1140 MHz, 3996 MHz, 0 %, 33
2026/10/03 15:33:23.848, 222.26 W, 202.54 W, 1140 MHz, 3996 MHz, 0 %, 33
2026/10/03 15:33:23.948, 218.24 W, 200.19 W, 1965 MHz, 3996 MHz, 0 %, 33
2026/10/03 15:33:24.048, 218.26 W, 240.74 W, 1965 MHz, 3996 MHz, 0 %, 33
2026/10/03 15:33:24.148, 218.08 W, 240.74 W, 1965 MHz, 3996 MHz, 0 %, 33
2026/10/03 15:33:24.248, 217.90 W, 240.74 W, 1965 MHz, 3996 MHz, 0 %, 33
2026/10/03 15:33:24.348, 217.77 W, 240.74 W, 1965 MHz, 3996 MHz, 0 %, 33
2026/10/03 15:33:24.448, 221.01 W, 240.74 W, 1965 MHz, 3996 MHz, 0 %, 33
2026/10/03 15:33:24.548, 224.76 W, 240.74 W, 1965 MHz, 3996 MHz, 0 %, 33
2026/10/03 15:33:24.649, 228.98 W, 240.10 W, 1965 MHz, 3996 MHz, 0 %, 33
2026/10/03 15:33:24.749, 232.30 W, 240.74 W, 1965 MHz, 3996 MHz, 0 %, 33
2026/10/03 15:33:24.849, 236.02 W, 240.99 W, 1965 MHz, 3996 MHz, 0 %, 33
2026/10/03 15:33:24.949, 239.89 W, 240.74 W, 1965 MHz, 3996 MHz, 0 %, 33
2026/10/03 15:33:25.049, 240.92 W, 240.99 W, 1965 MHz, 3996 MHz, 0 %, 33
2026/10/03 15:33:25.149, 240.96 W, 240.10 W, 1965 MHz, 3996 MHz, 0 %, 33
2026/10/03 15:33:25.249, 240.94 W, 240.74 W, 1965 MHz, 3996 MHz, 0 %, 33
2026/10/03 15:33:25.349, 240.90 W, 240.35 W, 1965 MHz, 3996 MHz, 0 %, 33
2026/10/03 15:33:25.449, 240.88 W, 240.99 W, 1965 MHz, 3996 MHz, 0 %, 33
2026/10/03 15:33:25.549, 240.81 W, 240.10 W, 1965 MHz, 3996 MHz, 0 %, 33
2026/10/03 15:33:25.649, 240.77 W, 240.99 W, 1965 MHz, 3996 MHz, 0 %, 33
2026/10/03 15:33:25.749, 240.76 W, 240.99 W, 1965 MHz, 3996 MHz, 0 %, 33
2026/10/03 15:33:25.849, 240.73 W, 240.10 W, 1965 MHz, 3996 MHz, 0 %, 33
2026/10/03 15:33:25.949, 240.76 W, 240.74 W, 1965 MHz, 3996 MHz, 0 %, 33
2026/10/03 15:33:26.050, 240.78 W, 240.74 W, 1965 MHz, 3996 MHz, 0 %, 33
2026/10/03 15:33:26.150, 240.75 W, 240.74 W, 1965 MHz, 3996 MHz, 0 %, 33
2026/10/03 15:33:26.250, 240.69 W, 240.10 W, 1965 MHz, 3996 MHz, 1 %, 33
2026/10/03 15:33:26.350, 241.16 W, 240.35 W, 1965 MHz, 3996 MHz, 1 %, 33
2026/10/03 15:33:26.450, 241.07 W, 239.45 W, 1965 MHz, 3996 MHz, 1 %, 33
2026/10/03 15:33:26.550, 241.01 W, 240.10 W, 1965 MHz, 3996 MHz, 1 %, 33
2026/10/03 15:33:26.650, 241.02 W, 240.10 W, 1965 MHz, 3996 MHz, 0 %, 33
2026/10/03 15:33:26.750, 240.99 W, 240.10 W, 1965 MHz, 3996 MHz, 0 %, 33
2026/10/03 15:33:26.850, 277.16 W, 716.34 W, 1965 MHz, 3996 MHz, 14 %, 37
2026/10/03 15:33:26.950, 326.67 W, 720.81 W, 1965 MHz, 3996 MHz, 14 %, 38
2026/10/03 15:33:27.050, 374.98 W, 724.06 W, 1965 MHz, 3996 MHz, 100 %, 39
2026/10/03 15:33:27.150, 423.35 W, 720.81 W, 1965 MHz, 3996 MHz, 100 %, 40
2026/10/03 15:33:27.250, 471.71 W, 724.06 W, 1965 MHz, 3996 MHz, 100 %, 41
2026/10/03 15:33:27.350, 520.14 W, 722.78 W, 1965 MHz, 3996 MHz, 100 %, 41
2026/10/03 15:33:27.451, 562.17 W, 727.31 W, 1965 MHz, 3996 MHz, 100 %, 42
2026/10/03 15:33:27.551, 610.13 W, 723.42 W, 1965 MHz, 3996 MHz, 100 %, 42
2026/10/03 15:33:27.651, 666.10 W, 724.70 W, 1965 MHz, 3996 MHz, 100 %, 42
2026/10/03 15:33:27.751, 714.88 W, 726.67 W, 1965 MHz, 3996 MHz, 100 %, 43
2026/10/03 15:33:27.851, 726.63 W, 724.70 W, 1965 MHz, 3996 MHz, 100 %, 43
2026/10/03 15:33:27.951, 727.03 W, 729.23 W, 1965 MHz, 3996 MHz, 100 %, 43
2026/10/03 15:33:28.051, 727.77 W, 727.31 W, 1965 MHz, 3996 MHz, 100 %, 43
2026/10/03 15:33:28.151, 728.14 W, 726.67 W, 1965 MHz, 3996 MHz, 100 %, 43
2026/10/03 15:33:28.251, 728.82 W, 727.95 W, 1965 MHz, 3996 MHz, 100 %, 44
2026/10/03 15:33:28.351, 728.74 W, 726.67 W, 1965 MHz, 3996 MHz, 100 %, 44
2026/10/03 15:33:28.451, 728.98 W, 729.23 W, 1965 MHz, 3996 MHz, 100 %, 44
2026/10/03 15:33:28.551, 729.34 W, 726.03 W, 1965 MHz, 3996 MHz, 100 %, 44
2026/10/03 15:33:28.651, 729.49 W, 728.59 W, 1965 MHz, 3996 MHz, 100 %, 44
2026/10/03 15:33:28.751, 729.88 W, 726.67 W, 1965 MHz, 3996 MHz, 100 %, 44
2026/10/03 15:33:28.852, 730.05 W, 728.59 W, 1965 MHz, 3996 MHz, 100 %, 44
2026/10/03 15:33:28.952, 730.46 W, 732.48 W, 1965 MHz, 3996 MHz, 100 %, 44
2026/10/03 15:33:29.052, 730.39 W, 727.31 W, 1965 MHz, 3996 MHz, 100 %, 44
2026/10/03 15:33:29.152, 730.44 W, 728.59 W, 1965 MHz, 3996 MHz, 100 %, 44
2026/10/03 15:33:29.252, 730.85 W, 728.59 W, 1965 MHz, 3996 MHz, 100 %, 45
2026/10/03 15:33:29.352, 730.84 W, 729.23 W, 1965 MHz, 3996 MHz, 100 %, 45
2026/10/03 15:33:29.452, 731.28 W, 735.03 W, 1965 MHz, 3996 MHz, 100 %, 45
2026/10/03 15:33:29.552, 731.02 W, 728.59 W, 1965 MHz, 3996 MHz, 100 %, 45
2026/10/03 15:33:29.652, 731.35 W, 729.23 W, 1965 MHz, 3996 MHz, 100 %, 45
2026/10/03 15:33:29.752, 731.50 W, 729.23 W, 1965 MHz, 3996 MHz, 100 %, 45
2026/10/03 15:33:29.852, 731.50 W, 729.86 W, 1965 MHz, 3996 MHz, 100 %, 45
2026/10/03 15:33:29.952, 732.11 W, 744.10 W, 1965 MHz, 3996 MHz, 100 %, 45
2026/10/03 15:33:30.052, 731.91 W, 730.51 W, 1965 MHz, 3996 MHz, 100 %, 45
2026/10/03 15:33:30.152, 732.39 W, 736.37 W, 1965 MHz, 3996 MHz, 100 %, 45
2026/10/03 15:33:30.252, 732.10 W, 729.86 W, 1965 MHz, 3996 MHz, 100 %, 45
2026/10/03 15:33:30.353, 732.63 W, 733.12 W, 1965 MHz, 3996 MHz, 100 %, 45
2026/10/03 15:33:30.453, 733.24 W, 746.70 W, 1965 MHz, 3996 MHz, 100 %, 45
2026/10/03 15:33:30.553, 733.48 W, 734.40 W, 1965 MHz, 3996 MHz, 100 %, 45
2026/10/03 15:33:30.653, 734.18 W, 742.18 W, 1965 MHz, 3996 MHz, 100 %, 45
2026/10/03 15:33:30.753, 734.35 W, 733.76 W, 1965 MHz, 3996 MHz, 100 %, 45
2026/10/03 15:33:30.853, 734.77 W, 732.48 W, 1965 MHz, 3996 MHz, 100 %, 45
2026/10/03 15:33:30.953, 735.15 W, 747.35 W, 1965 MHz, 3996 MHz, 100 %, 45
2026/10/03 15:33:31.053, 735.43 W, 735.03 W, 1965 MHz, 3996 MHz, 100 %, 45
2026/10/03 15:33:31.153, 735.90 W, 741.54 W, 1965 MHz, 3996 MHz, 100 %, 45
2026/10/03 15:33:31.253, 736.25 W, 734.40 W, 1965 MHz, 3996 MHz, 100 %, 45
2026/10/03 15:33:31.353, 736.24 W, 733.12 W, 1965 MHz, 3996 MHz, 100 %, 46
2026/10/03 15:33:31.453, 736.24 W, 733.12 W, 1965 MHz, 3996 MHz, 100 %, 46
2026/10/03 15:33:31.553, 735.91 W, 733.76 W, 1965 MHz, 3996 MHz, 100 %, 46
2026/10/03 15:33:31.653, 735.95 W, 744.10 W, 1965 MHz, 3996 MHz, 100 %, 46
2026/10/03 15:33:31.754, 736.00 W, 734.40 W, 1965 MHz, 3996 MHz, 100 %, 46
2026/10/03 15:33:31.854, 736.15 W, 733.76 W, 1965 MHz, 3996 MHz, 100 %, 46
2026/10/03 15:33:31.954, 736.23 W, 735.03 W, 1965 MHz, 3996 MHz, 100 %, 46
2026/10/03 15:33:32.054, 735.92 W, 734.40 W, 1965 MHz, 3996 MHz, 100 %, 46
2026/10/03 15:33:32.154, 736.34 W, 746.70 W, 1965 MHz, 3996 MHz, 100 %, 46
2026/10/03 15:33:32.254, 736.22 W, 735.03 W, 1965 MHz, 3996 MHz, 100 %, 46
2026/10/03 15:33:32.354, 736.44 W, 736.23 W, 1965 MHz, 3996 MHz, 100 %, 46
2026/10/03 15:33:32.454, 736.46 W, 732.48 W, 1965 MHz, 3996 MHz, 100 %, 46
2026/10/03 15:33:32.554, 736.37 W, 732.99 W, 1965 MHz, 3996 MHz, 100 %, 46
2026/10/03 15:33:32.654, 736.84 W, 749.26 W, 1965 MHz, 3996 MHz, 100 %, 46
2026/10/03 15:33:32.754, 736.51 W, 734.40 W, 1965 MHz, 3996 MHz, 100 %, 46
2026/10/03 15:33:32.854, 736.89 W, 740.21 W, 1965 MHz, 3996 MHz, 100 %, 46
2026/10/03 15:33:32.954, 736.74 W, 733.76 W, 1965 MHz, 3996 MHz, 100 %, 46
2026/10/03 15:33:33.054, 736.81 W, 733.76 W, 1965 MHz, 3996 MHz, 100 %, 46
2026/10/03 15:33:33.154, 737.00 W, 747.99 W, 1965 MHz, 3996 MHz, 100 %, 46
2026/10/03 15:33:33.255, 736.71 W, 735.73 W, 1965 MHz, 3996 MHz, 100 %, 46
2026/10/03 15:33:33.355, 737.04 W, 741.54 W, 1965 MHz, 3996 MHz, 100 %, 46
2026/10/03 15:33:33.455, 736.96 W, 735.03 W, 1965 MHz, 3996 MHz, 100 %, 46
2026/10/03 15:33:33.555, 737.25 W, 733.76 W, 1965 MHz, 3996 MHz, 100 %, 46
2026/10/03 15:33:33.655, 737.21 W, 749.26 W, 1965 MHz, 3996 MHz, 100 %, 46
2026/10/03 15:33:33.755, 737.23 W, 735.73 W, 1965 MHz, 3996 MHz, 100 %, 46
2026/10/03 15:33:33.855, 737.21 W, 740.90 W, 1965 MHz, 3996 MHz, 100 %, 46
2026/10/03 15:33:33.955, 737.18 W, 733.76 W, 1965 MHz, 3996 MHz, 100 %, 46
2026/10/03 15:33:34.055, 737.25 W, 733.12 W, 1965 MHz, 3996 MHz, 100 %, 46
2026/10/03 15:33:34.155, 737.03 W, 733.12 W, 1965 MHz, 3996 MHz, 100 %, 46
2026/10/03 15:33:34.255, 737.16 W, 735.73 W, 1965 MHz, 3996 MHz, 100 %, 46
2026/10/03 15:33:34.355, 737.10 W, 742.82 W, 1965 MHz, 3996 MHz, 100 %, 46
2026/10/03 15:33:34.455, 737.03 W, 733.76 W, 1965 MHz, 3996 MHz, 100 %, 46
2026/10/03 15:33:34.556, 737.10 W, 732.48 W, 1965 MHz, 3996 MHz, 100 %, 46
2026/10/03 15:33:34.656, 736.87 W, 735.73 W, 1965 MHz, 3996 MHz, 100 %, 46
2026/10/03 15:33:34.756, 737.10 W, 738.93 W, 1965 MHz, 3996 MHz, 100 %, 46
2026/10/03 15:33:34.856, 737.61 W, 747.35 W, 1965 MHz, 3996 MHz, 100 %, 46
2026/10/03 15:33:34.956, 737.96 W, 738.93 W, 1965 MHz, 3996 MHz, 100 %, 46
2026/10/03 15:33:35.056, 738.53 W, 738.28 W, 1965 MHz, 3996 MHz, 100 %, 46
2026/10/03 15:33:35.156, 738.76 W, 736.37 W, 1965 MHz, 3996 MHz, 100 %, 46
2026/10/03 15:33:35.256, 739.11 W, 738.93 W, 1965 MHz, 3996 MHz, 100 %, 46
2026/10/03 15:33:35.356, 739.63 W, 744.74 W, 1965 MHz, 3996 MHz, 100 %, 46
2026/10/03 15:33:35.456, 739.94 W, 738.28 W, 1965 MHz, 3996 MHz, 100 %, 46
2026/10/03 15:33:35.556, 740.55 W, 746.70 W, 1965 MHz, 3996 MHz, 100 %, 46
2026/10/03 15:33:35.656, 740.72 W, 737.65 W, 1965 MHz, 3996 MHz, 100 %, 46
2026/10/03 15:33:35.756, 741.02 W, 741.54 W, 1965 MHz, 3996 MHz, 100 %, 46
2026/10/03 15:33:35.856, 741.19 W, 746.07 W, 1965 MHz, 3996 MHz, 100 %, 46
2026/10/03 15:33:35.957, 741.10 W, 740.90 W, 1965 MHz, 3996 MHz, 100 %, 46
2026/10/03 15:33:36.057, 741.18 W, 746.70 W, 1965 MHz, 3996 MHz, 100 %, 46
2026/10/03 15:33:36.157, 741.29 W, 744.10 W, 1965 MHz, 3996 MHz, 100 %, 46
2026/10/03 15:33:36.257, 741.33 W, 740.76 W, 1965 MHz, 3996 MHz, 100 %, 46
2026/10/03 15:33:36.357, 741.30 W, 747.99 W, 1965 MHz, 3996 MHz, 100 %, 46
2026/10/03 15:33:36.457, 741.03 W, 740.90 W, 1965 MHz, 3996 MHz, 100 %, 46
2026/10/03 15:33:36.557, 741.18 W, 746.70 W, 1965 MHz, 3996 MHz, 100 %, 46
2026/10/03 15:33:36.657, 741.18 W, 743.45 W, 1965 MHz, 3996 MHz, 100 %, 46
2026/10/03 15:33:36.757, 740.98 W, 742.18 W, 1965 MHz, 3996 MHz, 100 %, 46
2026/10/03 15:33:36.857, 709.05 W, 253.70 W, 1965 MHz, 3996 MHz, 100 %, 42
2026/10/03 15:33:36.957, 650.57 W, 248.90 W, 1965 MHz, 3996 MHz, 100 %, 40
2026/10/03 15:33:37.057, 600.30 W, 246.93 W, 1965 MHz, 3996 MHz, 0 %, 39
2026/10/03 15:33:37.157, 550.50 W, 246.93 W, 1965 MHz, 3996 MHz, 0 %, 39
2026/10/03 15:33:37.257, 501.42 W, 246.93 W, 1965 MHz, 3996 MHz, 0 %, 38
2026/10/03 15:33:37.357, 452.02 W, 245.65 W, 1965 MHz, 3996 MHz, 0 %, 37
2026/10/03 15:33:37.458, 403.06 W, 246.29 W, 1965 MHz, 3996 MHz, 0 %, 37
2026/10/03 15:33:37.558, 353.77 W, 243.73 W, 1965 MHz, 3996 MHz, 0 %, 37
2026/10/03 15:33:37.658, 303.75 W, 244.37 W, 1965 MHz, 3996 MHz, 0 %, 36
2026/10/03 15:33:37.758, 264.24 W, 244.37 W, 1965 MHz, 3996 MHz, 0 %, 36
2026/10/03 15:33:37.858, 245.98 W, 244.37 W, 1965 MHz, 3996 MHz, 0 %, 36
2026/10/03 15:33:37.958, 245.98 W, 244.37 W, 1965 MHz, 3996 MHz, 0 %, 36
2026/10/03 15:33:38.058, 245.22 W, 246.29 W, 1965 MHz, 3996 MHz, 0 %, 35
2026/10/03 15:33:38.158, 245.15 W, 245.91 W, 1965 MHz, 3996 MHz, 0 %, 35
2026/10/03 15:33:38.258, 244.90 W, 245.65 W, 1965 MHz, 3996 MHz, 0 %, 35
2026/10/03 15:33:38.358, 244.74 W, 245.01 W, 1965 MHz, 3996 MHz, 0 %, 35
2026/10/03 15:33:38.458, 244.52 W, 243.99 W, 1965 MHz, 3996 MHz, 0 %, 35
2026/10/03 15:33:38.559, 244.21 W, 243.04 W, 1965 MHz, 3996 MHz, 0 %, 35
2026/10/03 15:33:38.659, 244.11 W, 245.27 W, 1965 MHz, 3996 MHz, 0 %, 35
2026/10/03 15:33:38.759, 244.05 W, 242.01 W, 1965 MHz, 3996 MHz, 0 %, 34
2026/10/03 15:33:38.859, 243.96 W, 244.37 W, 1965 MHz, 3996 MHz, 0 %, 34
2026/10/03 15:33:38.959, 243.78 W, 243.04 W, 1965 MHz, 3996 MHz, 0 %, 34
2026/10/03 15:33:39.059, 243.73 W, 242.66 W, 1965 MHz, 3996 MHz, 0 %, 34
2026/10/03 15:33:39.159, 243.33 W, 242.66 W, 1965 MHz, 3996 MHz, 0 %, 34
2026/10/03 15:33:39.259, 243.80 W, 241.76 W, 1965 MHz, 3996 MHz, 0 %, 34
2026/10/03 15:33:39.359, 243.59 W, 241.76 W, 1965 MHz, 3996 MHz, 0 %, 34
2026/10/03 15:33:39.459, 243.41 W, 242.66 W, 1965 MHz, 3996 MHz, 0 %, 34
2026/10/03 15:33:39.559, 243.28 W, 241.76 W, 1965 MHz, 3996 MHz, 0 %, 34
2026/10/03 15:33:39.659, 256.92 W, 676.21 W, 1965 MHz, 3996 MHz, 0 %, 34
2026/10/03 15:33:39.759, 305.14 W, 740.76 W, 1965 MHz, 3996 MHz, 100 %, 38
2026/10/03 15:33:39.859, 352.04 W, 729.74 W, 1965 MHz, 3996 MHz, 100 %, 40
2026/10/03 15:33:39.959, 401.87 W, 728.33 W, 1965 MHz, 3996 MHz, 100 %, 40
2026/10/03 15:33:40.060, 445.98 W, 733.62 W, 1965 MHz, 3996 MHz, 100 %, 41
2026/10/03 15:33:40.160, 493.73 W, 731.70 W, 1965 MHz, 3996 MHz, 100 %, 42
2026/10/03 15:33:40.260, 541.20 W, 727.82 W, 1965 MHz, 3996 MHz, 100 %, 42
2026/10/03 15:33:40.360, 596.24 W, 726.55 W, 1965 MHz, 3996 MHz, 100 %, 43
2026/10/03 15:33:40.460, 645.33 W, 732.99 W, 1965 MHz, 3996 MHz, 100 %, 43
2026/10/03 15:33:40.560, 694.65 W, 723.94 W, 1965 MHz, 3996 MHz, 100 %, 43
2026/10/03 15:33:40.660, 731.35 W, 725.90 W, 1965 MHz, 3996 MHz, 100 %, 44
2026/10/03 15:33:40.760, 732.30 W, 740.11 W, 1965 MHz, 3996 MHz, 100 %, 44
2026/10/03 15:33:40.860, 733.05 W, 760.77 W, 1965 MHz, 3996 MHz, 100 %, 44
2026/10/03 15:33:40.960, 733.74 W, 749.81 W, 1965 MHz, 3996 MHz, 100 %, 44
2026/10/03 15:33:41.060, 733.96 W, 736.23 W, 1965 MHz, 3996 MHz, 100 %, 44
2026/10/03 15:33:41.160, 734.64 W, 734.96 W, 1965 MHz, 3996 MHz, 100 %, 44
2026/10/03 15:33:41.260, 734.62 W, 733.62 W, 1965 MHz, 3996 MHz, 100 %, 44
2026/10/03 15:33:41.360, 735.03 W, 730.43 W, 1965 MHz, 3996 MHz, 100 %, 45
2026/10/03 15:33:41.461, 735.14 W, 734.82 W, 1965 MHz, 3996 MHz, 100 %, 45
2026/10/03 15:33:41.561, 735.36 W, 752.36 W, 1965 MHz, 3996 MHz, 100 %, 45
2026/10/03 15:33:41.661, 734.93 W, 725.14 W, 1965 MHz, 3996 MHz, 100 %, 45
2026/10/03 15:33:41.761, 735.68 W, 732.21 W, 1965 MHz, 3996 MHz, 100 %, 45
2026/10/03 15:33:41.861, 735.52 W, 736.23 W, 1965 MHz, 3996 MHz, 100 %, 45
2026/10/03 15:33:41.961, 735.27 W, 733.62 W, 1965 MHz, 3996 MHz, 100 %, 45
2026/10/03 15:33:42.061, 735.05 W, 729.74 W, 1965 MHz, 3996 MHz, 100 %, 45
2026/10/03 15:33:42.161, 734.89 W, 732.35 W, 1965 MHz, 3996 MHz, 100 %, 45
2026/10/03 15:33:42.261, 735.19 W, 736.23 W, 1965 MHz, 3996 MHz, 100 %, 45
2026/10/03 15:33:42.361, 735.37 W, 734.96 W, 1965 MHz, 3996 MHz, 100 %, 45
2026/10/03 15:33:42.461, 736.43 W, 739.33 W, 1965 MHz, 3996 MHz, 100 %, 45
2026/10/03 15:33:42.561, 736.89 W, 742.03 W, 1965 MHz, 3996 MHz, 100 %, 45
2026/10/03 15:33:42.661, 737.91 W, 758.16 W, 1965 MHz, 3996 MHz, 100 %, 46
2026/10/03 15:33:42.761, 738.38 W, 742.03 W, 1965 MHz, 3996 MHz, 100 %, 46
2026/10/03 15:33:42.862, 739.35 W, 744.64 W, 1965 MHz, 3996 MHz, 100 %, 46
2026/10/03 15:33:42.962, 739.79 W, 740.61 W, 1965 MHz, 3996 MHz, 100 %, 46
2026/10/03 15:33:43.062, 740.64 W, 738.15 W, 1965 MHz, 3996 MHz, 100 %, 46
2026/10/03 15:33:43.162, 741.53 W, 743.32 W, 1965 MHz, 3996 MHz, 100 %, 46
2026/10/03 15:33:43.262, 742.02 W, 741.40 W, 1965 MHz, 3996 MHz, 100 %, 46
2026/10/03 15:33:43.362, 742.64 W, 732.35 W, 1965 MHz, 3996 MHz, 100 %, 46
2026/10/03 15:33:43.462, 742.43 W, 736.87 W, 1965 MHz, 3996 MHz, 100 %, 46
2026/10/03 15:33:43.562, 743.29 W, 741.40 W, 1965 MHz, 3996 MHz, 100 %, 46
2026/10/03 15:33:43.662, 743.38 W, 749.12 W, 1965 MHz, 3996 MHz, 100 %, 46
2026/10/03 15:33:43.762, 743.44 W, 759.49 W, 1965 MHz, 3996 MHz, 100 %, 46
2026/10/03 15:33:43.862, 743.19 W, 744.49 W, 1965 MHz, 3996 MHz, 100 %, 46
2026/10/03 15:33:43.962, 743.22 W, 742.03 W, 1965 MHz, 3996 MHz, 100 %, 46
2026/10/03 15:33:44.062, 743.72 W, 740.11 W, 1965 MHz, 3996 MHz, 100 %, 46
2026/10/03 15:33:44.162, 743.66 W, 743.32 W, 1965 MHz, 3996 MHz, 100 %, 46
2026/10/03 15:33:44.263, 743.97 W, 742.03 W, 1965 MHz, 3996 MHz, 100 %, 46
2026/10/03 15:33:44.363, 743.78 W, 735.59 W, 1965 MHz, 3996 MHz, 100 %, 46
2026/10/03 15:33:44.463, 744.01 W, 731.84 W, 1965 MHz, 3996 MHz, 100 %, 46
2026/10/03 15:33:44.563, 743.65 W, 746.56 W, 1965 MHz, 3996 MHz, 100 %, 46
2026/10/03 15:33:44.663, 743.70 W, 742.67 W, 1965 MHz, 3996 MHz, 100 %, 46
2026/10/03 15:33:44.763, 743.68 W, 740.76 W, 1965 MHz, 3996 MHz, 100 %, 46
2026/10/03 15:33:44.863, 743.78 W, 767.04 W, 1965 MHz, 3996 MHz, 100 %, 46
2026/10/03 15:33:44.963, 743.69 W, 743.32 W, 1965 MHz, 3996 MHz, 100 %, 46
2026/10/03 15:33:45.063, 743.42 W, 742.67 W, 1965 MHz, 3996 MHz, 100 %, 46
2026/10/03 15:33:45.163, 743.81 W, 742.03 W, 1965 MHz, 3996 MHz, 100 %, 46
2026/10/03 15:33:45.263, 743.64 W, 742.03 W, 1965 MHz, 3996 MHz, 100 %, 46
2026/10/03 15:33:45.363, 743.95 W, 738.15 W, 1965 MHz, 3996 MHz, 100 %, 46
2026/10/03 15:33:45.463, 743.63 W, 738.79 W, 1965 MHz, 3996 MHz, 100 %, 46
2026/10/03 15:33:45.563, 743.92 W, 741.40 W, 1965 MHz, 3996 MHz, 100 %, 46
2026/10/03 15:33:45.663, 743.78 W, 734.96 W, 1965 MHz, 3996 MHz, 100 %, 46
2026/10/03 15:33:45.764, 744.22 W, 741.40 W, 1965 MHz, 3996 MHz, 100 %, 46
2026/10/03 15:33:45.864, 743.87 W, 752.36 W, 1965 MHz, 3996 MHz, 100 %, 46
2026/10/03 15:33:45.964, 744.18 W, 765.12 W, 1965 MHz, 3996 MHz, 100 %, 46
2026/10/03 15:33:46.064, 743.96 W, 743.32 W, 1965 MHz, 3996 MHz, 100 %, 46
2026/10/03 15:33:46.164, 743.70 W, 745.13 W, 1965 MHz, 3996 MHz, 100 %, 46
2026/10/03 15:33:46.264, 743.86 W, 742.67 W, 1965 MHz, 3996 MHz, 100 %, 46
2026/10/03 15:33:46.364, 743.57 W, 739.42 W, 1965 MHz, 3996 MHz, 100 %, 46
2026/10/03 15:33:46.464, 743.90 W, 743.32 W, 1965 MHz, 3996 MHz, 100 %, 46
2026/10/03 15:33:46.564, 743.75 W, 743.17 W, 1965 MHz, 3996 MHz, 100 %, 46
2026/10/03 15:33:46.664, 743.98 W, 733.12 W, 1965 MHz, 3996 MHz, 100 %, 46
2026/10/03 15:33:46.764, 743.98 W, 735.46 W, 1965 MHz, 3996 MHz, 100 %, 46
2026/10/03 15:33:46.864, 744.68 W, 753.00 W, 1965 MHz, 3996 MHz, 100 %, 46
2026/10/03 15:33:46.964, 744.37 W, 747.20 W, 1965 MHz, 3996 MHz, 100 %, 46
2026/10/03 15:33:47.064, 744.64 W, 751.72 W, 1965 MHz, 3996 MHz, 100 %, 46
2026/10/03 15:33:47.165, 744.40 W, 745.92 W, 1965 MHz, 3996 MHz, 100 %, 46
2026/10/03 15:33:47.265, 744.08 W, 743.45 W, 1965 MHz, 3996 MHz, 100 %, 46
2026/10/03 15:33:47.365, 744.46 W, 742.03 W, 1965 MHz, 3996 MHz, 100 %, 46
2026/10/03 15:33:47.465, 744.16 W, 743.95 W, 1965 MHz, 3996 MHz, 100 %, 46
2026/10/03 15:33:47.565, 744.80 W, 743.45 W, 1965 MHz, 3996 MHz, 100 %, 46
2026/10/03 15:33:47.665, 744.60 W, 737.51 W, 1965 MHz, 3996 MHz, 100 %, 46
2026/10/03 15:33:47.765, 744.51 W, 734.26 W, 1965 MHz, 3996 MHz, 100 %, 46
2026/10/03 15:33:47.865, 744.36 W, 743.32 W, 1965 MHz, 3996 MHz, 100 %, 46
2026/10/03 15:33:47.965, 744.55 W, 743.95 W, 1965 MHz, 3996 MHz, 100 %, 46
2026/10/03 15:33:48.065, 744.58 W, 739.42 W, 1965 MHz, 3996 MHz, 100 %, 46
2026/10/03 15:33:48.165, 744.69 W, 765.29 W, 1965 MHz, 3996 MHz, 100 %, 47
2026/10/03 15:33:48.265, 744.79 W, 743.95 W, 1965 MHz, 3996 MHz, 100 %, 47
2026/10/03 15:33:48.365, 744.43 W, 743.32 W, 1965 MHz, 3996 MHz, 100 %, 47
2026/10/03 15:33:48.465, 744.89 W, 745.28 W, 1965 MHz, 3996 MHz, 100 %, 47
2026/10/03 15:33:48.565, 744.34 W, 742.67 W, 1965 MHz, 3996 MHz, 100 %, 47
2026/10/03 15:33:48.666, 744.45 W, 739.42 W, 1965 MHz, 3996 MHz, 100 %, 47
2026/10/03 15:33:48.766, 744.10 W, 740.76 W, 1965 MHz, 3996 MHz, 100 %, 46
2026/10/03 15:33:48.866, 743.83 W, 741.40 W, 1965 MHz, 3996 MHz, 100 %, 46
2026/10/03 15:33:48.966, 744.16 W, 733.62 W, 1965 MHz, 3996 MHz, 100 %, 46
2026/10/03 15:33:49.066, 744.23 W, 741.25 W, 1965 MHz, 3996 MHz, 100 %, 47
2026/10/03 15:33:49.166, 745.13 W, 753.00 W, 1965 MHz, 3996 MHz, 100 %, 46
2026/10/03 15:33:49.266, 744.87 W, 756.09 W, 1965 MHz, 3996 MHz, 100 %, 47
2026/10/03 15:33:49.366, 744.91 W, 744.64 W, 1965 MHz, 3996 MHz, 100 %, 47
2026/10/03 15:33:49.466, 744.45 W, 746.56 W, 1965 MHz, 3996 MHz, 100 %, 47
2026/10/03 15:33:49.566, 744.64 W, 743.32 W, 1965 MHz, 3996 MHz, 100 %, 47
2026/10/03 15:33:49.666, 744.58 W, 741.40 W, 1965 MHz, 3996 MHz, 100 %, 47
2026/10/03 15:33:49.766, 707.53 W, 250.18 W, 1965 MHz, 3996 MHz, 30 %, 44
2026/10/03 15:33:49.866, 658.18 W, 248.47 W, 1965 MHz, 3996 MHz, 30 %, 41
2026/10/03 15:33:49.966, 608.13 W, 247.57 W, 1965 MHz, 3996 MHz, 0 %, 40
2026/10/03 15:33:50.067, 558.96 W, 246.29 W, 1965 MHz, 3996 MHz, 0 %, 39
2026/10/03 15:33:50.167, 507.96 W, 245.91 W, 1965 MHz, 3996 MHz, 0 %, 38
2026/10/03 15:33:50.267, 458.55 W, 245.01 W, 1965 MHz, 3996 MHz, 0 %, 38
2026/10/03 15:33:50.367, 408.59 W, 245.01 W, 1965 MHz, 3996 MHz, 0 %, 37
2026/10/03 15:33:50.467, 358.96 W, 243.99 W, 1965 MHz, 3996 MHz, 0 %, 37
2026/10/03 15:33:50.567, 308.78 W, 243.99 W, 1965 MHz, 3996 MHz, 0 %, 36
2026/10/03 15:33:50.667, 268.29 W, 244.37 W, 1965 MHz, 3996 MHz, 0 %, 36
2026/10/03 15:33:50.767, 246.14 W, 254.98 W, 1965 MHz, 3996 MHz, 3 %, 36
2026/10/03 15:33:50.867, 245.67 W, 242.66 W, 1965 MHz, 3996 MHz, 3 %, 36
2026/10/03 15:33:50.967, 245.12 W, 243.73 W, 1965 MHz, 3996 MHz, 0 %, 35
2026/10/03 15:33:51.067, 244.61 W, 242.66 W, 1965 MHz, 3996 MHz, 0 %, 35
2026/10/03 15:33:51.167, 244.35 W, 243.55 W, 1965 MHz, 3996 MHz, 0 %, 35
2026/10/03 15:33:51.267, 244.15 W, 242.66 W, 1965 MHz, 3996 MHz, 0 %, 35
2026/10/03 15:33:51.367, 243.96 W, 243.55 W, 1965 MHz, 3996 MHz, 0 %, 35
2026/10/03 15:33:51.468, 243.80 W, 242.66 W, 1965 MHz, 3996 MHz, 0 %, 35
2026/10/03 15:33:51.568, 243.66 W, 242.66 W, 1965 MHz, 3996 MHz, 0 %, 35
2026/10/03 15:33:51.668, 243.47 W, 243.30 W, 1965 MHz, 3996 MHz, 0 %, 34
2026/10/03 15:33:51.768, 243.18 W, 243.30 W, 1965 MHz, 3996 MHz, 0 %, 34
2026/10/03 15:33:51.868, 242.97 W, 242.27 W, 1965 MHz, 3996 MHz, 0 %, 34
2026/10/03 15:33:51.968, 242.87 W, 242.27 W, 1965 MHz, 3996 MHz, 0 %, 34
2026/10/03 15:33:52.068, 242.80 W, 242.92 W, 1965 MHz, 3996 MHz, 0 %, 34
2026/10/03 15:33:52.168, 242.71 W, 242.01 W, 1965 MHz, 3996 MHz, 0 %, 34
2026/10/03 15:33:52.268, 242.60 W, 242.01 W, 1965 MHz, 3996 MHz, 0 %, 34
2026/10/03 15:33:52.368, 242.50 W, 241.63 W, 1965 MHz, 3996 MHz, 0 %, 34
2026/10/03 15:33:52.468, 241.18 W, 206.02 W, 1162 MHz, 3996 MHz, 0 %, 34
2026/10/03 15:33:52.568, 236.57 W, 203.40 W, 1110 MHz, 3996 MHz, 0 %, 33
2026/10/03 15:33:52.668, 231.72 W, 203.40 W, 1110 MHz, 3996 MHz, 0 %, 33
2026/10/03 15:33:52.769, 228.39 W, 202.11 W, 1110 MHz, 3996 MHz, 0 %, 33
2026/10/03 15:33:52.869, 224.14 W, 201.26 W, 1080 MHz, 3996 MHz, 0 %, 33
2026/10/03 15:33:52.969, 220.20 W, 200.84 W, 1050 MHz, 3996 MHz, 0 %, 33
2026/10/03 15:33:53.069, 216.56 W, 200.19 W, 1050 MHz, 3996 MHz, 0 %, 33
2026/10/03 15:33:53.169, 212.37 W, 199.98 W, 1020 MHz, 3996 MHz, 0 %, 33
2026/10/03 15:33:53.269, 208.23 W, 199.50 W, 1020 MHz, 3996 MHz, 0 %, 33
2026/10/03 15:33:53.369, 206.17 W, 240.74 W, 1965 MHz, 3996 MHz, 0 %, 33
2026/10/03 15:33:53.469, 207.83 W, 241.38 W, 1965 MHz, 3996 MHz, 0 %, 33
2026/10/03 15:33:53.569, 211.73 W, 240.99 W, 1965 MHz, 3996 MHz, 0 %, 33
2026/10/03 15:33:53.669, 215.43 W, 240.74 W, 1965 MHz, 3996 MHz, 0 %, 33
2026/10/03 15:33:53.769, 219.24 W, 240.74 W, 1965 MHz, 3996 MHz, 0 %, 33
2026/10/03 15:33:53.869, 223.10 W, 240.35 W, 1965 MHz, 3996 MHz, 0 %, 33
2026/10/03 15:33:53.969, 226.87 W, 240.35 W, 1965 MHz, 3996 MHz, 0 %, 33
2026/10/03 15:33:54.069, 230.77 W, 240.74 W, 1965 MHz, 3996 MHz, 0 %, 33
2026/10/03 15:33:54.170, 234.71 W, 240.74 W, 1965 MHz, 3996 MHz, 0 %, 33
2026/10/03 15:33:54.270, 239.61 W, 240.99 W, 1965 MHz, 3996 MHz, 0 %, 33
2026/10/03 15:33:54.370, 240.93 W, 240.74 W, 1965 MHz, 3996 MHz, 0 %, 33
2026/10/03 15:33:54.470, 240.96 W, 240.10 W, 1965 MHz, 3996 MHz, 0 %, 33
2026/10/03 15:33:54.570, 240.91 W, 241.38 W, 1965 MHz, 3996 MHz, 0 %, 33
2026/10/03 15:33:54.670, 240.87 W, 240.74 W, 1965 MHz, 3996 MHz, 0 %, 33
2026/10/03 15:33:54.770, 240.84 W, 240.74 W, 1965 MHz, 3996 MHz, 0 %, 33
2026/10/03 15:33:54.870, 240.83 W, 240.10 W, 1965 MHz, 3996 MHz, 0 %, 33
2026/10/03 15:33:54.970, 240.86 W, 241.38 W, 1965 MHz, 3996 MHz, 0 %, 33
2026/10/03 15:33:55.070, 240.89 W, 240.99 W, 1965 MHz, 3996 MHz, 0 %, 33
2026/10/03 15:33:55.170, 240.86 W, 240.99 W, 1965 MHz, 3996 MHz, 0 %, 33
2026/10/03 15:33:55.270, 240.82 W, 240.99 W, 1965 MHz, 3996 MHz, 0 %, 33
2026/10/03 15:33:55.370, 240.76 W, 240.74 W, 1965 MHz, 3996 MHz, 0 %, 33
2026/10/03 15:33:55.471, 240.65 W, 240.10 W, 1965 MHz, 3996 MHz, 0 %, 33
2026/10/03 15:33:55.571, 240.63 W, 240.10 W, 1965 MHz, 3996 MHz, 1 %, 33
2026/10/03 15:33:55.671, 240.82 W, 242.92 W, 1965 MHz, 3996 MHz, 1 %, 33
2026/10/03 15:33:55.771, 240.84 W, 240.99 W, 1965 MHz, 3996 MHz, 0 %, 33
2026/10/03 15:33:55.871, 240.85 W, 240.10 W, 1965 MHz, 3996 MHz, 0 %, 33
2026/10/03 15:33:55.971, 240.82 W, 240.35 W, 1965 MHz, 3996 MHz, 0 %, 33
2026/10/03 15:33:56.071, 240.77 W, 240.35 W, 1965 MHz, 3996 MHz, 0 %, 33
2026/10/03 15:33:56.171, 240.74 W, 240.10 W, 1965 MHz, 3996 MHz, 0 %, 33
2026/10/03 15:33:56.271, 240.72 W, 240.99 W, 1965 MHz, 3996 MHz, 0 %, 33
2026/10/03 15:33:56.371, 240.67 W, 240.10 W, 1965 MHz, 3996 MHz, 0 %, 33
2026/10/03 15:33:56.471, 240.71 W, 240.10 W, 1965 MHz, 3996 MHz, 0 %, 33
2026/10/03 15:33:56.571, 240.68 W, 240.35 W, 1965 MHz, 3996 MHz, 0 %, 33
2026/10/03 15:33:56.671, 240.47 W, 239.45 W, 1965 MHz, 3996 MHz, 0 %, 33
2026/10/03 15:33:56.771, 240.36 W, 239.45 W, 1965 MHz, 3996 MHz, 0 %, 32
2026/10/03 15:33:56.872, 240.31 W, 240.10 W, 1965 MHz, 3996 MHz, 0 %, 32
2026/10/03 15:33:56.972, 240.28 W, 240.35 W, 1965 MHz, 3996 MHz, 0 %, 32
2026/10/03 15:33:57.072, 240.22 W, 239.71 W, 1965 MHz, 3996 MHz, 0 %, 32
2026/10/03 15:33:57.172, 240.20 W, 240.35 W, 1965 MHz, 3996 MHz, 0 %, 32
2026/10/03 15:33:57.272, 240.18 W, 239.45 W, 1965 MHz, 3996 MHz, 0 %, 32
2026/10/03 15:33:57.372, 240.19 W, 240.10 W, 1965 MHz, 3996 MHz, 0 %, 32
2026/10/03 15:33:57.472, 240.15 W, 240.10 W, 1965 MHz, 3996 MHz, 0 %, 32
2026/10/03 15:33:57.572, 240.15 W, 239.45 W, 1965 MHz, 3996 MHz, 0 %, 32
2026/10/03 15:33:57.672, 240.12 W, 240.99 W, 1965 MHz, 3996 MHz, 0 %, 32
2026/10/03 15:33:57.772, 240.11 W, 240.10 W, 1965 MHz, 3996 MHz, 0 %, 32
2026/10/03 15:33:57.872, 240.09 W, 240.35 W, 1965 MHz, 3996 MHz, 0 %, 32
2026/10/03 15:33:57.972, 240.08 W, 240.10 W, 1965 MHz, 3996 MHz, 0 %, 32
2026/10/03 15:33:58.072, 240.08 W, 240.35 W, 1965 MHz, 3996 MHz, 0 %, 32
2026/10/03 15:33:58.172, 240.10 W, 240.10 W, 1965 MHz, 3996 MHz, 0 %, 32
2026/10/03 15:33:58.273, 240.09 W, 239.45 W, 1965 MHz, 3996 MHz, 0 %, 32
2026/10/03 15:33:58.373, 240.04 W, 239.71 W, 1965 MHz, 3996 MHz, 0 %, 32
2026/10/03 15:33:58.473, 263.38 W, 675.64 W, 1965 MHz, 3996 MHz, 0 %, 32
2026/10/03 15:33:58.573, 308.89 W, 693.69 W, 1965 MHz, 3996 MHz, 100 %, 37
2026/10/03 15:33:58.673, 352.69 W, 683.43 W, 1965 MHz, 3996 MHz, 100 %, 38
2026/10/03 15:33:58.773, 397.82 W, 709.19 W, 1965 MHz, 3996 MHz, 100 %, 39
2026/10/03 15:33:58.873, 442.92 W, 685.27 W, 1965 MHz, 3996 MHz, 100 %, 39
2026/10/03 15:33:58.973, 487.51 W, 689.79 W, 1965 MHz, 3996 MHz, 100 %, 40
2026/10/03 15:33:59.073, 532.99 W, 692.41 W, 1965 MHz, 3996 MHz, 100 %, 40
2026/10/03 15:33:59.173, 578.43 W, 684.63 W, 1965 MHz, 3996 MHz, 100 %, 41
2026/10/03 15:33:59.273, 623.32 W, 696.25 W, 1965 MHz, 3996 MHz, 100 %, 41
2026/10/03 15:33:59.373, 668.64 W, 686.54 W, 1965 MHz, 3996 MHz, 100 %, 41
2026/10/03 15:33:59.473, 691.02 W, 698.86 W, 1965 MHz, 3996 MHz, 100 %, 42
2026/10/03 15:33:59.573, 691.68 W, 686.54 W, 1965 MHz, 3996 MHz, 100 %, 42
2026/10/03 15:33:59.673, 692.51 W, 700.77 W, 1965 MHz, 3996 MHz, 100 %, 42
2026/10/03 15:33:59.774, 693.18 W, 691.08 W, 1965 MHz, 3996 MHz, 100 %, 42
2026/10/03 15:33:59.874, 692.64 W, 689.16 W, 1965 MHz, 3996 MHz, 100 %, 42
2026/10/03 15:33:59.974, 693.82 W, 698.86 W, 1965 MHz, 3996 MHz, 100 %, 43
2026/10/03 15:34:00.074, 693.47 W, 688.52 W, 1965 MHz, 3996 MHz, 100 %, 43
2026/10/03 15:34:00.174, 693.94 W, 711.80 W, 1965 MHz, 3996 MHz, 100 %, 43
2026/10/03 15:34:00.274, 694.43 W, 688.52 W, 1965 MHz, 3996 MHz, 100 %, 43
2026/10/03 15:34:00.374, 694.12 W, 691.72 W, 1965 MHz, 3996 MHz, 100 %, 43
2026/10/03 15:34:00.474, 694.55 W, 691.08 W, 1965 MHz, 3996 MHz, 100 %, 43
2026/10/03 15:34:00.574, 694.84 W, 687.88 W, 1965 MHz, 3996 MHz, 100 %, 43
2026/10/03 15:34:00.674, 694.66 W, 696.25 W, 1965 MHz, 3996 MHz, 100 %, 43
2026/10/03 15:34:00.774, 694.89 W, 689.16 W, 1965 MHz, 3996 MHz, 100 %, 43
2026/10/03 15:34:00.874, 695.45 W, 702.75 W, 1965 MHz, 3996 MHz, 100 %, 43
2026/10/03 15:34:00.974, 694.86 W, 689.16 W, 1965 MHz, 3996 MHz, 100 %, 43
2026/10/03 15:34:01.074, 695.45 W, 702.75 W, 1965 MHz, 3996 MHz, 100 %, 44
2026/10/03 15:34:01.174, 695.56 W, 691.72 W, 1965 MHz, 3996 MHz, 100 %, 44
2026/10/03 15:34:01.275, 695.22 W, 698.21 W, 1965 MHz, 3996 MHz, 100 %, 44
2026/10/03 15:34:01.375, 696.03 W, 700.77 W, 1965 MHz, 3996 MHz, 100 %, 44
2026/10/03 15:34:01.475, 695.56 W, 690.44 W, 1965 MHz, 3996 MHz, 100 %, 44
2026/10/03 15:34:01.575, 695.83 W, 712.44 W, 1965 MHz, 3996 MHz, 100 %, 44
2026/10/03 15:34:01.675, 695.99 W, 689.79 W, 1965 MHz, 3996 MHz, 100 %, 44
2026/10/03 15:34:01.775, 695.80 W, 693.69 W, 1965 MHz, 3996 MHz, 100 %, 44
2026/10/03 15:34:01.875, 696.13 W, 693.69 W, 1965 MHz, 3996 MHz, 100 %, 44
2026/10/03 15:34:01.975, 696.23 W, 689.16 W, 1965 MHz, 3996 MHz, 100 %, 44
2026/10/03 15:34:02.075, 695.88 W, 699.50 W, 1965 MHz, 3996 MHz, 100 %, 44
2026/10/03 15:34:02.175, 696.05 W, 689.79 W, 1965 MHz, 3996 MHz, 100 %, 44
2026/10/03 15:34:02.275, 696.26 W, 701.41 W, 1965 MHz, 3996 MHz, 100 %, 44
2026/10/03 15:34:02.375, 695.58 W, 690.44 W, 1965 MHz, 3996 MHz, 100 %, 44
2026/10/03 15:34:02.475, 696.03 W, 700.77 W, 1965 MHz, 3996 MHz, 100 %, 44
2026/10/03 15:34:02.575, 695.87 W, 693.04 W, 1965 MHz, 3996 MHz, 100 %, 44
2026/10/03 15:34:02.675, 695.65 W, 696.94 W, 1965 MHz, 3996 MHz, 100 %, 44
2026/10/03 15:34:02.776, 696.28 W, 701.41 W, 1965 MHz, 3996 MHz, 100 %, 44
2026/10/03 15:34:02.876, 695.73 W, 691.08 W, 1965 MHz, 3996 MHz, 100 %, 44
2026/10/03 15:34:02.976, 695.92 W, 713.09 W, 1965 MHz, 3996 MHz, 100 %, 44
2026/10/03 15:34:03.076, 695.94 W, 687.79 W, 1965 MHz, 3996 MHz, 100 %, 44
2026/10/03 15:34:03.176, 695.50 W, 695.60 W, 1965 MHz, 3996 MHz, 100 %, 44
2026/10/03 15:34:03.276, 695.85 W, 690.44 W, 1965 MHz, 3996 MHz, 100 %, 44
2026/10/03 15:34:03.376, 695.82 W, 692.41 W, 1965 MHz, 3996 MHz, 100 %, 44
2026/10/03 15:34:03.476, 695.74 W, 698.21 W, 1965 MHz, 3996 MHz, 100 %, 44
2026/10/03 15:34:03.576, 695.94 W, 691.08 W, 1965 MHz, 3996 MHz, 100 %, 44
2026/10/03 15:34:03.676, 696.28 W, 702.11 W, 1965 MHz, 3996 MHz, 100 %, 45
2026/10/03 15:34:03.776, 695.75 W, 691.72 W, 1965 MHz, 3996 MHz, 100 %, 45
2026/10/03 15:34:03.876, 696.19 W, 703.38 W, 1965 MHz, 3996 MHz, 100 %, 45
2026/10/03 15:34:03.976, 695.90 W, 691.72 W, 1965 MHz, 3996 MHz, 100 %, 45
2026/10/03 15:34:04.076, 695.92 W, 701.41 W, 1965 MHz, 3996 MHz, 100 %, 45
2026/10/03 15:34:04.176, 696.44 W, 697.58 W, 1965 MHz, 3996 MHz, 100 %, 45
2026/10/03 15:34:04.277, 696.03 W, 691.72 W, 1965 MHz, 3996 MHz, 100 %, 45
2026/10/03 15:34:04.377, 696.95 W, 707.28 W, 1965 MHz, 3996 MHz, 100 %, 45
2026/10/03 15:34:04.477, 696.74 W, 690.44 W, 1965 MHz, 3996 MHz, 100 %, 45
2026/10/03 15:34:04.577, 696.78 W, 715.00 W, 1965 MHz, 3996 MHz, 100 %, 45
2026/10/03 15:34:04.677, 696.95 W, 691.72 W, 1965 MHz, 3996 MHz, 100 %, 45
2026/10/03 15:34:04.777, 697.13 W, 694.96 W, 1965 MHz, 3996 MHz, 100 %, 45
2026/10/03 15:34:04.877, 697.32 W, 697.58 W, 1965 MHz, 3996 MHz, 100 %, 45
2026/10/03 15:34:04.977, 697.28 W, 690.35 W, 1965 MHz, 3996 MHz, 100 %, 45
2026/10/03 15:34:05.077, 697.64 W, 700.03 W, 1965 MHz, 3996 MHz, 100 %, 45
2026/10/03 15:34:05.177, 697.63 W, 692.31 W, 1965 MHz, 3996 MHz, 100 %, 45
2026/10/03 15:34:05.277, 698.05 W, 704.56 W, 1965 MHz, 3996 MHz, 100 %, 45
2026/10/03 15:34:05.377, 697.48 W, 690.99 W, 1965 MHz, 3996 MHz, 100 %, 45
2026/10/03 15:34:05.477, 697.94 W, 704.56 W, 1965 MHz, 3996 MHz, 100 %, 45
2026/10/03 15:34:05.577, 697.66 W, 693.59 W, 1965 MHz, 3996 MHz, 100 %, 45
2026/10/03 15:34:05.678, 697.37 W, 700.03 W, 1965 MHz, 3996 MHz, 100 %, 45
2026/10/03 15:34:05.778, 698.03 W, 702.75 W, 1965 MHz, 3996 MHz, 100 %, 45
2026/10/03 15:34:05.878, 697.54 W, 691.68 W, 1965 MHz, 3996 MHz, 100 %, 45
2026/10/03 15:34:05.978, 697.84 W, 714.25 W, 1965 MHz, 3996 MHz, 100 %, 45
2026/10/03 15:34:06.078, 697.89 W, 690.35 W, 1965 MHz, 3996 MHz, 100 %, 45
2026/10/03 15:34:06.178, 697.53 W, 697.48 W, 1965 MHz, 3996 MHz, 100 %, 45
2026/10/03 15:34:06.278, 697.67 W, 694.23 W, 1965 MHz, 3996 MHz, 100 %, 45
2026/10/03 15:34:06.378, 697.68 W, 692.96 W, 1965 MHz, 3996 MHz, 100 %, 45
2026/10/03 15:34:06.478, 697.47 W, 693.59 W, 1965 MHz, 3996 MHz, 100 %, 45
2026/10/03 15:34:06.578, 697.67 W, 691.68 W, 1965 MHz, 3996 MHz, 100 %, 45
2026/10/03 15:34:06.678, 697.99 W, 705.89 W, 1965 MHz, 3996 MHz, 100 %, 45
2026/10/03 15:34:06.778, 697.69 W, 708.44 W, 1965 MHz, 3996 MHz, 100 %, 45
2026/10/03 15:34:06.878, 698.54 W, 698.12 W, 1965 MHz, 3996 MHz, 100 %, 45
2026/10/03 15:34:06.978, 698.19 W, 695.51 W, 1965 MHz, 3996 MHz, 100 %, 45
2026/10/03 15:34:07.078, 698.94 W, 712.34 W, 1965 MHz, 3996 MHz, 100 %, 45
2026/10/03 15:34:07.179, 699.18 W, 695.51 W, 1965 MHz, 3996 MHz, 100 %, 45
2026/10/03 15:34:07.279, 699.15 W, 702.64 W, 1965 MHz, 3996 MHz, 100 %, 45
2026/10/03 15:34:07.379, 699.77 W, 697.48 W, 1965 MHz, 3996 MHz, 100 %, 45
2026/10/03 15:34:07.479, 700.01 W, 702.01 W, 1965 MHz, 3996 MHz, 100 %, 45
2026/10/03 15:34:07.579, 699.94 W, 697.48 W, 1965 MHz, 3996 MHz, 100 %, 45
2026/10/03 15:34:07.679, 700.34 W, 696.20 W, 1965 MHz, 3996 MHz, 100 %, 45
2026/10/03 15:34:07.779, 700.81 W, 704.45 W, 1965 MHz, 3996 MHz, 100 %, 45
2026/10/03 15:34:07.879, 700.15 W, 696.84 W, 1965 MHz, 3996 MHz, 100 %, 45
2026/10/03 15:34:07.979, 700.80 W, 710.36 W, 1965 MHz, 3996 MHz, 100 %, 45
2026/10/03 15:34:08.079, 700.24 W, 694.23 W, 1965 MHz, 3996 MHz, 100 %, 45
2026/10/03 15:34:08.179, 700.46 W, 715.58 W, 1965 MHz, 3996 MHz, 100 %, 45
2026/10/03 15:34:08.279, 700.54 W, 692.96 W, 1965 MHz, 3996 MHz, 100 %, 45
2026/10/03 15:34:08.379, 699.99 W, 697.48 W, 1965 MHz, 3996 MHz, 100 %, 45
2026/10/03 15:34:08.479, 687.22 W, 301.87 W, 1965 MHz, 3996 MHz, 100 %, 45
2026/10/03 15:34:08.579, 642.71 W, 250.18 W, 1965 MHz, 3996 MHz, 1 %, 42
2026/10/03 15:34:08.680, 608.77 W, 251.73 W, 1965 MHz, 3996 MHz, 1 %, 40
2026/10/03 15:34:08.780, 555.59 W, 245.65 W, 1965 MHz, 3996 MHz, 1 %, 39
2026/10/03 15:34:08.880, 516.11 W, 247.19 W, 1965 MHz, 3996 MHz, 1 %, 38
2026/10/03 15:34:08.980, 461.55 W, 247.19 W, 1965 MHz, 3996 MHz, 0 %, 38
2026/10/03 15:34:09.080, 425.51 W, 247.45 W, 1965 MHz, 3996 MHz, 0 %, 37
2026/10/03 15:34:09.180, 371.03 W, 245.91 W, 1965 MHz, 3996 MHz, 0 %, 37
2026/10/03 15:34:09.280, 332.84 W, 244.37 W, 1965 MHz, 3996 MHz, 0 %, 36
2026/10/03 15:34:09.380, 280.40 W, 243.73 W, 1965 MHz, 3996 MHz, 0 %, 36
2026/10/03 15:34:09.480, 248.15 W, 245.01 W, 1965 MHz, 3996 MHz, 0 %, 36
2026/10/03 15:34:09.580, 246.27 W, 243.73 W, 1965 MHz, 3996 MHz, 0 %, 35
2026/10/03 15:34:09.680, 245.54 W, 243.04 W, 1965 MHz, 3996 MHz, 0 %, 35
2026/10/03 15:34:09.780, 245.18 W, 243.04 W, 1965 MHz, 3996 MHz, 0 %, 35
2026/10/03 15:34:09.880, 244.89 W, 243.04 W, 1965 MHz, 3996 MHz, 0 %, 35
2026/10/03 15:34:09.980, 244.45 W, 242.66 W, 1965 MHz, 3996 MHz, 0 %, 35
2026/10/03 15:34:10.081, 245.54 W, 255.35 W, 1965 MHz, 3996 MHz, 0 %, 35
2026/10/03 15:34:10.181, 245.32 W, 242.01 W, 1965 MHz, 3996 MHz, 3 %, 35
2026/10/03 15:34:10.281, 244.99 W, 241.76 W, 1965 MHz, 3996 MHz, 3 %, 34
2026/10/03 15:34:10.381, 244.72 W, 241.76 W, 1965 MHz, 3996 MHz, 0 %, 34
2026/10/03 15:34:10.481, 244.38 W, 242.01 W, 1965 MHz, 3996 MHz, 0 %, 34
2026/10/03 15:34:10.581, 244.10 W, 241.76 W, 1965 MHz, 3996 MHz, 0 %, 34
2026/10/03 15:34:10.681, 243.84 W, 241.12 W, 1965 MHz, 3996 MHz, 0 %, 34
2026/10/03 15:34:10.781, 243.76 W, 241.76 W, 1965 MHz, 3996 MHz, 0 %, 34
2026/10/03 15:34:10.881, 243.56 W, 241.12 W, 1965 MHz, 3996 MHz, 0 %, 34
2026/10/03 15:34:10.981, 243.39 W, 241.12 W, 1965 MHz, 3996 MHz, 0 %, 34
2026/10/03 15:34:11.081, 241.77 W, 241.12 W, 1965 MHz, 3996 MHz, 0 %, 34
2026/10/03 15:34:11.181, 241.56 W, 241.38 W, 1965 MHz, 3996 MHz, 0 %, 34
2026/10/03 15:34:11.281, 241.47 W, 240.74 W, 1965 MHz, 3996 MHz, 0 %, 34
2026/10/03 15:34:11.381, 241.37 W, 240.48 W, 1965 MHz, 3996 MHz, 0 %, 34
2026/10/03 15:34:11.481, 241.30 W, 241.12 W, 1965 MHz, 3996 MHz, 0 %, 34
2026/10/03 15:34:11.582, 241.20 W, 241.12 W, 1965 MHz, 3996 MHz, 0 %, 33
2026/10/03 15:34:11.682, 241.20 W, 241.12 W, 1965 MHz, 3996 MHz, 0 %, 33
2026/10/03 15:34:11.782, 241.17 W, 241.38 W, 1965 MHz, 3996 MHz, 0 %, 33
2026/10/03 15:34:11.882, 241.13 W, 240.48 W, 1965 MHz, 3996 MHz, 0 %, 33
2026/10/03 15:34:11.982, 241.07 W, 240.48 W, 1965 MHz, 3996 MHz, 0 %, 33
2026/10/03 15:34:12.082, 241.03 W, 240.48 W, 1965 MHz, 3996 MHz, 0 %, 33
2026/10/03 15:34:12.182, 240.99 W, 240.74 W, 1965 MHz, 3996 MHz, 0 %, 33
2026/10/03 15:34:12.282, 240.94 W, 240.48 W, 1965 MHz, 3996 MHz, 0 %, 33
2026/10/03 15:34:12.382, 240.94 W, 240.48 W, 1965 MHz, 3996 MHz, 0 %, 33
2026/10/03 15:34:12.482, 240.98 W, 241.12 W, 1965 MHz, 3996 MHz, 0 %, 33
2026/10/03 15:34:12.582, 268.03 W, 685.18 W, 1965 MHz, 3996 MHz, 42 %, 33
2026/10/03 15:34:12.682, 313.38 W, 687.79 W, 1965 MHz, 3996 MHz, 42 %, 37
2026/10/03 15:34:12.782, 359.06 W, 695.51 W, 1965 MHz, 3996 MHz, 100 %, 39
2026/10/03 15:34:12.882, 404.16 W, 689.07 W, 1965 MHz, 3996 MHz, 100 %, 39
2026/10/03 15:34:12.982, 444.99 W, 691.68 W, 1965 MHz, 3996 MHz, 100 %, 40
2026/10/03 15:34:13.083, 493.92 W, 691.68 W, 1965 MHz, 3996 MHz, 100 %, 41
2026/10/03 15:34:13.183, 540.27 W, 692.96 W, 1965 MHz, 3996 MHz, 100 %, 41
2026/10/03 15:34:13.283, 585.99 W, 709.73 W, 1965 MHz, 3996 MHz, 100 %, 41
2026/10/03 15:34:13.383, 631.56 W, 690.44 W, 1965 MHz, 3996 MHz, 100 %, 42
2026/10/03 15:34:13.483, 676.89 W, 696.25 W, 1965 MHz, 3996 MHz, 100 %, 42
2026/10/03 15:34:13.583, 695.46 W, 694.33 W, 1965 MHz, 3996 MHz, 100 %, 42
2026/10/03 15:34:13.683, 695.84 W, 690.99 W, 1965 MHz, 3996 MHz, 100 %, 43
2026/10/03 15:34:13.783, 696.32 W, 701.37 W, 1965 MHz, 3996 MHz, 100 %, 43
2026/10/03 15:34:13.883, 696.79 W, 693.59 W, 1965 MHz, 3996 MHz, 100 %, 43
2026/10/03 15:34:13.983, 697.15 W, 693.59 W, 1965 MHz, 3996 MHz, 100 %, 43
2026/10/03 15:34:14.083, 697.40 W, 694.87 W, 1965 MHz, 3996 MHz, 100 %, 43
2026/10/03 15:34:14.183, 697.54 W, 694.87 W, 1965 MHz, 3996 MHz, 100 %, 43
2026/10/03 15:34:14.283, 697.74 W, 709.08 W, 1965 MHz, 3996 MHz, 100 %, 43
2026/10/03 15:34:14.383, 697.84 W, 692.96 W, 1965 MHz, 3996 MHz, 100 %, 44
2026/10/03 15:34:14.484, 698.12 W, 698.02 W, 1965 MHz, 3996 MHz, 100 %, 44
2026/10/03 15:34:14.584, 699.05 W, 730.43 W, 1965 MHz, 3996 MHz, 100 %, 44
2026/10/03 15:34:14.684, 699.21 W, 692.41 W, 1965 MHz, 3996 MHz, 100 %, 44
2026/10/03 15:34:14.784, 699.40 W, 705.30 W, 1965 MHz, 3996 MHz, 100 %, 44
2026/10/03 15:34:14.884, 699.32 W, 694.96 W, 1965 MHz, 3996 MHz, 100 %, 44
2026/10/03 15:34:14.984, 699.40 W, 693.04 W, 1965 MHz, 3996 MHz, 100 %, 44
2026/10/03 15:34:15.084, 699.58 W, 696.25 W, 1965 MHz, 3996 MHz, 100 %, 44
2026/10/03 15:34:15.184, 699.54 W, 694.96 W, 1965 MHz, 3996 MHz, 100 %, 44
2026/10/03 15:34:15.284, 699.85 W, 704.02 W, 1965 MHz, 3996 MHz, 100 %, 44
2026/10/03 15:34:15.384, 699.74 W, 694.33 W, 1965 MHz, 3996 MHz, 100 %, 44
2026/10/03 15:34:15.484, 699.84 W, 698.86 W, 1965 MHz, 3996 MHz, 100 %, 44
2026/10/03 15:34:15.584, 700.25 W, 713.72 W, 1965 MHz, 3996 MHz, 100 %, 44
2026/10/03 15:34:15.684, 699.84 W, 694.96 W, 1965 MHz, 3996 MHz, 100 %, 44
2026/10/03 15:34:15.784, 699.92 W, 709.19 W, 1965 MHz, 3996 MHz, 100 %, 44
2026/10/03 15:34:15.885, 699.88 W, 694.33 W, 1965 MHz, 3996 MHz, 100 %, 44
2026/10/03 15:34:15.985, 699.91 W, 694.33 W, 1965 MHz, 3996 MHz, 100 %, 44
2026/10/03 15:34:16.085, 701.27 W, 714.36 W, 1965 MHz, 3996 MHz, 100 %, 45
2026/10/03 15:34:16.185, 701.20 W, 695.60 W, 1965 MHz, 3996 MHz, 100 %, 45
2026/10/03 15:34:16.285, 701.45 W, 702.11 W, 1965 MHz, 3996 MHz, 100 %, 45
2026/10/03 15:34:16.385, 701.44 W, 694.96 W, 1965 MHz, 3996 MHz, 100 %, 45
2026/10/03 15:34:16.485, 701.41 W, 700.77 W, 1965 MHz, 3996 MHz, 100 %, 45
2026/10/03 15:34:16.585, 702.11 W, 713.72 W, 1965 MHz, 3996 MHz, 100 %, 45
2026/10/03 15:34:16.685, 701.85 W, 694.96 W, 1965 MHz, 3996 MHz, 100 %, 45
2026/10/03 15:34:16.785, 702.11 W, 713.09 W, 1965 MHz, 3996 MHz, 100 %, 45
2026/10/03 15:34:16.885, 701.74 W, 694.33 W, 1965 MHz, 3996 MHz, 100 %, 45
2026/10/03 15:34:16.985, 701.94 W, 695.60 W, 1965 MHz, 3996 MHz, 100 %, 45
2026/10/03 15:34:17.085, 701.55 W, 720.17 W, 1965 MHz, 3996 MHz, 100 %, 45
2026/10/03 15:34:17.185, 701.15 W, 696.84 W, 1965 MHz, 3996 MHz, 100 %, 45
2026/10/03 15:34:17.285, 701.33 W, 703.28 W, 1965 MHz, 3996 MHz, 100 %, 45
2026/10/03 15:34:17.386, 701.24 W, 695.47 W, 1965 MHz, 3996 MHz, 100 %, 45
2026/10/03 15:34:17.486, 701.20 W, 699.40 W, 1965 MHz, 3996 MHz, 100 %, 45
2026/10/03 15:34:17.586, 700.92 W, 714.88 W, 1965 MHz, 3996 MHz, 100 %, 45
2026/10/03 15:34:17.686, 700.95 W, 697.48 W, 1965 MHz, 3996 MHz, 100 %, 45
2026/10/03 15:34:17.786, 701.24 W, 714.88 W, 1965 MHz, 3996 MHz, 100 %, 45
2026/10/03 15:34:17.886, 700.98 W, 695.51 W, 1965 MHz, 3996 MHz, 100 %, 45
2026/10/03 15:34:17.986, 701.15 W, 695.51 W, 1965 MHz, 3996 MHz, 100 %, 45
2026/10/03 15:34:18.086, 701.30 W, 727.18 W, 1965 MHz, 3996 MHz, 100 %, 45
2026/10/03 15:34:18.186, 701.14 W, 696.20 W, 1965 MHz, 3996 MHz, 100 %, 45
2026/10/03 15:34:18.286, 701.25 W, 703.28 W, 1965 MHz, 3996 MHz, 100 %, 45
2026/10/03 15:34:18.386, 701.03 W, 694.87 W, 1965 MHz, 3996 MHz, 100 %, 45
2026/10/03 15:34:18.486, 701.19 W, 700.03 W, 1965 MHz, 3996 MHz, 100 %, 45
2026/10/03 15:34:18.586, 701.49 W, 712.97 W, 1965 MHz, 3996 MHz, 100 %, 45
2026/10/03 15:34:18.687, 701.19 W, 698.12 W, 1965 MHz, 3996 MHz, 100 %, 45
2026/10/03 15:34:18.787, 701.15 W, 714.25 W, 1965 MHz, 3996 MHz, 100 %, 45
2026/10/03 15:34:18.887, 701.15 W, 693.59 W, 1965 MHz, 3996 MHz, 100 %, 45
2026/10/03 15:34:18.987, 700.95 W, 696.94 W, 1965 MHz, 3996 MHz, 100 %, 45
2026/10/03 15:34:19.087, 701.85 W, 731.70 W, 1965 MHz, 3996 MHz, 100 %, 45
2026/10/03 15:34:19.187, 701.78 W, 696.20 W, 1965 MHz, 3996 MHz, 100 %, 45
2026/10/03 15:34:19.287, 701.88 W, 703.92 W, 1965 MHz, 3996 MHz, 100 %, 45
2026/10/03 15:34:19.387, 701.69 W, 694.87 W, 1965 MHz, 3996 MHz, 100 %, 45
2026/10/03 15:34:19.487, 701.85 W, 698.76 W, 1965 MHz, 3996 MHz, 100 %, 45
2026/10/03 15:34:19.587, 701.83 W, 711.69 W, 1965 MHz, 3996 MHz, 100 %, 45
2026/10/03 15:34:19.687, 701.87 W, 698.02 W, 1965 MHz, 3996 MHz, 100 %, 45
2026/10/03 15:34:19.787, 702.13 W, 714.88 W, 1965 MHz, 3996 MHz, 100 %, 45
2026/10/03 15:34:19.887, 701.71 W, 694.33 W, 1965 MHz, 3996 MHz, 100 %, 45
2026/10/03 15:34:19.987, 701.90 W, 698.66 W, 1965 MHz, 3996 MHz, 100 %, 45
2026/10/03 15:34:20.087, 702.17 W, 728.46 W, 1965 MHz, 3996 MHz, 100 %, 45
2026/10/03 15:34:20.188, 701.47 W, 697.48 W, 1965 MHz, 3996 MHz, 100 %, 45
2026/10/03 15:34:20.288, 701.63 W, 704.56 W, 1965 MHz, 3996 MHz, 100 %, 45
2026/10/03 15:34:20.388, 701.43 W, 693.59 W, 1965 MHz, 3996 MHz, 100 %, 45
2026/10/03 15:34:20.488, 701.48 W, 696.84 W, 1965 MHz, 3996 MHz, 100 %, 45
2026/10/03 15:34:20.588, 701.76 W, 712.97 W, 1965 MHz, 3996 MHz, 100 %, 45
2026/10/03 15:34:20.688, 701.65 W, 697.48 W, 1965 MHz, 3996 MHz, 100 %, 45
2026/10/03 15:34:20.788, 701.70 W, 714.25 W, 1965 MHz, 3996 MHz, 100 %, 45
2026/10/03 15:34:20.888, 701.85 W, 693.04 W, 1965 MHz, 3996 MHz, 100 %, 45
2026/10/03 15:34:20.988, 701.78 W, 700.13 W, 1965 MHz, 3996 MHz, 100 %, 45
2026/10/03 15:34:21.088, 701.76 W, 728.59 W, 1965 MHz, 3996 MHz, 100 %, 45
2026/10/03 15:34:21.188, 701.82 W, 696.94 W, 1965 MHz, 3996 MHz, 100 %, 45
2026/10/03 15:34:21.289, 701.84 W, 705.30 W, 1965 MHz, 3996 MHz, 100 %, 45
2026/10/03 15:34:21.389, 701.83 W, 694.33 W, 1965 MHz, 3996 MHz, 100 %, 45
2026/10/03 15:34:21.489, 701.89 W, 697.58 W, 1965 MHz, 3996 MHz, 100 %, 45
2026/10/03 15:34:21.589, 702.48 W, 712.44 W, 1965 MHz, 3996 MHz, 100 %, 45
2026/10/03 15:34:21.689, 702.19 W, 700.13 W, 1965 MHz, 3996 MHz, 100 %, 45
2026/10/03 15:34:21.789, 702.29 W, 710.47 W, 1965 MHz, 3996 MHz, 100 %, 45
2026/10/03 15:34:21.889, 701.81 W, 694.33 W, 1965 MHz, 3996 MHz, 100 %, 45
2026/10/03 15:34:21.989, 701.97 W, 700.77 W, 1965 MHz, 3996 MHz, 100 %, 45
2026/10/03 15:34:22.089, 702.01 W, 729.23 W, 1965 MHz, 3996 MHz, 100 %, 45
2026/10/03 15:34:22.189, 702.01 W, 697.58 W, 1965 MHz, 3996 MHz, 100 %, 45
2026/10/03 15:34:22.289, 702.16 W, 706.63 W, 1965 MHz, 3996 MHz, 100 %, 45
2026/10/03 15:34:22.389, 701.89 W, 694.33 W, 1965 MHz, 3996 MHz, 100 %, 45
2026/10/03 15:34:22.489, 702.06 W, 696.94 W, 1965 MHz, 3996 MHz, 100 %, 45
2026/10/03 15:34:22.589, 702.25 W, 711.80 W, 1965 MHz, 3996 MHz, 100 %, 45
2026/10/03 15:34:22.690, 702.05 W, 699.50 W, 1965 MHz, 3996 MHz, 100 %, 45
2026/10/03 15:34:22.790, 669.42 W, 250.71 W, 1965 MHz, 3996 MHz, 55 %, 45
2026/10/03 15:34:22.890, 624.50 W, 247.83 W, 1965 MHz, 3996 MHz, 55 %, 41
2026/10/03 15:34:22.990, 579.39 W, 246.29 W, 1965 MHz, 3996 MHz, 0 %, 39
2026/10/03 15:34:23.090, 533.54 W, 248.90 W, 1965 MHz, 3996 MHz, 0 %, 38
2026/10/03 15:34:23.190, 487.85 W, 245.27 W, 1965 MHz, 3996 MHz, 0 %, 38
2026/10/03 15:34:23.290, 447.26 W, 244.63 W, 1965 MHz, 3996 MHz, 0 %, 37
2026/10/03 15:34:23.390, 396.40 W, 243.99 W, 1965 MHz, 3996 MHz, 0 %, 37
2026/10/03 15:34:23.490, 358.05 W, 243.99 W, 1965 MHz, 3996 MHz, 0 %, 36
2026/10/03 15:34:23.590, 304.81 W, 243.99 W, 1965 MHz, 3996 MHz, 0 %, 36
2026/10/03 15:34:23.690, 258.98 W, 243.30 W, 1965 MHz, 3996 MHz, 0 %, 36
2026/10/03 15:34:23.790, 245.30 W, 243.30 W, 1965 MHz, 3996 MHz, 0 %, 36
2026/10/03 15:34:23.890, 244.76 W, 246.17 W, 1965 MHz, 3996 MHz, 0 %, 35
2026/10/03 15:34:23.990, 244.86 W, 242.01 W, 1965 MHz, 3996 MHz, 3 %, 35
2026/10/03 15:34:24.091, 244.51 W, 242.40 W, 1965 MHz, 3996 MHz, 3 %, 35
2026/10/03 15:34:24.191, 244.19 W, 242.66 W, 1965 MHz, 3996 MHz, 0 %, 35
2026/10/03 15:34:24.291, 243.95 W, 241.76 W, 1965 MHz, 3996 MHz, 0 %, 35
2026/10/03 15:34:24.391, 243.78 W, 242.40 W, 1965 MHz, 3996 MHz, 0 %, 34
2026/10/03 15:34:24.491, 243.59 W, 242.01 W, 1965 MHz, 3996 MHz, 0 %, 34
2026/10/03 15:34:24.591, 243.43 W, 241.76 W, 1965 MHz, 3996 MHz, 0 %, 34
2026/10/03 15:34:24.691, 243.28 W, 243.04 W, 1965 MHz, 3996 MHz, 0 %, 34
2026/10/03 15:34:24.791, 243.19 W, 241.38 W, 1965 MHz, 3996 MHz, 0 %, 34
2026/10/03 15:34:24.891, 243.16 W, 243.73 W, 1965 MHz, 3996 MHz, 0 %, 34
2026/10/03 15:34:24.991, 242.52 W, 241.12 W, 1965 MHz, 3996 MHz, 0 %, 34
2026/10/03 15:34:25.091, 242.44 W, 241.38 W, 1965 MHz, 3996 MHz, 0 %, 34
2026/10/03 15:34:25.191, 242.34 W, 242.01 W, 1965 MHz, 3996 MHz, 0 %, 34
2026/10/03 15:34:25.291, 242.29 W, 241.12 W, 1965 MHz, 3996 MHz, 0 %, 34
2026/10/03 15:34:25.391, 242.23 W, 241.38 W, 1965 MHz, 3996 MHz, 0 %, 34
2026/10/03 15:34:25.492, 239.78 W, 203.61 W, 1222 MHz, 3996 MHz, 0 %, 33
2026/10/03 15:34:25.592, 235.81 W, 203.19 W, 1222 MHz, 3996 MHz, 0 %, 33
2026/10/03 15:34:25.692, 231.81 W, 201.90 W, 1140 MHz, 3996 MHz, 0 %, 33
2026/10/03 15:34:25.792, 228.09 W, 201.05 W, 1110 MHz, 3996 MHz, 0 %, 33
2026/10/03 15:34:25.892, 223.51 W, 200.41 W, 1110 MHz, 3996 MHz, 0 %, 33
2026/10/03 15:34:25.992, 219.50 W, 200.62 W, 1080 MHz, 3996 MHz, 0 %, 33
2026/10/03 15:34:26.092, 215.39 W, 201.05 W, 1080 MHz, 3996 MHz, 0 %, 33
2026/10/03 15:34:26.192, 211.29 W, 200.41 W, 1050 MHz, 3996 MHz, 0 %, 33
2026/10/03 15:34:26.292, 207.15 W, 200.62 W, 1050 MHz, 3996 MHz, 0 %, 32
2026/10/03 15:34:26.392, 205.01 W, 239.85 W, 1965 MHz, 3996 MHz, 0 %, 33
2026/10/03 15:34:26.492, 207.21 W, 239.85 W, 1965 MHz, 3996 MHz, 0 %, 33
2026/10/03 15:34:26.592, 210.94 W, 240.74 W, 1965 MHz, 3996 MHz, 0 %, 33
2026/10/03 15:34:26.692, 214.65 W, 241.38 W, 1965 MHz, 3996 MHz, 0 %, 33
2026/10/03 15:34:26.792, 218.80 W, 240.74 W, 1965 MHz, 3996 MHz, 0 %, 33
2026/10/03 15:34:26.893, 222.37 W, 240.74 W, 1965 MHz, 3996 MHz, 0 %, 33
2026/10/03 15:34:26.993, 226.19 W, 239.85 W, 1965 MHz, 3996 MHz, 0 %, 33
2026/10/03 15:34:27.093, 230.09 W, 240.10 W, 1965 MHz, 3996 MHz, 0 %, 33
2026/10/03 15:34:27.193, 233.96 W, 240.48 W, 1965 MHz, 3996 MHz, 0 %, 33
2026/10/03 15:34:27.293, 237.89 W, 240.48 W, 1965 MHz, 3996 MHz, 0 %, 33
2026/10/03 15:34:27.393, 240.64 W, 240.48 W, 1965 MHz, 3996 MHz, 0 %, 33
2026/10/03 15:34:27.493, 240.69 W, 240.74 W, 1965 MHz, 3996 MHz, 0 %, 33
2026/10/03 15:34:27.593, 240.69 W, 240.48 W, 1965 MHz, 3996 MHz, 0 %, 33
2026/10/03 15:34:27.693, 240.62 W, 239.85 W, 1965 MHz, 3996 MHz, 0 %, 33
2026/10/03 15:34:27.793, 240.56 W, 240.10 W, 1965 MHz, 3996 MHz, 0 %, 33
2026/10/03 15:34:27.893, 240.49 W, 239.45 W, 1965 MHz, 3996 MHz, 0 %, 33
2026/10/03 15:34:27.993, 240.44 W, 240.35 W, 1965 MHz, 3996 MHz, 0 %, 33
2026/10/03 15:34:28.093, 240.45 W, 240.35 W, 1965 MHz, 3996 MHz, 0 %, 33
2026/10/03 15:34:28.194, 240.43 W, 240.35 W, 1965 MHz, 3996 MHz, 0 %, 33
2026/10/03 15:34:28.294, 240.41 W, 239.45 W, 1965 MHz, 3996 MHz, 0 %, 33
2026/10/03 15:34:28.394, 240.39 W, 240.10 W, 1965 MHz, 3996 MHz, 0 %, 33
2026/10/03 15:34:28.494, 240.35 W, 240.74 W, 1965 MHz, 3996 MHz, 0 %, 32
2026/10/03 15:34:28.594, 240.28 W, 240.10 W, 1965 MHz, 3996 MHz, 0 %, 32
2026/10/03 15:34:28.694, 240.26 W, 239.71 W, 1965 MHz, 3996 MHz, 0 %, 32
2026/10/03 15:34:28.794, 240.23 W, 239.45 W, 1965 MHz, 3996 MHz, 0 %, 32
2026/10/03 15:34:28.894, 240.23 W, 240.35 W, 1965 MHz, 3996 MHz, 0 %, 32
2026/10/03 15:34:28.994, 245.95 W, 294.45 W, 1965 MHz, 3996 MHz, 1 %, 33
2026/10/03 15:34:29.094, 246.32 W, 240.35 W, 1965 MHz, 3996 MHz, 1 %, 33
2026/10/03 15:34:29.194, 246.24 W, 240.35 W, 1965 MHz, 3996 MHz, 0 %, 32
2026/10/03 15:34:29.294, 246.32 W, 240.10 W, 1965 MHz, 3996 MHz, 0 %, 32
2026/10/03 15:34:29.394, 246.18 W, 240.10 W, 1965 MHz, 3996 MHz, 0 %, 32
2026/10/03 15:34:29.494, 246.25 W, 240.99 W, 1965 MHz, 3996 MHz, 0 %, 32
2026/10/03 15:34:29.595, 246.07 W, 240.10 W, 1965 MHz, 3996 MHz, 0 %, 32
2026/10/03 15:34:29.695, 246.04 W, 239.45 W, 1965 MHz, 3996 MHz, 0 %, 32
2026/10/03 15:34:29.795, 246.19 W, 239.71 W, 1965 MHz, 3996 MHz, 0 %, 32
2026/10/03 15:34:29.895, 246.09 W, 240.35 W, 1965 MHz, 3996 MHz, 0 %, 32
2026/10/03 15:34:29.995, 240.34 W, 239.45 W, 1965 MHz, 3996 MHz, 0 %, 32
2026/10/03 15:34:30.095, 240.01 W, 238.76 W, 1965 MHz, 3996 MHz, 0 %, 32
2026/10/03 15:34:30.195, 239.94 W, 239.45 W, 1965 MHz, 3996 MHz, 0 %, 32
2026/10/03 15:34:30.295, 239.93 W, 239.71 W, 1965 MHz, 3996 MHz, 0 %, 32
2026/10/03 15:34:30.395, 239.92 W, 239.45 W, 1965 MHz, 3996 MHz, 0 %, 32
2026/10/03 15:34:30.495, 239.96 W, 240.35 W, 1965 MHz, 3996 MHz, 0 %, 32
2026/10/03 15:34:30.595, 239.99 W, 239.45 W, 1965 MHz, 3996 MHz, 0 %, 32
2026/10/03 15:34:30.695, 239.97 W, 239.01 W, 1965 MHz, 3996 MHz, 0 %, 32
2026/10/03 15:34:30.795, 239.90 W, 239.71 W, 1965 MHz, 3996 MHz, 0 %, 32
2026/10/03 15:34:30.895, 239.85 W, 239.45 W, 1965 MHz, 3996 MHz, 0 %, 32
2026/10/03 15:34:30.996, 239.81 W, 239.45 W, 1965 MHz, 3996 MHz, 0 %, 32
2026/10/03 15:34:31.096, 239.82 W, 239.45 W, 1965 MHz, 3996 MHz, 0 %, 32
2026/10/03 15:34:31.196, 239.79 W, 239.45 W, 1965 MHz, 3996 MHz, 0 %, 32
2026/10/03 15:34:31.296, 239.77 W, 239.85 W, 1965 MHz, 3996 MHz, 0 %, 32
2026/10/03 15:34:31.396, 239.73 W, 239.20 W, 1965 MHz, 3996 MHz, 0 %, 32
2026/10/03 15:34:31.496, 273.43 W, 680.66 W, 1965 MHz, 3996 MHz, 0 %, 37
2026/10/03 15:34:31.596, 319.43 W, 679.38 W, 1965 MHz, 3996 MHz, 100 %, 38
2026/10/03 15:34:31.696, 365.57 W, 696.84 W, 1965 MHz, 3996 MHz, 100 %, 39
2026/10/03 15:34:31.796, 409.83 W, 683.27 W, 1965 MHz, 3996 MHz, 100 %, 39
2026/10/03 15:34:31.896, 456.27 W, 684.55 W, 1965 MHz, 3996 MHz, 100 %, 40
2026/10/03 15:34:31.996, 501.50 W, 704.56 W, 1965 MHz, 3996 MHz, 100 %, 40
2026/10/03 15:34:32.096, 540.53 W, 690.35 W, 1965 MHz, 3996 MHz, 100 %, 41
2026/10/03 15:34:32.196, 593.27 W, 688.43 W, 1965 MHz, 3996 MHz, 100 %, 41
2026/10/03 15:34:32.296, 638.86 W, 729.09 W, 1965 MHz, 3996 MHz, 100 %, 41
2026/10/03 15:34:32.397, 684.11 W, 692.86 W, 1965 MHz, 3996 MHz, 100 %, 42
2026/10/03 15:34:32.497, 696.45 W, 685.18 W, 1965 MHz, 3996 MHz, 100 %, 42
2026/10/03 15:34:32.597, 696.97 W, 765.93 W, 1965 MHz, 3996 MHz, 100 %, 42
2026/10/03 15:34:32.697, 696.34 W, 696.20 W, 1965 MHz, 3996 MHz, 100 %, 42
2026/10/03 15:34:32.797, 697.44 W, 685.82 W, 1965 MHz, 3996 MHz, 100 %, 42
2026/10/03 15:34:32.897, 697.01 W, 698.12 W, 1965 MHz, 3996 MHz, 100 %, 43
2026/10/03 15:34:32.997, 697.04 W, 695.51 W, 1965 MHz, 3996 MHz, 100 %, 43
2026/10/03 15:34:33.097, 698.66 W, 692.31 W, 1965 MHz, 3996 MHz, 100 %, 43
2026/10/03 15:34:33.197, 697.04 W, 694.78 W, 1965 MHz, 3996 MHz, 100 %, 43
2026/10/03 15:34:33.297, 697.47 W, 690.35 W, 1965 MHz, 3996 MHz, 100 %, 43
2026/10/03 15:34:33.397, 698.23 W, 704.45 W, 1965 MHz, 3996 MHz, 100 %, 43
2026/10/03 15:34:33.497, 699.22 W, 786.59 W, 1965 MHz, 3996 MHz, 100 %, 43
2026/10/03 15:34:33.597, 699.41 W, 685.82 W, 1965 MHz, 3996 MHz, 100 %, 43
2026/10/03 15:34:33.697, 699.54 W, 703.28 W, 1965 MHz, 3996 MHz, 100 %, 43
2026/10/03 15:34:33.797, 698.73 W, 688.43 W, 1965 MHz, 3996 MHz, 100 %, 43
2026/10/03 15:34:33.898, 699.43 W, 687.16 W, 1965 MHz, 3996 MHz, 100 %, 43
2026/10/03 15:34:33.998, 700.78 W, 703.28 W, 1965 MHz, 3996 MHz, 100 %, 44
2026/10/03 15:34:34.098, 699.18 W, 694.87 W, 1965 MHz, 3996 MHz, 100 %, 44
2026/10/03 15:34:34.198, 700.63 W, 689.07 W, 1965 MHz, 3996 MHz, 100 %, 44
2026/10/03 15:34:34.298, 700.98 W, 705.14 W, 1965 MHz, 3996 MHz, 100 %, 44
2026/10/03 15:34:34.398, 700.32 W, 696.84 W, 1965 MHz, 3996 MHz, 100 %, 44
2026/10/03 15:34:34.498, 702.23 W, 689.07 W, 1965 MHz, 3996 MHz, 100 %, 44
2026/10/03 15:34:34.598, 701.77 W, 702.54 W, 1965 MHz, 3996 MHz, 100 %, 44
2026/10/03 15:34:34.698, 700.62 W, 690.44 W, 1965 MHz, 3996 MHz, 100 %, 44
2026/10/03 15:34:34.798, 701.49 W, 689.71 W, 1965 MHz, 3996 MHz, 100 %, 44
2026/10/03 15:34:34.898, 701.71 W, 707.17 W, 1965 MHz, 3996 MHz, 100 %, 44
2026/10/03 15:34:34.998, 700.15 W, 694.96 W, 1965 MHz, 3996 MHz, 100 %, 44
2026/10/03 15:34:35.098, 701.67 W, 689.71 W, 1965 MHz, 3996 MHz, 100 %, 44
2026/10/03 15:34:35.198, 700.47 W, 698.86 W, 1965 MHz, 3996 MHz, 100 %, 44
2026/10/03 15:34:35.298, 700.29 W, 696.94 W, 1965 MHz, 3996 MHz, 100 %, 44
2026/10/03 15:34:35.399, 700.81 W, 687.88 W, 1965 MHz, 3996 MHz, 100 %, 44
2026/10/03 15:34:35.499, 700.66 W, 771.91 W, 1965 MHz, 3996 MHz, 100 %, 44
2026/10/03 15:34:35.599, 699.31 W, 698.21 W, 1965 MHz, 3996 MHz, 100 %, 44
2026/10/03 15:34:35.699, 700.23 W, 689.16 W, 1965 MHz, 3996 MHz, 100 %, 44
2026/10/03 15:34:35.799, 699.57 W, 701.41 W, 1965 MHz, 3996 MHz, 100 %, 44
2026/10/03 15:34:35.899, 699.59 W, 697.48 W, 1965 MHz, 3996 MHz, 100 %, 44
2026/10/03 15:34:35.999, 701.28 W, 696.20 W, 1965 MHz, 3996 MHz, 100 %, 44
2026/10/03 15:34:36.099, 699.88 W, 696.74 W, 1965 MHz, 3996 MHz, 100 %, 44
2026/10/03 15:34:36.199, 700.88 W, 692.86 W, 1965 MHz, 3996 MHz, 100 %, 44
2026/10/03 15:34:36.299, 701.25 W, 707.17 W, 1965 MHz, 3996 MHz, 100 %, 44
2026/10/03 15:34:36.399, 700.70 W, 690.99 W, 1965 MHz, 3996 MHz, 100 %, 44
2026/10/03 15:34:36.499, 700.90 W, 687.16 W, 1965 MHz, 3996 MHz, 100 %, 44
2026/10/03 15:34:36.599, 702.31 W, 705.89 W, 1965 MHz, 3996 MHz, 100 %, 45
2026/10/03 15:34:36.699, 701.09 W, 690.35 W, 1965 MHz, 3996 MHz, 100 %, 45
2026/10/03 15:34:36.800, 702.09 W, 689.71 W, 1965 MHz, 3996 MHz, 100 %, 45
2026/10/03 15:34:36.900, 703.18 W, 707.17 W, 1965 MHz, 3996 MHz, 100 %, 45
2026/10/03 15:34:37.000, 701.31 W, 694.23 W, 1965 MHz, 3996 MHz, 100 %, 45
2026/10/03 15:34:37.100, 702.76 W, 692.96 W, 1965 MHz, 3996 MHz, 100 %, 45
2026/10/03 15:34:37.200, 702.58 W, 725.90 W, 1965 MHz, 3996 MHz, 100 %, 45
2026/10/03 15:34:37.300, 702.01 W, 698.12 W, 1965 MHz, 3996 MHz, 100 %, 45
2026/10/03 15:34:37.400, 704.13 W, 690.35 W, 1965 MHz, 3996 MHz, 100 %, 45
2026/10/03 15:34:37.500, 703.44 W, 752.84 W, 1965 MHz, 3996 MHz, 100 %, 45
2026/10/03 15:34:37.600, 702.42 W, 698.12 W, 1965 MHz, 3996 MHz, 100 %, 45
2026/10/03 15:34:37.700, 703.18 W, 687.79 W, 1965 MHz, 3996 MHz, 100 %, 45
2026/10/03 15:34:37.800, 703.04 W, 727.18 W, 1965 MHz, 3996 MHz, 100 %, 45
2026/10/03 15:34:37.900, 701.59 W, 699.29 W, 1965 MHz, 3996 MHz, 100 %, 45
2026/10/03 15:34:38.000, 703.03 W, 693.59 W, 1965 MHz, 3996 MHz, 100 %, 45
2026/10/03 15:34:38.100, 701.63 W, 698.76 W, 1965 MHz, 3996 MHz, 100 %, 45
2026/10/03 15:34:38.200, 702.41 W, 695.47 W, 1965 MHz, 3996 MHz, 100 %, 45
2026/10/03 15:34:38.301, 702.47 W, 706.42 W, 1965 MHz, 3996 MHz, 100 %, 45
2026/10/03 15:34:38.401, 700.10 W, 694.23 W, 1965 MHz, 3996 MHz, 100 %, 45
2026/10/03 15:34:38.501, 700.70 W, 688.43 W, 1965 MHz, 3996 MHz, 100 %, 45
2026/10/03 15:34:38.601, 701.92 W, 706.53 W, 1965 MHz, 3996 MHz, 100 %, 45
2026/10/03 15:34:38.701, 701.07 W, 689.71 W, 1965 MHz, 3996 MHz, 100 %, 45
2026/10/03 15:34:38.801, 701.11 W, 688.98 W, 1965 MHz, 3996 MHz, 100 %, 45
2026/10/03 15:34:38.901, 702.90 W, 702.64 W, 1965 MHz, 3996 MHz, 100 %, 45
2026/10/03 15:34:39.001, 701.37 W, 693.04 W, 1965 MHz, 3996 MHz, 100 %, 45
2026/10/03 15:34:39.101, 702.51 W, 693.04 W, 1965 MHz, 3996 MHz, 100 %, 45
2026/10/03 15:34:39.201, 702.33 W, 719.53 W, 1965 MHz, 3996 MHz, 100 %, 45
2026/10/03 15:34:39.301, 701.94 W, 697.58 W, 1965 MHz, 3996 MHz, 100 %, 45
2026/10/03 15:34:39.401, 703.66 W, 691.08 W, 1965 MHz, 3996 MHz, 100 %, 45
2026/10/03 15:34:39.501, 703.35 W, 749.26 W, 1965 MHz, 3996 MHz, 100 %, 45
2026/10/03 15:34:39.601, 702.33 W, 699.50 W, 1965 MHz, 3996 MHz, 100 %, 45
2026/10/03 15:34:39.702, 703.02 W, 687.88 W, 1965 MHz, 3996 MHz, 100 %, 45
2026/10/03 15:34:39.802, 703.52 W, 749.91 W, 1965 MHz, 3996 MHz, 100 %, 45
2026/10/03 15:34:39.902, 701.92 W, 700.77 W, 1965 MHz, 3996 MHz, 100 %, 45
2026/10/03 15:34:40.002, 702.95 W, 691.08 W, 1965 MHz, 3996 MHz, 100 %, 45
2026/10/03 15:34:40.102, 701.86 W, 700.13 W, 1965 MHz, 3996 MHz, 100 %, 45
2026/10/03 15:34:40.202, 701.96 W, 696.94 W, 1965 MHz, 3996 MHz, 100 %, 45
2026/10/03 15:34:40.302, 703.60 W, 704.67 W, 1965 MHz, 3996 MHz, 100 %, 45
2026/10/03 15:34:40.402, 701.99 W, 700.13 W, 1965 MHz, 3996 MHz, 100 %, 45
2026/10/03 15:34:40.502, 702.54 W, 694.33 W, 1965 MHz, 3996 MHz, 100 %, 45
2026/10/03 15:34:40.602, 703.79 W, 711.11 W, 1965 MHz, 3996 MHz, 100 %, 45
2026/10/03 15:34:40.702, 703.18 W, 692.41 W, 1965 MHz, 3996 MHz, 100 %, 45
2026/10/03 15:34:40.802, 704.46 W, 692.41 W, 1965 MHz, 3996 MHz, 100 %, 45
2026/10/03 15:34:40.902, 705.52 W, 707.92 W, 1965 MHz, 3996 MHz, 100 %, 45
2026/10/03 15:34:41.002, 704.63 W, 695.60 W, 1965 MHz, 3996 MHz, 100 %, 45
2026/10/03 15:34:41.103, 705.85 W, 694.33 W, 1965 MHz, 3996 MHz, 100 %, 45
2026/10/03 15:34:41.203, 706.13 W, 719.53 W, 1965 MHz, 3996 MHz, 100 %, 45
2026/10/03 15:34:41.303, 705.00 W, 700.13 W, 1965 MHz, 3996 MHz, 100 %, 45
2026/10/03 15:34:41.403, 706.74 W, 694.96 W, 1965 MHz, 3996 MHz, 100 %, 45
2026/10/03 15:34:41.503, 706.29 W, 746.70 W, 1965 MHz, 3996 MHz, 100 %, 45
2026/10/03 15:34:41.603, 705.64 W, 701.41 W, 1965 MHz, 3996 MHz, 100 %, 45
2026/10/03 15:34:41.703, 706.13 W, 691.72 W, 1965 MHz, 3996 MHz, 100 %, 45
2026/10/03 15:34:41.803, 707.21 W, 793.86 W, 1965 MHz, 3996 MHz, 100 %, 45
2026/10/03 15:34:41.903, 705.52 W, 705.30 W, 1965 MHz, 3996 MHz, 100 %, 45
2026/10/03 15:34:42.003, 706.51 W, 693.04 W, 1965 MHz, 3996 MHz, 100 %, 45
2026/10/03 15:34:42.103, 663.75 W, 251.08 W, 1965 MHz, 3996 MHz, 100 %, 40
2026/10/03 15:34:42.203, 618.69 W, 248.47 W, 1965 MHz, 3996 MHz, 1 %, 39
2026/10/03 15:34:42.303, 574.16 W, 245.91 W, 1965 MHz, 3996 MHz, 1 %, 38
2026/10/03 15:34:42.403, 518.79 W, 247.83 W, 1965 MHz, 3996 MHz, 0 %, 38
2026/10/03 15:34:42.504, 472.31 W, 246.55 W, 1965 MHz, 3996 MHz, 0 %, 37
2026/10/03 15:34:42.604, 427.24 W, 245.27 W, 1965 MHz, 3996 MHz, 0 %, 37
2026/10/03 15:34:42.704, 387.49 W, 245.27 W, 1965 MHz, 3996 MHz, 0 %, 36
2026/10/03 15:34:42.804, 332.10 W, 245.91 W, 1965 MHz, 3996 MHz, 0 %, 36
2026/10/03 15:34:42.904, 279.30 W, 243.99 W, 1965 MHz, 3996 MHz, 0 %, 36
2026/10/03 15:34:43.004, 248.04 W, 244.63 W, 1965 MHz, 3996 MHz, 0 %, 36
2026/10/03 15:34:43.104, 246.61 W, 243.30 W, 1965 MHz, 3996 MHz, 0 %, 35
2026/10/03 15:34:43.204, 245.42 W, 242.66 W, 1965 MHz, 3996 MHz, 0 %, 35
2026/10/03 15:34:43.304, 244.97 W, 243.99 W, 1965 MHz, 3996 MHz, 0 %, 35
2026/10/03 15:34:43.404, 244.58 W, 243.30 W, 1965 MHz, 3996 MHz, 0 %, 35
2026/10/03 15:34:43.504, 247.85 W, 427.12 W, 1965 MHz, 3996 MHz, 0 %, 35
2026/10/03 15:34:43.604, 280.40 W, 571.50 W, 1965 MHz, 3996 MHz, 24 %, 38
2026/10/03 15:34:43.704, 312.91 W, 571.46 W, 1965 MHz, 3996 MHz, 24 %, 39
2026/10/03 15:34:43.804, 344.68 W, 572.74 W, 1965 MHz, 3996 MHz, 100 %, 39
2026/10/03 15:34:43.905, 375.01 W, 567.61 W, 1965 MHz, 3996 MHz, 100 %, 40
2026/10/03 15:34:44.005, 410.98 W, 574.70 W, 1965 MHz, 3996 MHz, 100 %, 40
2026/10/03 15:34:44.105, 443.44 W, 572.10 W, 1965 MHz, 3996 MHz, 100 %, 40
2026/10/03 15:34:44.205, 476.04 W, 573.42 W, 1965 MHz, 3996 MHz, 100 %, 41
2026/10/03 15:34:44.305, 504.03 W, 570.82 W, 1965 MHz, 3996 MHz, 100 %, 41
2026/10/03 15:34:44.405, 536.15 W, 574.70 W, 1965 MHz, 3996 MHz, 100 %, 41
2026/10/03 15:34:44.505, 571.33 W, 575.39 W, 1965 MHz, 3996 MHz, 100 %, 41
2026/10/03 15:34:44.605, 572.25 W, 572.14 W, 1965 MHz, 3996 MHz, 100 %, 41
2026/10/03 15:34:44.705, 572.59 W, 574.06 W, 1965 MHz, 3996 MHz, 100 %, 41
2026/10/03 15:34:44.805, 572.75 W, 575.39 W, 1965 MHz, 3996 MHz, 100 %, 41
2026/10/03 15:34:44.905, 572.73 W, 570.86 W, 1965 MHz, 3996 MHz, 100 %, 42
2026/10/03 15:34:45.005, 573.15 W, 572.14 W, 1965 MHz, 3996 MHz, 100 %, 42
2026/10/03 15:34:45.105, 573.32 W, 575.39 W, 1965 MHz, 3996 MHz, 100 %, 42
2026/10/03 15:34:45.205, 573.43 W, 575.30 W, 1965 MHz, 3996 MHz, 100 %, 42
2026/10/03 15:34:45.305, 573.57 W, 570.22 W, 1965 MHz, 3996 MHz, 100 %, 42
2026/10/03 15:34:45.405, 573.59 W, 575.39 W, 1965 MHz, 3996 MHz, 100 %, 42
2026/10/03 15:34:45.506, 573.64 W, 576.67 W, 1965 MHz, 3996 MHz, 100 %, 42
2026/10/03 15:34:45.606, 573.85 W, 574.70 W, 1965 MHz, 3996 MHz, 100 %, 42
2026/10/03 15:34:45.706, 573.87 W, 571.50 W, 1965 MHz, 3996 MHz, 100 %, 42
2026/10/03 15:34:45.806, 574.16 W, 576.03 W, 1965 MHz, 3996 MHz, 100 %, 42
2026/10/03 15:34:45.906, 574.14 W, 570.86 W, 1965 MHz, 3996 MHz, 100 %, 42
2026/10/03 15:34:46.006, 574.14 W, 575.39 W, 1965 MHz, 3996 MHz, 100 %, 42
2026/10/03 15:34:46.106, 574.19 W, 574.70 W, 1965 MHz, 3996 MHz, 100 %, 42
2026/10/03 15:34:46.206, 574.26 W, 576.00 W, 1965 MHz, 3996 MHz, 100 %, 42
2026/10/03 15:34:46.306, 574.09 W, 570.86 W, 1965 MHz, 3996 MHz, 100 %, 42
2026/10/03 15:34:46.406, 574.20 W, 575.39 W, 1965 MHz, 3996 MHz, 100 %, 42
2026/10/03 15:34:46.506, 574.30 W, 574.70 W, 1965 MHz, 3996 MHz, 100 %, 42
2026/10/03 15:34:46.606, 574.19 W, 574.70 W, 1965 MHz, 3996 MHz, 100 %, 42
2026/10/03 15:34:46.706, 574.07 W, 570.86 W, 1965 MHz, 3996 MHz, 100 %, 42
2026/10/03 15:34:46.806, 574.05 W, 574.06 W, 1965 MHz, 3996 MHz, 100 %, 42
2026/10/03 15:34:46.906, 574.09 W, 576.64 W, 1965 MHz, 3996 MHz, 100 %, 42
2026/10/03 15:34:47.007, 574.21 W, 576.00 W, 1965 MHz, 3996 MHz, 100 %, 42
2026/10/03 15:34:47.107, 574.13 W, 571.50 W, 1965 MHz, 3996 MHz, 100 %, 42
2026/10/03 15:34:47.207, 574.13 W, 574.70 W, 1965 MHz, 3996 MHz, 100 %, 42
2026/10/03 15:34:47.307, 574.32 W, 577.27 W, 1965 MHz, 3996 MHz, 100 %, 42
2026/10/03 15:34:47.407, 574.45 W, 576.00 W, 1965 MHz, 3996 MHz, 100 %, 42
2026/10/03 15:34:47.507, 574.41 W, 575.39 W, 1965 MHz, 3996 MHz, 100 %, 42
2026/10/03 15:34:47.607, 574.59 W, 576.03 W, 1965 MHz, 3996 MHz, 100 %, 42
2026/10/03 15:34:47.707, 574.61 W, 573.42 W, 1965 MHz, 3996 MHz, 100 %, 42
2026/10/03 15:34:47.807, 574.72 W, 576.03 W, 1965 MHz, 3996 MHz, 100 %, 42
2026/10/03 15:34:47.907, 574.86 W, 576.03 W, 1965 MHz, 3996 MHz, 100 %, 42
2026/10/03 15:34:48.007, 574.85 W, 576.64 W, 1965 MHz, 3996 MHz, 100 %, 42
2026/10/03 15:34:48.107, 574.75 W, 571.46 W, 1965 MHz, 3996 MHz, 100 %, 42
2026/10/03 15:34:48.207, 574.87 W, 574.06 W, 1965 MHz, 3996 MHz, 100 %, 42
2026/10/03 15:34:48.307, 574.73 W, 575.39 W, 1965 MHz, 3996 MHz, 100 %, 42
2026/10/03 15:34:48.407, 574.59 W, 574.70 W, 1965 MHz, 3996 MHz, 100 %, 42
2026/10/03 15:34:48.508, 574.52 W, 570.86 W, 1965 MHz, 3996 MHz, 100 %, 42
2026/10/03 15:34:48.608, 574.47 W, 576.00 W, 1965 MHz, 3996 MHz, 100 %, 42
2026/10/03 15:34:48.708, 574.56 W, 576.03 W, 1965 MHz, 3996 MHz, 100 %, 42
2026/10/03 15:34:48.808, 574.56 W, 576.03 W, 1965 MHz, 3996 MHz, 100 %, 42
2026/10/03 15:34:48.908, 574.40 W, 572.14 W, 1965 MHz, 3996 MHz, 100 %, 42
2026/10/03 15:34:49.008, 574.46 W, 576.67 W, 1965 MHz, 3996 MHz, 100 %, 42
2026/10/03 15:34:49.108, 574.36 W, 572.14 W, 1965 MHz, 3996 MHz, 100 %, 42
2026/10/03 15:34:49.208, 574.38 W, 576.03 W, 1965 MHz, 3996 MHz, 100 %, 42
2026/10/03 15:34:49.308, 574.54 W, 575.39 W, 1965 MHz, 3996 MHz, 100 %, 42
2026/10/03 15:34:49.408, 574.67 W, 578.56 W, 1965 MHz, 3996 MHz, 100 %, 42
2026/10/03 15:34:49.508, 574.59 W, 570.86 W, 1965 MHz, 3996 MHz, 100 %, 42
2026/10/03 15:34:49.608, 574.62 W, 574.70 W, 1965 MHz, 3996 MHz, 100 %, 42
2026/10/03 15:34:49.708, 574.50 W, 574.67 W, 1965 MHz, 3996 MHz, 100 %, 42
2026/10/03 15:34:49.808, 574.38 W, 574.70 W, 1965 MHz, 3996 MHz, 100 %, 42
2026/10/03 15:34:49.908, 574.29 W, 571.50 W, 1965 MHz, 3996 MHz, 100 %, 42
2026/10/03 15:34:50.008, 574.33 W, 576.03 W, 1965 MHz, 3996 MHz, 100 %, 42
2026/10/03 15:34:50.109, 574.49 W, 577.31 W, 1965 MHz, 3996 MHz, 100 %, 42
2026/10/03 15:34:50.209, 574.60 W, 575.39 W, 1965 MHz, 3996 MHz, 100 %, 42
2026/10/03 15:34:50.309, 574.62 W, 576.03 W, 1965 MHz, 3996 MHz, 100 %, 42
2026/10/03 15:34:50.409, 574.64 W, 576.64 W, 1965 MHz, 3996 MHz, 100 %, 42
2026/10/03 15:34:50.509, 574.49 W, 571.50 W, 1965 MHz, 3996 MHz, 100 %, 42
2026/10/03 15:34:50.609, 574.53 W, 575.39 W, 1965 MHz, 3996 MHz, 100 %, 42
2026/10/03 15:34:50.709, 574.62 W, 574.70 W, 1965 MHz, 3996 MHz, 100 %, 42
2026/10/03 15:34:50.809, 574.65 W, 575.39 W, 1965 MHz, 3996 MHz, 100 %, 42
2026/10/03 15:34:50.909, 574.72 W, 570.86 W, 1965 MHz, 3996 MHz, 100 %, 42
2026/10/03 15:34:51.009, 574.78 W, 576.64 W, 1965 MHz, 3996 MHz, 100 %, 42
2026/10/03 15:34:51.109, 574.82 W, 576.03 W, 1965 MHz, 3996 MHz, 100 %, 42
2026/10/03 15:34:51.209, 574.58 W, 572.78 W, 1965 MHz, 3996 MHz, 100 %, 42
2026/10/03 15:34:51.309, 574.62 W, 575.39 W, 1965 MHz, 3996 MHz, 100 %, 42
2026/10/03 15:34:51.409, 574.49 W, 575.39 W, 1965 MHz, 3996 MHz, 100 %, 42
2026/10/03 15:34:51.509, 574.58 W, 574.06 W, 1965 MHz, 3996 MHz, 100 %, 42
2026/10/03 15:34:51.610, 574.56 W, 572.14 W, 1965 MHz, 3996 MHz, 100 %, 42
2026/10/03 15:34:51.710, 574.68 W, 577.31 W, 1965 MHz, 3996 MHz, 100 %, 42
2026/10/03 15:34:51.810, 574.80 W, 577.31 W, 1965 MHz, 3996 MHz, 100 %, 42
2026/10/03 15:34:51.910, 574.79 W, 574.06 W, 1965 MHz, 3996 MHz, 100 %, 42
2026/10/03 15:34:52.010, 574.75 W, 575.39 W, 1965 MHz, 3996 MHz, 100 %, 42
2026/10/03 15:34:52.110, 574.58 W, 575.39 W, 1965 MHz, 3996 MHz, 100 %, 42
2026/10/03 15:34:52.210, 574.75 W, 571.46 W, 1965 MHz, 3996 MHz, 100 %, 42
2026/10/03 15:34:52.310, 574.72 W, 576.67 W, 1965 MHz, 3996 MHz, 100 %, 42
2026/10/03 15:34:52.410, 574.82 W, 575.39 W, 1965 MHz, 3996 MHz, 100 %, 42
2026/10/03 15:34:52.510, 574.74 W, 573.38 W, 1965 MHz, 3996 MHz, 100 %, 42
2026/10/03 15:34:52.610, 575.01 W, 575.39 W, 1965 MHz, 3996 MHz, 100 %, 42
2026/10/03 15:34:52.710, 574.93 W, 576.67 W, 1965 MHz, 3996 MHz, 100 %, 42
2026/10/03 15:34:52.810, 575.03 W, 577.27 W, 1965 MHz, 3996 MHz, 100 %, 42
2026/10/03 15:34:52.910, 574.80 W, 570.90 W, 1965 MHz, 3996 MHz, 100 %, 42
2026/10/03 15:34:53.010, 574.77 W, 574.09 W, 1965 MHz, 3996 MHz, 100 %, 42
2026/10/03 15:34:53.110, 574.87 W, 576.06 W, 1965 MHz, 3996 MHz, 100 %, 42
2026/10/03 15:34:53.211, 574.76 W, 575.42 W, 1965 MHz, 3996 MHz, 100 %, 42
2026/10/03 15:34:53.311, 574.86 W, 575.42 W, 1965 MHz, 3996 MHz, 100 %, 42
2026/10/03 15:34:53.411, 574.79 W, 576.03 W, 1965 MHz, 3996 MHz, 100 %, 42
2026/10/03 15:34:53.511, 570.49 W, 381.43 W, 1965 MHz, 3996 MHz, 100 %, 42
2026/10/03 15:34:53.611, 538.26 W, 247.83 W, 1965 MHz, 3996 MHz, 0 %, 39
2026/10/03 15:34:53.711, 507.53 W, 245.65 W, 1965 MHz, 3996 MHz, 0 %, 38
2026/10/03 15:34:53.811, 472.54 W, 244.63 W, 1965 MHz, 3996 MHz, 0 %, 37
2026/10/03 15:34:53.911, 439.61 W, 244.63 W, 1965 MHz, 3996 MHz, 0 %, 36
2026/10/03 15:34:54.011, 407.24 W, 244.25 W, 1965 MHz, 3996 MHz, 0 %, 36
2026/10/03 15:34:54.111, 378.08 W, 242.66 W, 1965 MHz, 3996 MHz, 0 %, 36
2026/10/03 15:34:54.211, 341.07 W, 244.25 W, 1965 MHz, 3996 MHz, 0 %, 35
2026/10/03 15:34:54.311, 307.65 W, 242.66 W, 1965 MHz, 3996 MHz, 0 %, 35
2026/10/03 15:34:54.411, 274.67 W, 242.01 W, 1965 MHz, 3996 MHz, 0 %, 35
2026/10/03 15:34:54.511, 248.02 W, 242.66 W, 1965 MHz, 3996 MHz, 0 %, 35
2026/10/03 15:34:54.612, 243.97 W, 242.01 W, 1965 MHz, 3996 MHz, 0 %, 35
2026/10/03 15:34:54.712, 243.50 W, 242.66 W, 1965 MHz, 3996 MHz, 0 %, 34
2026/10/03 15:34:54.812, 243.18 W, 242.27 W, 1965 MHz, 3996 MHz, 0 %, 34
2026/10/03 15:34:54.912, 242.95 W, 242.27 W, 1965 MHz, 3996 MHz, 0 %, 34
2026/10/03 15:34:55.012, 242.73 W, 242.27 W, 1965 MHz, 3996 MHz, 0 %, 34
2026/10/03 15:34:55.112, 242.66 W, 244.63 W, 1965 MHz, 3996 MHz, 0 %, 34
2026/10/03 15:34:55.212, 242.38 W, 242.27 W, 1965 MHz, 3996 MHz, 0 %, 34
2026/10/03 15:34:55.312, 242.28 W, 241.38 W, 1965 MHz, 3996 MHz, 0 %, 34
2026/10/03 15:34:55.412, 241.60 W, 211.84 W, 1222 MHz, 3996 MHz, 0 %, 34
2026/10/03 15:34:55.512, 237.90 W, 203.19 W, 1170 MHz, 3996 MHz, 0 %, 33
2026/10/03 15:34:55.612, 233.87 W, 203.82 W, 1170 MHz, 3996 MHz, 0 %, 33
2026/10/03 15:34:55.712, 229.85 W, 202.54 W, 1110 MHz, 3996 MHz, 0 %, 33
2026/10/03 15:34:55.812, 224.91 W, 201.48 W, 1110 MHz, 3996 MHz, 0 %, 33
2026/10/03 15:34:55.912, 220.89 W, 201.26 W, 1080 MHz, 3996 MHz, 0 %, 33
2026/10/03 15:34:56.013, 217.19 W, 199.98 W, 1080 MHz, 3996 MHz, 0 %, 33
2026/10/03 15:34:56.113, 213.04 W, 200.19 W, 1080 MHz, 3996 MHz, 0 %, 33
2026/10/03 15:34:56.213, 208.29 W, 199.98 W, 1050 MHz, 3996 MHz, 0 %, 32
2026/10/03 15:34:56.313, 204.15 W, 198.86 W, 1020 MHz, 3996 MHz, 0 %, 32
2026/10/03 15:34:56.413, 203.95 W, 240.35 W, 1965 MHz, 3996 MHz, 0 %, 32
2026/10/03 15:34:56.513, 207.55 W, 240.10 W, 1965 MHz, 3996 MHz, 0 %, 33
2026/10/03 15:34:56.613, 211.22 W, 240.10 W, 1965 MHz, 3996 MHz, 0 %, 33
2026/10/03 15:34:56.713, 214.94 W, 240.10 W, 1965 MHz, 3996 MHz, 0 %, 33
2026/10/03 15:34:56.813, 218.83 W, 240.99 W, 1965 MHz, 3996 MHz, 0 %, 33
2026/10/03 15:34:56.913, 223.09 W, 240.74 W, 1965 MHz, 3996 MHz, 0 %, 33
2026/10/03 15:34:57.013, 226.54 W, 240.35 W, 1965 MHz, 3996 MHz, 0 %, 33
2026/10/03 15:34:57.113, 231.14 W, 240.99 W, 1965 MHz, 3996 MHz, 0 %, 33
2026/10/03 15:34:57.213, 234.45 W, 240.99 W, 1965 MHz, 3996 MHz, 0 %, 33
2026/10/03 15:34:57.313, 238.35 W, 240.10 W, 1965 MHz, 3996 MHz, 0 %, 33
2026/10/03 15:34:57.414, 240.49 W, 240.99 W, 1965 MHz, 3996 MHz, 0 %, 33
2026/10/03 15:34:57.514, 240.47 W, 240.10 W, 1965 MHz, 3996 MHz, 0 %, 33
2026/10/03 15:34:57.614, 240.47 W, 240.35 W, 1965 MHz, 3996 MHz, 0 %, 33
2026/10/03 15:34:57.714, 240.48 W, 240.10 W, 1965 MHz, 3996 MHz, 0 %, 33
2026/10/03 15:34:57.814, 240.55 W, 241.38 W, 1965 MHz, 3996 MHz, 0 %, 33
2026/10/03 15:34:57.914, 240.51 W, 240.48 W, 1965 MHz, 3996 MHz, 0 %, 33
2026/10/03 15:34:58.014, 240.51 W, 240.74 W, 1965 MHz, 3996 MHz, 0 %, 33
2026/10/03 15:34:58.114, 240.43 W, 239.85 W, 1965 MHz, 3996 MHz, 0 %, 33
2026/10/03 15:34:58.214, 240.40 W, 240.10 W, 1965 MHz, 3996 MHz, 0 %, 33
2026/10/03 15:34:58.314, 240.35 W, 239.45 W, 1965 MHz, 3996 MHz, 0 %, 32
2026/10/03 15:34:58.414, 240.34 W, 240.10 W, 1965 MHz, 3996 MHz, 0 %, 32
2026/10/03 15:34:58.514, 240.29 W, 239.45 W, 1965 MHz, 3996 MHz, 0 %, 32
2026/10/03 15:34:58.614, 240.28 W, 239.45 W, 1965 MHz, 3996 MHz, 0 %, 32
2026/10/03 15:34:58.714, 240.26 W, 239.85 W, 1965 MHz, 3996 MHz, 0 %, 32
2026/10/03 15:34:58.815, 240.15 W, 239.20 W, 1965 MHz, 3996 MHz, 0 %, 32
2026/10/03 15:34:58.915, 240.13 W, 240.10 W, 1965 MHz, 3996 MHz, 0 %, 32
2026/10/03 15:34:59.015, 240.10 W, 239.85 W, 1965 MHz, 3996 MHz, 0 %, 32
2026/10/03 15:34:59.115, 269.22 W, 599.33 W, 1965 MHz, 3996 MHz, 0 %, 32
2026/10/03 15:34:59.215, 305.96 W, 603.16 W, 1965 MHz, 3996 MHz, 100 %, 36
2026/10/03 15:34:59.315, 340.26 W, 603.16 W, 1965 MHz, 3996 MHz, 100 %, 37
2026/10/03 15:34:59.415, 379.37 W, 605.13 W, 1965 MHz, 3996 MHz, 100 %, 38
2026/10/03 15:34:59.515, 416.37 W, 608.37 W, 1965 MHz, 3996 MHz, 100 %, 39
2026/10/03 15:34:59.615, 453.26 W, 603.16 W, 1965 MHz, 3996 MHz, 100 %, 39
2026/10/03 15:34:59.715, 489.87 W, 601.88 W, 1965 MHz, 3996 MHz, 100 %, 39
2026/10/03 15:34:59.815, 520.57 W, 604.48 W, 1965 MHz, 3996 MHz, 100 %, 40
2026/10/03 15:34:59.915, 562.63 W, 601.88 W, 1965 MHz, 3996 MHz, 100 %, 40
2026/10/03 15:35:00.015, 592.24 W, 606.40 W, 1965 MHz, 3996 MHz, 100 %, 40
2026/10/03 15:35:00.115, 607.04 W, 616.09 W, 1965 MHz, 3996 MHz, 100 %, 40
2026/10/03 15:35:00.215, 607.96 W, 609.65 W, 1965 MHz, 3996 MHz, 100 %, 40
2026/10/03 15:35:00.316, 608.37 W, 614.82 W, 1965 MHz, 3996 MHz, 100 %, 41
2026/10/03 15:35:00.416, 608.40 W, 607.68 W, 1965 MHz, 3996 MHz, 100 %, 41
2026/10/03 15:35:00.516, 608.05 W, 602.52 W, 1965 MHz, 3996 MHz, 100 %, 41
2026/10/03 15:35:00.616, 607.57 W, 601.87 W, 1965 MHz, 3996 MHz, 100 %, 41
2026/10/03 15:35:00.716, 607.66 W, 605.12 W, 1965 MHz, 3996 MHz, 100 %, 41
2026/10/03 15:35:00.816, 608.44 W, 619.34 W, 1965 MHz, 3996 MHz, 100 %, 41
2026/10/03 15:35:00.916, 609.35 W, 619.34 W, 1965 MHz, 3996 MHz, 100 %, 41
2026/10/03 15:35:01.016, 609.99 W, 614.17 W, 1965 MHz, 3996 MHz, 100 %, 41
2026/10/03 15:35:01.116, 610.41 W, 615.45 W, 1965 MHz, 3996 MHz, 100 %, 41
2026/10/03 15:35:01.216, 609.79 W, 610.93 W, 1965 MHz, 3996 MHz, 100 %, 41
2026/10/03 15:35:01.316, 609.43 W, 609.65 W, 1965 MHz, 3996 MHz, 100 %, 42
2026/10/03 15:35:01.416, 609.15 W, 609.65 W, 1965 MHz, 3996 MHz, 100 %, 42
2026/10/03 15:35:01.516, 609.81 W, 618.01 W, 1965 MHz, 3996 MHz, 100 %, 42
2026/10/03 15:35:01.616, 610.39 W, 618.02 W, 1965 MHz, 3996 MHz, 100 %, 42
2026/10/03 15:35:01.717, 611.05 W, 611.57 W, 1965 MHz, 3996 MHz, 100 %, 42
2026/10/03 15:35:01.817, 611.14 W, 610.93 W, 1965 MHz, 3996 MHz, 100 %, 42
2026/10/03 15:35:01.917, 610.55 W, 607.04 W, 1965 MHz, 3996 MHz, 100 %, 42
2026/10/03 15:35:02.017, 609.91 W, 607.68 W, 1965 MHz, 3996 MHz, 100 %, 42
2026/10/03 15:35:02.117, 609.60 W, 612.21 W, 1965 MHz, 3996 MHz, 100 %, 42
2026/10/03 15:35:02.217, 610.16 W, 612.85 W, 1965 MHz, 3996 MHz, 100 %, 42
2026/10/03 15:35:02.317, 611.05 W, 609.65 W, 1965 MHz, 3996 MHz, 100 %, 42
2026/10/03 15:35:02.417, 611.72 W, 614.82 W, 1965 MHz, 3996 MHz, 100 %, 42
2026/10/03 15:35:02.517, 611.73 W, 609.02 W, 1965 MHz, 3996 MHz, 100 %, 42
2026/10/03 15:35:02.617, 611.14 W, 604.48 W, 1965 MHz, 3996 MHz, 100 %, 42
2026/10/03 15:35:02.717, 610.56 W, 605.13 W, 1965 MHz, 3996 MHz, 100 %, 42
2026/10/03 15:35:02.817, 610.41 W, 609.01 W, 1965 MHz, 3996 MHz, 100 %, 42
2026/10/03 15:35:02.917, 610.74 W, 616.73 W, 1965 MHz, 3996 MHz, 100 %, 42
2026/10/03 15:35:03.017, 611.54 W, 611.57 W, 1965 MHz, 3996 MHz, 100 %, 42
2026/10/03 15:35:03.118, 611.94 W, 613.54 W, 1965 MHz, 3996 MHz, 100 %, 42
2026/10/03 15:35:03.218, 611.81 W, 607.68 W, 1965 MHz, 3996 MHz, 100 %, 42
2026/10/03 15:35:03.318, 611.07 W, 603.85 W, 1965 MHz, 3996 MHz, 100 %, 42
2026/10/03 15:35:03.418, 610.41 W, 606.40 W, 1965 MHz, 3996 MHz, 100 %, 42
2026/10/03 15:35:03.518, 610.12 W, 609.65 W, 1965 MHz, 3996 MHz, 100 %, 42
2026/10/03 15:35:03.618, 610.27 W, 608.37 W, 1965 MHz, 3996 MHz, 100 %, 42
2026/10/03 15:35:03.718, 611.17 W, 620.61 W, 1965 MHz, 3996 MHz, 100 %, 42
2026/10/03 15:35:03.818, 611.79 W, 616.73 W, 1965 MHz, 3996 MHz, 100 %, 42
2026/10/03 15:35:03.918, 611.91 W, 619.35 W, 1965 MHz, 3996 MHz, 100 %, 42
2026/10/03 15:35:04.018, 611.35 W, 612.84 W, 1965 MHz, 3996 MHz, 100 %, 42
2026/10/03 15:35:04.118, 610.77 W, 611.56 W, 1965 MHz, 3996 MHz, 100 %, 42
2026/10/03 15:35:04.218, 610.47 W, 614.18 W, 1965 MHz, 3996 MHz, 100 %, 42
2026/10/03 15:35:04.318, 611.01 W, 612.85 W, 1965 MHz, 3996 MHz, 100 %, 42
2026/10/03 15:35:04.418, 611.89 W, 616.73 W, 1965 MHz, 3996 MHz, 100 %, 42
2026/10/03 15:35:04.519, 612.41 W, 610.29 W, 1965 MHz, 3996 MHz, 100 %, 42
2026/10/03 15:35:04.619, 612.46 W, 607.04 W, 1965 MHz, 3996 MHz, 100 %, 42
2026/10/03 15:35:04.719, 611.69 W, 605.76 W, 1965 MHz, 3996 MHz, 100 %, 42
2026/10/03 15:35:04.819, 611.29 W, 609.02 W, 1965 MHz, 3996 MHz, 100 %, 43
2026/10/03 15:35:04.919, 611.05 W, 609.65 W, 1965 MHz, 3996 MHz, 100 %, 43
2026/10/03 15:35:05.019, 611.52 W, 609.01 W, 1965 MHz, 3996 MHz, 100 %, 43
2026/10/03 15:35:05.119, 612.17 W, 609.01 W, 1965 MHz, 3996 MHz, 100 %, 43
2026/10/03 15:35:05.219, 612.70 W, 612.20 W, 1965 MHz, 3996 MHz, 100 %, 43
2026/10/03 15:35:05.319, 612.41 W, 607.04 W, 1965 MHz, 3996 MHz, 100 %, 43
2026/10/03 15:35:05.419, 611.64 W, 604.48 W, 1965 MHz, 3996 MHz, 100 %, 43
2026/10/03 15:35:05.519, 611.16 W, 607.04 W, 1965 MHz, 3996 MHz, 100 %, 43
2026/10/03 15:35:05.619, 611.04 W, 609.01 W, 1965 MHz, 3996 MHz, 100 %, 43
2026/10/03 15:35:05.719, 611.65 W, 621.90 W, 1965 MHz, 3996 MHz, 100 %, 43
2026/10/03 15:35:05.819, 612.27 W, 616.09 W, 1965 MHz, 3996 MHz, 100 %, 43
2026/10/03 15:35:05.919, 612.60 W, 617.37 W, 1965 MHz, 3996 MHz, 100 %, 43
2026/10/03 15:35:06.020, 611.94 W, 612.84 W, 1965 MHz, 3996 MHz, 100 %, 43
2026/10/03 15:35:06.120, 611.26 W, 612.20 W, 1965 MHz, 3996 MHz, 100 %, 43
2026/10/03 15:35:06.220, 610.83 W, 614.17 W, 1965 MHz, 3996 MHz, 100 %, 43
2026/10/03 15:35:06.320, 610.84 W, 613.54 W, 1965 MHz, 3996 MHz, 100 %, 43
2026/10/03 15:35:06.420, 611.50 W, 616.73 W, 1965 MHz, 3996 MHz, 100 %, 43
2026/10/03 15:35:06.520, 612.32 W, 612.85 W, 1965 MHz, 3996 MHz, 100 %, 43
2026/10/03 15:35:06.620, 612.60 W, 612.21 W, 1965 MHz, 3996 MHz, 100 %, 43
2026/10/03 15:35:06.720, 612.20 W, 610.94 W, 1965 MHz, 3996 MHz, 100 %, 43
2026/10/03 15:35:06.820, 611.63 W, 607.04 W, 1965 MHz, 3996 MHz, 100 %, 43
2026/10/03 15:35:06.920, 611.32 W, 610.29 W, 1965 MHz, 3996 MHz, 100 %, 43
2026/10/03 15:35:07.020, 611.50 W, 612.84 W, 1965 MHz, 3996 MHz, 100 %, 43
2026/10/03 15:35:07.120, 612.10 W, 610.29 W, 1965 MHz, 3996 MHz, 100 %, 43
2026/10/03 15:35:07.220, 612.77 W, 613.54 W, 1965 MHz, 3996 MHz, 100 %, 43
2026/10/03 15:35:07.320, 612.77 W, 608.32 W, 1965 MHz, 3996 MHz, 100 %, 43
2026/10/03 15:35:07.421, 612.21 W, 606.40 W, 1965 MHz, 3996 MHz, 100 %, 43
2026/10/03 15:35:07.521, 611.39 W, 606.40 W, 1965 MHz, 3996 MHz, 100 %, 43
2026/10/03 15:35:07.621, 610.99 W, 609.65 W, 1965 MHz, 3996 MHz, 100 %, 43
2026/10/03 15:35:07.721, 611.23 W, 621.90 W, 1965 MHz, 3996 MHz, 100 %, 43
2026/10/03 15:35:07.821, 611.86 W, 617.37 W, 1965 MHz, 3996 MHz, 100 %, 43
2026/10/03 15:35:07.921, 612.38 W, 619.34 W, 1965 MHz, 3996 MHz, 100 %, 43
2026/10/03 15:35:08.021, 612.30 W, 613.54 W, 1965 MHz, 3996 MHz, 100 %, 43
2026/10/03 15:35:08.121, 611.83 W, 613.49 W, 1965 MHz, 3996 MHz, 100 %, 43
2026/10/03 15:35:08.221, 610.93 W, 611.57 W, 1965 MHz, 3996 MHz, 100 %, 43
2026/10/03 15:35:08.321, 610.68 W, 614.17 W, 1965 MHz, 3996 MHz, 100 %, 43
2026/10/03 15:35:08.421, 610.90 W, 615.46 W, 1965 MHz, 3996 MHz, 100 %, 43
2026/10/03 15:35:08.521, 611.91 W, 615.45 W, 1965 MHz, 3996 MHz, 100 %, 43
2026/10/03 15:35:08.621, 612.17 W, 610.29 W, 1965 MHz, 3996 MHz, 100 %, 43
2026/10/03 15:35:08.721, 612.21 W, 608.32 W, 1965 MHz, 3996 MHz, 100 %, 43
2026/10/03 15:35:08.822, 611.34 W, 605.13 W, 1965 MHz, 3996 MHz, 100 %, 43
2026/10/03 15:35:08.922, 610.89 W, 608.37 W, 1965 MHz, 3996 MHz, 100 %, 43
2026/10/03 15:35:09.022, 610.81 W, 614.18 W, 1965 MHz, 3996 MHz, 100 %, 43
2026/10/03 15:35:09.122, 583.57 W, 249.80 W, 1965 MHz, 3996 MHz, 100 %, 39
2026/10/03 15:35:09.222, 547.72 W, 249.54 W, 1965 MHz, 3996 MHz, 0 %, 39
2026/10/03 15:35:09.322, 511.38 W, 245.91 W, 1965 MHz, 3996 MHz, 0 %, 38
2026/10/03 15:35:09.422, 511.38 W, 245.91 W, 1965 MHz, 3996 MHz, 0 %, 38
2026/10/03 15:35:09.522, 463.29 W, 247.57 W, 1965 MHz, 3996 MHz, 0 %, 36
2026/10/03 15:35:09.622, 423.26 W, 244.63 W, 1965 MHz, 3996 MHz, 0 %, 36
2026/10/03 15:35:09.722, 386.45 W, 244.63 W, 1965 MHz, 3996 MHz, 0 %, 36
2026/10/03 15:35:09.822, 349.88 W, 243.30 W, 1965 MHz, 3996 MHz, 0 %, 35
2026/10/03 15:35:09.922, 313.57 W, 244.37 W, 1965 MHz, 3996 MHz, 0 %, 35
2026/10/03 15:35:10.022, 269.70 W, 244.37 W, 1965 MHz, 3996 MHz, 0 %, 35
2026/10/03 15:35:10.122, 245.56 W, 245.01 W, 1965 MHz, 3996 MHz, 0 %, 35
2026/10/03 15:35:10.223, 244.91 W, 242.40 W, 1965 MHz, 3996 MHz, 0 %, 34
2026/10/03 15:35:10.323, 244.46 W, 243.30 W, 1965 MHz, 3996 MHz, 0 %, 34
2026/10/03 15:35:10.423, 243.99 W, 241.12 W, 1965 MHz, 3996 MHz, 0 %, 34
2026/10/03 15:35:10.523, 243.48 W, 241.38 W, 1965 MHz, 3996 MHz, 0 %, 34
2026/10/03 15:35:10.623, 249.09 W, 510.06 W, 1965 MHz, 3996 MHz, 0 %, 34
2026/10/03 15:35:10.723, 284.71 W, 612.85 W, 1965 MHz, 3996 MHz, 100 %, 37
2026/10/03 15:35:10.823, 322.25 W, 615.46 W, 1965 MHz, 3996 MHz, 100 %, 38
2026/10/03 15:35:10.923, 359.84 W, 603.15 W, 1965 MHz, 3996 MHz, 100 %, 39
2026/10/03 15:35:11.023, 393.47 W, 612.85 W, 1965 MHz, 3996 MHz, 100 %, 40
2026/10/03 15:35:11.123, 433.71 W, 602.52 W, 1965 MHz, 3996 MHz, 100 %, 40
2026/10/03 15:35:11.223, 465.99 W, 612.20 W, 1965 MHz, 3996 MHz, 100 %, 40
2026/10/03 15:35:11.323, 502.29 W, 619.98 W, 1965 MHz, 3996 MHz, 100 %, 41
2026/10/03 15:35:11.423, 544.80 W, 614.17 W, 1965 MHz, 3996 MHz, 100 %, 41
2026/10/03 15:35:11.523, 582.39 W, 610.29 W, 1965 MHz, 3996 MHz, 100 %, 41
2026/10/03 15:35:11.624, 611.70 W, 622.53 W, 1965 MHz, 3996 MHz, 100 %, 41
2026/10/03 15:35:11.724, 614.45 W, 615.45 W, 1965 MHz, 3996 MHz, 100 %, 42
2026/10/03 15:35:11.824, 614.78 W, 631.58 W, 1965 MHz, 3996 MHz, 100 %, 42
2026/10/03 15:35:11.924, 614.99 W, 623.22 W, 1965 MHz, 3996 MHz, 100 %, 42
2026/10/03 15:35:12.024, 615.19 W, 623.86 W, 1965 MHz, 3996 MHz, 100 %, 42
2026/10/03 15:35:12.124, 615.26 W, 623.88 W, 1965 MHz, 3996 MHz, 100 %, 42
2026/10/03 15:35:12.224, 615.75 W, 615.45 W, 1965 MHz, 3996 MHz, 100 %, 42
2026/10/03 15:35:12.324, 616.42 W, 632.25 W, 1965 MHz, 3996 MHz, 100 %, 42
2026/10/03 15:35:12.424, 616.46 W, 626.42 W, 1965 MHz, 3996 MHz, 100 %, 42
2026/10/03 15:35:12.524, 616.62 W, 622.53 W, 1965 MHz, 3996 MHz, 100 %, 42
2026/10/03 15:35:12.624, 617.04 W, 622.53 W, 1965 MHz, 3996 MHz, 100 %, 42
2026/10/03 15:35:12.724, 617.11 W, 608.32 W, 1965 MHz, 3996 MHz, 100 %, 42
2026/10/03 15:35:12.824, 616.94 W, 610.29 W, 1965 MHz, 3996 MHz, 100 %, 42
2026/10/03 15:35:12.924, 616.61 W, 610.29 W, 1965 MHz, 3996 MHz, 100 %, 42
2026/10/03 15:35:13.025, 616.80 W, 618.01 W, 1965 MHz, 3996 MHz, 100 %, 42
2026/10/03 15:35:13.125, 617.06 W, 618.02 W, 1965 MHz, 3996 MHz, 100 %, 42
2026/10/03 15:35:13.225, 617.06 W, 606.40 W, 1965 MHz, 3996 MHz, 100 %, 42
2026/10/03 15:35:13.325, 617.10 W, 610.93 W, 1965 MHz, 3996 MHz, 100 %, 42
2026/10/03 15:35:13.425, 617.09 W, 610.29 W, 1965 MHz, 3996 MHz, 100 %, 42
2026/10/03 15:35:13.525, 616.69 W, 614.81 W, 1965 MHz, 3996 MHz, 100 %, 43
2026/10/03 15:35:13.625, 616.87 W, 621.25 W, 1965 MHz, 3996 MHz, 100 %, 43
2026/10/03 15:35:13.725, 616.42 W, 612.20 W, 1965 MHz, 3996 MHz, 100 %, 43
2026/10/03 15:35:13.825, 616.44 W, 614.17 W, 1965 MHz, 3996 MHz, 100 %, 43
2026/10/03 15:35:13.925, 616.73 W, 612.20 W, 1965 MHz, 3996 MHz, 100 %, 43
2026/10/03 15:35:14.025, 616.46 W, 609.02 W, 1965 MHz, 3996 MHz, 100 %, 43
2026/10/03 15:35:14.125, 616.69 W, 622.55 W, 1965 MHz, 3996 MHz, 100 %, 43
2026/10/03 15:35:14.225, 616.17 W, 610.29 W, 1965 MHz, 3996 MHz, 100 %, 43
2026/10/03 15:35:14.325, 616.29 W, 613.49 W, 1965 MHz, 3996 MHz, 100 %, 43
2026/10/03 15:35:14.426, 616.28 W, 610.29 W, 1965 MHz, 3996 MHz, 100 %, 43
2026/10/03 15:35:14.526, 616.42 W, 605.12 W, 1965 MHz, 3996 MHz, 100 %, 43
2026/10/03 15:35:14.626, 616.63 W, 621.91 W, 1965 MHz, 3996 MHz, 100 %, 43
2026/10/03 15:35:14.726, 616.86 W, 618.66 W, 1965 MHz, 3996 MHz, 100 %, 43
2026/10/03 15:35:14.826, 617.36 W, 620.63 W, 1965 MHz, 3996 MHz, 100 %, 43
2026/10/03 15:35:14.926, 617.32 W, 619.99 W, 1965 MHz, 3996 MHz, 100 %, 43
2026/10/03 15:35:15.026, 616.96 W, 614.18 W, 1965 MHz, 3996 MHz, 100 %, 43
2026/10/03 15:35:15.126, 617.09 W, 627.71 W, 1965 MHz, 3996 MHz, 100 %, 43
2026/10/03 15:35:15.226, 617.25 W, 623.88 W, 1965 MHz, 3996 MHz, 100 %, 43
2026/10/03 15:35:15.326, 617.78 W, 627.71 W, 1965 MHz, 3996 MHz, 100 %, 43
2026/10/03 15:35:15.426, 617.89 W, 627.08 W, 1965 MHz, 3996 MHz, 100 %, 43
2026/10/03 15:35:15.526, 617.58 W, 620.63 W, 1965 MHz, 3996 MHz, 100 %, 43
2026/10/03 15:35:15.626, 618.01 W, 634.86 W, 1965 MHz, 3996 MHz, 100 %, 43
2026/10/03 15:35:15.726, 617.81 W, 623.88 W, 1965 MHz, 3996 MHz, 100 %, 43
2026/10/03 15:35:15.827, 617.52 W, 625.16 W, 1965 MHz, 3996 MHz, 100 %, 43
2026/10/03 15:35:15.927, 617.66 W, 623.19 W, 1965 MHz, 3996 MHz, 100 %, 43
2026/10/03 15:35:16.027, 617.69 W, 610.29 W, 1965 MHz, 3996 MHz, 100 %, 43
2026/10/03 15:35:16.127, 617.74 W, 611.57 W, 1965 MHz, 3996 MHz, 100 %, 43
2026/10/03 15:35:16.227, 617.13 W, 612.21 W, 1965 MHz, 3996 MHz, 100 %, 43
2026/10/03 15:35:16.327, 617.04 W, 619.99 W, 1965 MHz, 3996 MHz, 100 %, 43
2026/10/03 15:35:16.427, 617.11 W, 621.92 W, 1965 MHz, 3996 MHz, 100 %, 43
2026/10/03 15:35:16.527, 616.88 W, 605.12 W, 1965 MHz, 3996 MHz, 100 %, 43
2026/10/03 15:35:16.627, 616.66 W, 607.68 W, 1965 MHz, 3996 MHz, 100 %, 43
2026/10/03 15:35:16.727, 616.61 W, 608.32 W, 1965 MHz, 3996 MHz, 100 %, 43
2026/10/03 15:35:16.827, 617.03 W, 616.10 W, 1965 MHz, 3996 MHz, 100 %, 43
2026/10/03 15:35:16.927, 617.16 W, 618.66 W, 1965 MHz, 3996 MHz, 100 %, 43
2026/10/03 15:35:17.027, 616.68 W, 608.32 W, 1965 MHz, 3996 MHz, 100 %, 43
2026/10/03 15:35:17.128, 616.87 W, 610.29 W, 1965 MHz, 3996 MHz, 100 %, 43
2026/10/03 15:35:17.228, 616.92 W, 610.29 W, 1965 MHz, 3996 MHz, 100 %, 43
2026/10/03 15:35:17.328, 617.36 W, 618.66 W, 1965 MHz, 3996 MHz, 100 %, 43
2026/10/03 15:35:17.428, 617.62 W, 623.88 W, 1965 MHz, 3996 MHz, 100 %, 43
2026/10/03 15:35:17.528, 617.41 W, 607.04 W, 1965 MHz, 3996 MHz, 100 %, 43
2026/10/03 15:35:17.628, 617.23 W, 611.57 W, 1965 MHz, 3996 MHz, 100 %, 43
2026/10/03 15:35:17.728, 617.39 W, 606.40 W, 1965 MHz, 3996 MHz, 100 %, 43
2026/10/03 15:35:17.828, 617.40 W, 614.13 W, 1965 MHz, 3996 MHz, 100 %, 43
2026/10/03 15:35:17.928, 617.26 W, 618.66 W, 1965 MHz, 3996 MHz, 100 %, 43
2026/10/03 15:35:18.028, 617.71 W, 610.29 W, 1965 MHz, 3996 MHz, 100 %, 43
2026/10/03 15:35:18.128, 617.79 W, 614.82 W, 1965 MHz, 3996 MHz, 100 %, 43
2026/10/03 15:35:18.228, 617.90 W, 609.65 W, 1965 MHz, 3996 MHz, 100 %, 43
2026/10/03 15:35:18.328, 617.46 W, 616.10 W, 1965 MHz, 3996 MHz, 100 %, 43
2026/10/03 15:35:18.428, 617.19 W, 623.88 W, 1965 MHz, 3996 MHz, 100 %, 43
2026/10/03 15:35:18.529, 617.53 W, 616.10 W, 1965 MHz, 3996 MHz, 100 %, 43
2026/10/03 15:35:18.629, 617.85 W, 621.91 W, 1965 MHz, 3996 MHz, 100 %, 43
2026/10/03 15:35:18.729, 617.63 W, 618.03 W, 1965 MHz, 3996 MHz, 100 %, 43
2026/10/03 15:35:18.829, 617.34 W, 619.31 W, 1965 MHz, 3996 MHz, 100 %, 43
2026/10/03 15:35:18.929, 617.56 W, 634.86 W, 1965 MHz, 3996 MHz, 100 %, 43
2026/10/03 15:35:19.029, 617.18 W, 624.52 W, 1965 MHz, 3996 MHz, 100 %, 43
2026/10/03 15:35:19.129, 617.19 W, 626.44 W, 1965 MHz, 3996 MHz, 100 %, 43
2026/10/03 15:35:19.229, 616.77 W, 624.52 W, 1965 MHz, 3996 MHz, 100 %, 43
2026/10/03 15:35:19.329, 616.84 W, 616.74 W, 1965 MHz, 3996 MHz, 100 %, 43
2026/10/03 15:35:19.429, 617.45 W, 634.89 W, 1965 MHz, 3996 MHz, 100 %, 43
2026/10/03 15:35:19.529, 617.10 W, 627.08 W, 1965 MHz, 3996 MHz, 100 %, 43
2026/10/03 15:35:19.629, 617.03 W, 621.91 W, 1965 MHz, 3996 MHz, 100 %, 43
2026/10/03 15:35:19.729, 617.23 W, 623.88 W, 1965 MHz, 3996 MHz, 100 %, 43
2026/10/03 15:35:19.829, 617.44 W, 611.58 W, 1965 MHz, 3996 MHz, 100 %, 43
2026/10/03 15:35:19.930, 617.48 W, 611.57 W, 1965 MHz, 3996 MHz, 100 %, 43
2026/10/03 15:35:20.030, 617.31 W, 612.21 W, 1965 MHz, 3996 MHz, 100 %, 43
2026/10/03 15:35:20.130, 617.92 W, 618.66 W, 1965 MHz, 3996 MHz, 100 %, 43
2026/10/03 15:35:20.230, 618.27 W, 621.91 W, 1965 MHz, 3996 MHz, 100 %, 43
2026/10/03 15:35:20.330, 618.34 W, 607.04 W, 1965 MHz, 3996 MHz, 100 %, 43
2026/10/03 15:35:20.430, 618.29 W, 610.94 W, 1965 MHz, 3996 MHz, 100 %, 43
2026/10/03 15:35:20.530, 618.07 W, 610.94 W, 1965 MHz, 3996 MHz, 100 %, 43
2026/10/03 15:35:20.630, 618.31 W, 616.74 W, 1965 MHz, 3996 MHz, 100 %, 43
2026/10/03 15:35:20.730, 586.51 W, 248.09 W, 1965 MHz, 3996 MHz, 21 %, 41
2026/10/03 15:35:20.830, 550.53 W, 245.91 W, 1965 MHz, 3996 MHz, 21 %, 39
2026/10/03 15:35:20.930, 511.71 W, 245.27 W, 1965 MHz, 3996 MHz, 0 %, 38
2026/10/03 15:35:21.030, 477.43 W, 243.99 W, 1965 MHz, 3996 MHz, 0 %, 37
2026/10/03 15:35:21.130, 437.15 W, 243.30 W, 1965 MHz, 3996 MHz, 0 %, 37
2026/10/03 15:35:21.230, 399.97 W, 242.92 W, 1965 MHz, 3996 MHz, 0 %, 36
2026/10/03 15:35:21.330, 362.35 W, 242.66 W, 1965 MHz, 3996 MHz, 0 %, 36
2026/10/03 15:35:21.431, 324.58 W, 243.55 W, 1965 MHz, 3996 MHz, 0 %, 35
2026/10/03 15:35:21.531, 287.45 W, 243.55 W, 1965 MHz, 3996 MHz, 0 %, 35
2026/10/03 15:35:21.631, 249.69 W, 242.92 W, 1965 MHz, 3996 MHz, 0 %, 35
2026/10/03 15:35:21.731, 244.10 W, 242.92 W, 1965 MHz, 3996 MHz, 0 %, 35
2026/10/03 15:35:21.831, 243.62 W, 242.27 W, 1965 MHz, 3996 MHz, 0 %, 35
2026/10/03 15:35:21.931, 243.43 W, 244.25 W, 1965 MHz, 3996 MHz, 0 %, 34
2026/10/03 15:35:22.031, 243.20 W, 242.27 W, 1965 MHz, 3996 MHz, 0 %, 34
2026/10/03 15:35:22.131, 242.98 W, 242.01 W, 1965 MHz, 3996 MHz, 0 %, 34
2026/10/03 15:35:22.231, 242.72 W, 241.38 W, 1965 MHz, 3996 MHz, 0 %, 34
2026/10/03 15:35:22.331, 242.59 W, 241.38 W, 1965 MHz, 3996 MHz, 0 %, 34
2026/10/03 15:35:22.431, 242.47 W, 240.99 W, 1965 MHz, 3996 MHz, 0 %, 34
2026/10/03 15:35:22.531, 242.24 W, 241.38 W, 1965 MHz, 3996 MHz, 0 %, 34
2026/10/03 15:35:22.631, 242.08 W, 241.63 W, 1965 MHz, 3996 MHz, 0 %, 34
2026/10/03 15:35:22.732, 241.98 W, 241.38 W, 1965 MHz, 3996 MHz, 0 %, 34
2026/10/03 15:35:22.832, 241.88 W, 240.74 W, 1965 MHz, 3996 MHz, 0 %, 34
2026/10/03 15:35:22.932, 241.68 W, 241.38 W, 1965 MHz, 3996 MHz, 0 %, 33
2026/10/03 15:35:23.032, 241.75 W, 242.92 W, 1965 MHz, 3996 MHz, 0 %, 33
2026/10/03 15:35:23.132, 241.71 W, 240.74 W, 1965 MHz, 3996 MHz, 0 %, 33
2026/10/03 15:35:23.232, 241.61 W, 240.99 W, 1965 MHz, 3996 MHz, 0 %, 33
2026/10/03 15:35:23.332, 241.60 W, 240.74 W, 1965 MHz, 3996 MHz, 0 %, 33
2026/10/03 15:35:23.432, 241.01 W, 212.89 W, 1282 MHz, 3996 MHz, 0 %, 33
2026/10/03 15:35:23.532, 237.26 W, 204.04 W, 1282 MHz, 3996 MHz, 0 %, 33
2026/10/03 15:35:23.632, 233.46 W, 203.19 W, 1222 MHz, 3996 MHz, 0 %, 33
2026/10/03 15:35:23.732, 229.92 W, 203.19 W, 1200 MHz, 3996 MHz, 0 %, 33
2026/10/03 15:35:23.832, 225.87 W, 202.11 W, 1200 MHz, 3996 MHz, 0 %, 33
2026/10/03 15:35:23.932, 222.41 W, 201.90 W, 1170 MHz, 3996 MHz, 0 %, 32
2026/10/03 15:35:24.032, 217.87 W, 201.90 W, 1170 MHz, 3996 MHz, 0 %, 32
2026/10/03 15:35:24.133, 213.95 W, 201.90 W, 1140 MHz, 3996 MHz, 0 %, 32
2026/10/03 15:35:24.233, 210.62 W, 201.48 W, 1140 MHz, 3996 MHz, 0 %, 32
2026/10/03 15:35:24.333, 207.75 W, 239.71 W, 1965 MHz, 3996 MHz, 0 %, 32
2026/10/03 15:35:24.433, 208.25 W, 240.35 W, 1965 MHz, 3996 MHz, 0 %, 32
2026/10/03 15:35:24.533, 211.63 W, 241.63 W, 1965 MHz, 3996 MHz, 0 %, 32
2026/10/03 15:35:24.633, 215.25 W, 240.99 W, 1965 MHz, 3996 MHz, 0 %, 32
2026/10/03 15:35:24.733, 219.20 W, 240.74 W, 1965 MHz, 3996 MHz, 0 %, 33
2026/10/03 15:35:24.833, 222.55 W, 240.35 W, 1965 MHz, 3996 MHz, 0 %, 33
2026/10/03 15:35:24.933, 226.65 W, 240.10 W, 1965 MHz, 3996 MHz, 0 %, 33
2026/10/03 15:35:25.033, 229.90 W, 240.10 W, 1965 MHz, 3996 MHz, 0 %, 33
2026/10/03 15:35:25.133, 233.63 W, 240.10 W, 1965 MHz, 3996 MHz, 0 %, 33
2026/10/03 15:35:25.233, 238.13 W, 240.74 W, 1965 MHz, 3996 MHz, 0 %, 33
2026/10/03 15:35:25.333, 240.26 W, 240.10 W, 1965 MHz, 3996 MHz, 0 %, 32
2026/10/03 15:35:25.433, 240.32 W, 240.99 W, 1965 MHz, 3996 MHz, 0 %, 32
2026/10/03 15:35:25.534, 240.32 W, 240.10 W, 1965 MHz, 3996 MHz, 0 %, 32
2026/10/03 15:35:25.634, 240.28 W, 240.35 W, 1965 MHz, 3996 MHz, 0 %, 32
2026/10/03 15:35:25.734, 240.27 W, 240.10 W, 1965 MHz, 3996 MHz, 0 %, 32
2026/10/03 15:35:25.834, 240.20 W, 239.45 W, 1965 MHz, 3996 MHz, 0 %, 32
2026/10/03 15:35:25.934, 240.24 W, 240.74 W, 1965 MHz, 3996 MHz, 0 %, 32
2026/10/03 15:35:26.034, 240.25 W, 240.10 W, 1965 MHz, 3996 MHz, 0 %, 32
2026/10/03 15:35:26.134, 240.28 W, 240.35 W, 1965 MHz, 3996 MHz, 0 %, 32
2026/10/03 15:35:26.234, 240.29 W, 240.10 W, 1965 MHz, 3996 MHz, 0 %, 32
2026/10/03 15:35:26.334, 240.22 W, 239.45 W, 1965 MHz, 3996 MHz, 0 %, 32
2026/10/03 15:35:26.434, 240.20 W, 240.10 W, 1965 MHz, 3996 MHz, 0 %, 32
2026/10/03 15:35:26.534, 240.19 W, 240.10 W, 1965 MHz, 3996 MHz, 1 %, 32
2026/10/03 15:35:26.634, 240.19 W, 240.35 W, 1965 MHz, 3996 MHz, 1 %, 32
2026/10/03 15:35:26.734, 281.04 W, 673.65 W, 1965 MHz, 3996 MHz, 91 %, 36
2026/10/03 15:35:26.834, 322.17 W, 677.54 W, 1965 MHz, 3996 MHz, 91 %, 37
2026/10/03 15:35:26.935, 367.27 W, 678.18 W, 1965 MHz, 3996 MHz, 100 %, 38
2026/10/03 15:35:27.035, 410.49 W, 676.85 W, 1965 MHz, 3996 MHz, 100 %, 39
2026/10/03 15:35:27.135, 453.34 W, 679.46 W, 1965 MHz, 3996 MHz, 100 %, 39
2026/10/03 15:35:27.235, 496.81 W, 677.54 W, 1965 MHz, 3996 MHz, 100 %, 40
2026/10/03 15:35:27.335, 540.06 W, 676.21 W, 1965 MHz, 3996 MHz, 100 %, 40
2026/10/03 15:35:27.435, 576.43 W, 681.37 W, 1965 MHz, 3996 MHz, 100 %, 41
2026/10/03 15:35:27.535, 626.60 W, 674.29 W, 1965 MHz, 3996 MHz, 100 %, 41
2026/10/03 15:35:27.635, 661.61 W, 682.71 W, 1965 MHz, 3996 MHz, 100 %, 41
2026/10/03 15:35:27.735, 672.80 W, 674.29 W, 1965 MHz, 3996 MHz, 100 %, 41
2026/10/03 15:35:27.835, 673.27 W, 671.04 W, 1965 MHz, 3996 MHz, 100 %, 42
2026/10/03 15:35:27.935, 673.45 W, 673.01 W, 1965 MHz, 3996 MHz, 100 %, 42
2026/10/03 15:35:28.035, 673.81 W, 674.93 W, 1965 MHz, 3996 MHz, 100 %, 42
2026/10/03 15:35:28.135, 674.08 W, 678.82 W, 1965 MHz, 3996 MHz, 100 %, 42
2026/10/03 15:35:28.235, 674.53 W, 674.29 W, 1965 MHz, 3996 MHz, 100 %, 42
2026/10/03 15:35:28.336, 675.01 W, 680.74 W, 1965 MHz, 3996 MHz, 100 %, 42
2026/10/03 15:35:28.436, 675.24 W, 673.01 W, 1965 MHz, 3996 MHz, 100 %, 42
2026/10/03 15:35:28.536, 675.53 W, 675.57 W, 1965 MHz, 3996 MHz, 100 %, 43
2026/10/03 15:35:28.636, 675.42 W, 677.54 W, 1965 MHz, 3996 MHz, 100 %, 43
2026/10/03 15:35:28.736, 675.79 W, 673.01 W, 1965 MHz, 3996 MHz, 100 %, 43
2026/10/03 15:35:28.836, 676.00 W, 678.18 W, 1965 MHz, 3996 MHz, 100 %, 43
2026/10/03 15:35:28.936, 676.52 W, 683.91 W, 1965 MHz, 3996 MHz, 100 %, 43
2026/10/03 15:35:29.036, 676.72 W, 674.93 W, 1965 MHz, 3996 MHz, 100 %, 43
2026/10/03 15:35:29.136, 676.99 W, 676.85 W, 1965 MHz, 3996 MHz, 100 %, 43
2026/10/03 15:35:29.236, 677.22 W, 679.46 W, 1965 MHz, 3996 MHz, 100 %, 43
2026/10/03 15:35:29.336, 676.95 W, 665.87 W, 1965 MHz, 3996 MHz, 100 %, 43
2026/10/03 15:35:29.436, 676.91 W, 667.84 W, 1965 MHz, 3996 MHz, 100 %, 43
2026/10/03 15:35:29.536, 677.27 W, 678.82 W, 1965 MHz, 3996 MHz, 100 %, 43
2026/10/03 15:35:29.636, 677.46 W, 665.87 W, 1965 MHz, 3996 MHz, 100 %, 43
2026/10/03 15:35:29.736, 677.37 W, 667.84 W, 1965 MHz, 3996 MHz, 100 %, 43
2026/10/03 15:35:29.837, 677.43 W, 676.21 W, 1965 MHz, 3996 MHz, 100 %, 43
2026/10/03 15:35:29.937, 677.39 W, 668.48 W, 1965 MHz, 3996 MHz, 100 %, 43
2026/10/03 15:35:30.037, 677.25 W, 669.76 W, 1965 MHz, 3996 MHz, 100 %, 43
2026/10/03 15:35:30.137, 677.40 W, 680.10 W, 1965 MHz, 3996 MHz, 100 %, 44
2026/10/03 15:35:30.237, 677.38 W, 674.93 W, 1965 MHz, 3996 MHz, 100 %, 44
2026/10/03 15:35:30.337, 677.64 W, 668.48 W, 1965 MHz, 3996 MHz, 100 %, 44
2026/10/03 15:35:30.437, 677.86 W, 680.10 W, 1965 MHz, 3996 MHz, 100 %, 44
2026/10/03 15:35:30.537, 677.62 W, 675.57 W, 1965 MHz, 3996 MHz, 100 %, 44
2026/10/03 15:35:30.637, 677.73 W, 669.76 W, 1965 MHz, 3996 MHz, 100 %, 44
2026/10/03 15:35:30.737, 678.12 W, 680.74 W, 1965 MHz, 3996 MHz, 100 %, 44
2026/10/03 15:35:30.837, 678.02 W, 682.07 W, 1965 MHz, 3996 MHz, 100 %, 44
2026/10/03 15:35:30.937, 678.14 W, 675.57 W, 1965 MHz, 3996 MHz, 100 %, 44
2026/10/03 15:35:31.037, 678.19 W, 678.82 W, 1965 MHz, 3996 MHz, 100 %, 44
2026/10/03 15:35:31.137, 678.49 W, 682.07 W, 1965 MHz, 3996 MHz, 100 %, 44
2026/10/03 15:35:31.238, 678.34 W, 675.57 W, 1965 MHz, 3996 MHz, 100 %, 44
2026/10/03 15:35:31.338, 678.46 W, 675.57 W, 1965 MHz, 3996 MHz, 100 %, 44
2026/10/03 15:35:31.438, 678.90 W, 685.27 W, 1965 MHz, 3996 MHz, 100 %, 44
2026/10/03 15:35:31.538, 678.94 W, 678.18 W, 1965 MHz, 3996 MHz, 100 %, 44
2026/10/03 15:35:31.638, 678.66 W, 674.29 W, 1965 MHz, 3996 MHz, 100 %, 44
2026/10/03 15:35:31.738, 679.15 W, 682.71 W, 1965 MHz, 3996 MHz, 100 %, 44
2026/10/03 15:35:31.838, 679.11 W, 673.65 W, 1965 MHz, 3996 MHz, 100 %, 44
2026/10/03 15:35:31.938, 678.67 W, 674.29 W, 1965 MHz, 3996 MHz, 100 %, 44
2026/10/03 15:35:32.038, 678.88 W, 682.71 W, 1965 MHz, 3996 MHz, 100 %, 44
2026/10/03 15:35:32.138, 678.53 W, 678.82 W, 1965 MHz, 3996 MHz, 100 %, 44
2026/10/03 15:35:32.238, 678.33 W, 674.93 W, 1965 MHz, 3996 MHz, 100 %, 44
2026/10/03 15:35:32.338, 678.69 W, 683.99 W, 1965 MHz, 3996 MHz, 100 %, 44
2026/10/03 15:35:32.438, 678.06 W, 678.82 W, 1965 MHz, 3996 MHz, 100 %, 44
2026/10/03 15:35:32.538, 677.96 W, 679.46 W, 1965 MHz, 3996 MHz, 100 %, 44
2026/10/03 15:35:32.639, 678.34 W, 686.54 W, 1965 MHz, 3996 MHz, 100 %, 44
2026/10/03 15:35:32.739, 677.61 W, 676.85 W, 1965 MHz, 3996 MHz, 100 %, 44
2026/10/03 15:35:32.839, 677.66 W, 677.54 W, 1965 MHz, 3996 MHz, 100 %, 44
2026/10/03 15:35:32.939, 678.16 W, 687.88 W, 1965 MHz, 3996 MHz, 100 %, 44
2026/10/03 15:35:33.039, 678.13 W, 678.82 W, 1965 MHz, 3996 MHz, 100 %, 44
2026/10/03 15:35:33.139, 678.23 W, 676.85 W, 1965 MHz, 3996 MHz, 100 %, 44
2026/10/03 15:35:33.239, 678.58 W, 687.23 W, 1965 MHz, 3996 MHz, 100 %, 44
2026/10/03 15:35:33.339, 678.58 W, 677.54 W, 1965 MHz, 3996 MHz, 100 %, 44
2026/10/03 15:35:33.439, 678.72 W, 678.82 W, 1965 MHz, 3996 MHz, 100 %, 44
2026/10/03 15:35:33.539, 678.78 W, 691.08 W, 1965 MHz, 3996 MHz, 100 %, 44
2026/10/03 15:35:33.639, 679.04 W, 677.54 W, 1965 MHz, 3996 MHz, 100 %, 44
2026/10/03 15:35:33.739, 679.34 W, 683.99 W, 1965 MHz, 3996 MHz, 100 %, 44
2026/10/03 15:35:33.839, 679.36 W, 691.72 W, 1965 MHz, 3996 MHz, 100 %, 44
2026/10/03 15:35:33.939, 679.33 W, 678.18 W, 1965 MHz, 3996 MHz, 100 %, 44
2026/10/03 15:35:34.039, 679.49 W, 683.35 W, 1965 MHz, 3996 MHz, 100 %, 44
2026/10/03 15:35:34.140, 679.45 W, 681.37 W, 1965 MHz, 3996 MHz, 100 %, 44
2026/10/03 15:35:34.240, 679.13 W, 678.18 W, 1965 MHz, 3996 MHz, 100 %, 44
2026/10/03 15:35:34.340, 679.02 W, 683.35 W, 1965 MHz, 3996 MHz, 100 %, 44
2026/10/03 15:35:34.440, 678.92 W, 675.57 W, 1965 MHz, 3996 MHz, 100 %, 44
2026/10/03 15:35:34.540, 679.03 W, 676.85 W, 1965 MHz, 3996 MHz, 100 %, 44
2026/10/03 15:35:34.640, 678.91 W, 683.99 W, 1965 MHz, 3996 MHz, 100 %, 44
2026/10/03 15:35:34.740, 678.77 W, 676.85 W, 1965 MHz, 3996 MHz, 100 %, 45
2026/10/03 15:35:34.840, 678.97 W, 674.93 W, 1965 MHz, 3996 MHz, 100 %, 45
2026/10/03 15:35:34.940, 678.84 W, 683.99 W, 1965 MHz, 3996 MHz, 100 %, 45
2026/10/03 15:35:35.040, 678.64 W, 680.10 W, 1965 MHz, 3996 MHz, 100 %, 45
2026/10/03 15:35:35.140, 678.62 W, 677.54 W, 1965 MHz, 3996 MHz, 100 %, 45
2026/10/03 15:35:35.240, 678.81 W, 683.35 W, 1965 MHz, 3996 MHz, 100 %, 45
2026/10/03 15:35:35.340, 678.99 W, 677.54 W, 1965 MHz, 3996 MHz, 100 %, 45
2026/10/03 15:35:35.440, 679.18 W, 689.16 W, 1965 MHz, 3996 MHz, 100 %, 45
2026/10/03 15:35:35.541, 679.22 W, 684.63 W, 1965 MHz, 3996 MHz, 100 %, 45
2026/10/03 15:35:35.641, 679.31 W, 674.93 W, 1965 MHz, 3996 MHz, 100 %, 45
2026/10/03 15:35:35.741, 679.34 W, 683.99 W, 1965 MHz, 3996 MHz, 100 %, 45
2026/10/03 15:35:35.841, 679.52 W, 683.99 W, 1965 MHz, 3996 MHz, 100 %, 45
2026/10/03 15:35:35.941, 679.53 W, 674.29 W, 1965 MHz, 3996 MHz, 100 %, 45
2026/10/03 15:35:36.041, 679.60 W, 679.46 W, 1965 MHz, 3996 MHz, 100 %, 45
2026/10/03 15:35:36.141, 679.71 W, 679.46 W, 1965 MHz, 3996 MHz, 100 %, 45
2026/10/03 15:35:36.241, 679.91 W, 676.21 W, 1965 MHz, 3996 MHz, 100 %, 45
2026/10/03 15:35:36.341, 679.97 W, 680.10 W, 1965 MHz, 3996 MHz, 100 %, 45
2026/10/03 15:35:36.441, 680.03 W, 680.10 W, 1965 MHz, 3996 MHz, 100 %, 45
2026/10/03 15:35:36.541, 679.95 W, 676.21 W, 1965 MHz, 3996 MHz, 100 %, 45
2026/10/03 15:35:36.641, 679.77 W, 675.57 W, 1965 MHz, 3996 MHz, 100 %, 45
2026/10/03 15:35:36.741, 642.04 W, 251.08 W, 1965 MHz, 3996 MHz, 21 %, 42
2026/10/03 15:35:36.841, 599.63 W, 248.47 W, 1965 MHz, 3996 MHz, 21 %, 40
2026/10/03 15:35:36.941, 555.60 W, 246.17 W, 1965 MHz, 3996 MHz, 0 %, 39
2026/10/03 15:35:37.042, 495.62 W, 248.47 W, 1965 MHz, 3996 MHz, 0 %, 37
2026/10/03 15:35:37.142, 457.28 W, 245.27 W, 1965 MHz, 3996 MHz, 0 %, 37
2026/10/03 15:35:37.242, 414.39 W, 246.55 W, 1965 MHz, 3996 MHz, 0 %, 37
2026/10/03 15:35:37.342, 365.45 W, 244.63 W, 1965 MHz, 3996 MHz, 0 %, 36
2026/10/03 15:35:37.442, 329.29 W, 245.27 W, 1965 MHz, 3996 MHz, 0 %, 36
2026/10/03 15:35:37.542, 286.75 W, 245.91 W, 1965 MHz, 3996 MHz, 0 %, 36
2026/10/03 15:35:37.642, 247.02 W, 243.99 W, 1965 MHz, 3996 MHz, 0 %, 35
2026/10/03 15:35:37.742, 246.27 W, 243.55 W, 1965 MHz, 3996 MHz, 0 %, 35
2026/10/03 15:35:37.842, 245.76 W, 243.99 W, 1965 MHz, 3996 MHz, 0 %, 35
2026/10/03 15:35:37.942, 245.32 W, 242.92 W, 1965 MHz, 3996 MHz, 0 %, 35
2026/10/03 15:35:38.042, 244.82 W, 242.27 W, 1965 MHz, 3996 MHz, 0 %, 35
2026/10/03 15:35:38.142, 244.93 W, 246.17 W, 1965 MHz, 3996 MHz, 0 %, 35
2026/10/03 15:35:38.242, 284.96 W, 683.99 W, 1965 MHz, 3996 MHz, 0 %, 39
2026/10/03 15:35:38.343, 326.82 W, 672.37 W, 1965 MHz, 3996 MHz, 100 %, 40
2026/10/03 15:35:38.443, 371.93 W, 671.04 W, 1965 MHz, 3996 MHz, 100 %, 41
2026/10/03 15:35:38.543, 415.32 W, 693.69 W, 1965 MHz, 3996 MHz, 100 %, 41
2026/10/03 15:35:38.643, 455.32 W, 684.63 W, 1965 MHz, 3996 MHz, 100 %, 42
2026/10/03 15:35:38.743, 502.79 W, 696.25 W, 1965 MHz, 3996 MHz, 100 %, 42
2026/10/03 15:35:38.843, 547.24 W, 685.27 W, 1965 MHz, 3996 MHz, 100 %, 42
2026/10/03 15:35:38.943, 584.11 W, 680.10 W, 1965 MHz, 3996 MHz, 100 %, 43
2026/10/03 15:35:39.043, 627.14 W, 700.77 W, 1965 MHz, 3996 MHz, 100 %, 43
2026/10/03 15:35:39.143, 670.72 W, 678.18 W, 1965 MHz, 3996 MHz, 100 %, 43
2026/10/03 15:35:39.243, 683.01 W, 695.60 W, 1965 MHz, 3996 MHz, 100 %, 43
2026/10/03 15:35:39.343, 682.86 W, 689.16 W, 1965 MHz, 3996 MHz, 100 %, 43
2026/10/03 15:35:39.443, 683.97 W, 675.57 W, 1965 MHz, 3996 MHz, 100 %, 44
2026/10/03 15:35:39.543, 684.58 W, 693.69 W, 1965 MHz, 3996 MHz, 100 %, 44
2026/10/03 15:35:39.643, 685.15 W, 690.44 W, 1965 MHz, 3996 MHz, 100 %, 44
2026/10/03 15:35:39.743, 685.71 W, 691.08 W, 1965 MHz, 3996 MHz, 100 %, 44
2026/10/03 15:35:39.844, 685.33 W, 689.79 W, 1965 MHz, 3996 MHz, 100 %, 44
2026/10/03 15:35:39.944, 686.24 W, 682.07 W, 1965 MHz, 3996 MHz, 100 %, 44
2026/10/03 15:35:40.044, 686.27 W, 682.71 W, 1965 MHz, 3996 MHz, 100 %, 44
2026/10/03 15:35:40.144, 686.04 W, 685.27 W, 1965 MHz, 3996 MHz, 100 %, 44
2026/10/03 15:35:40.244, 686.92 W, 693.04 W, 1965 MHz, 3996 MHz, 100 %, 44
2026/10/03 15:35:40.344, 686.34 W, 680.10 W, 1965 MHz, 3996 MHz, 100 %, 44
2026/10/03 15:35:40.444, 686.58 W, 696.20 W, 1965 MHz, 3996 MHz, 100 %, 44
2026/10/03 15:35:40.544, 686.82 W, 687.88 W, 1965 MHz, 3996 MHz, 100 %, 44
2026/10/03 15:35:40.644, 686.02 W, 676.21 W, 1965 MHz, 3996 MHz, 100 %, 44
2026/10/03 15:35:40.744, 686.93 W, 698.21 W, 1965 MHz, 3996 MHz, 100 %, 44
2026/10/03 15:35:40.844, 686.41 W, 674.29 W, 1965 MHz, 3996 MHz, 100 %, 44
2026/10/03 15:35:40.944, 686.20 W, 689.16 W, 1965 MHz, 3996 MHz, 100 %, 45
2026/10/03 15:35:41.044, 686.97 W, 691.08 W, 1965 MHz, 3996 MHz, 100 %, 44
2026/10/03 15:35:41.144, 686.43 W, 671.75 W, 1965 MHz, 3996 MHz, 100 %, 45
2026/10/03 15:35:41.245, 686.79 W, 685.91 W, 1965 MHz, 3996 MHz, 100 %, 45
2026/10/03 15:35:41.345, 686.99 W, 680.10 W, 1965 MHz, 3996 MHz, 100 %, 45
2026/10/03 15:35:41.445, 686.32 W, 691.08 W, 1965 MHz, 3996 MHz, 100 %, 45
2026/10/03 15:35:41.545, 686.96 W, 696.25 W, 1965 MHz, 3996 MHz, 100 %, 45
2026/10/03 15:35:41.645, 686.67 W, 673.01 W, 1965 MHz, 3996 MHz, 100 %, 45
2026/10/03 15:35:41.745, 686.96 W, 694.33 W, 1965 MHz, 3996 MHz, 100 %, 45
2026/10/03 15:35:41.845, 687.42 W, 678.18 W, 1965 MHz, 3996 MHz, 100 %, 45
2026/10/03 15:35:41.945, 686.82 W, 680.74 W, 1965 MHz, 3996 MHz, 100 %, 45
2026/10/03 15:35:42.045, 687.48 W, 709.19 W, 1965 MHz, 3996 MHz, 100 %, 45
2026/10/03 15:35:42.145, 686.64 W, 669.12 W, 1965 MHz, 3996 MHz, 100 %, 45
2026/10/03 15:35:42.245, 686.27 W, 687.23 W, 1965 MHz, 3996 MHz, 100 %, 45
2026/10/03 15:35:42.345, 687.27 W, 680.74 W, 1965 MHz, 3996 MHz, 100 %, 45
2026/10/03 15:35:42.445, 686.91 W, 671.04 W, 1965 MHz, 3996 MHz, 100 %, 45
2026/10/03 15:35:42.545, 687.30 W, 699.50 W, 1965 MHz, 3996 MHz, 100 %, 45
2026/10/03 15:35:42.646, 687.09 W, 685.27 W, 1965 MHz, 3996 MHz, 100 %, 45
2026/10/03 15:35:42.746, 686.58 W, 682.07 W, 1965 MHz, 3996 MHz, 100 %, 45
2026/10/03 15:35:42.846, 686.95 W, 694.87 W, 1965 MHz, 3996 MHz, 100 %, 45
2026/10/03 15:35:42.946, 687.37 W, 680.74 W, 1965 MHz, 3996 MHz, 100 %, 45
2026/10/03 15:35:43.046, 687.00 W, 698.21 W, 1965 MHz, 3996 MHz, 100 %, 45
2026/10/03 15:35:43.146, 687.62 W, 679.46 W, 1965 MHz, 3996 MHz, 100 %, 45
2026/10/03 15:35:43.246, 687.49 W, 683.99 W, 1965 MHz, 3996 MHz, 100 %, 45
2026/10/03 15:35:43.346, 687.05 W, 698.21 W, 1965 MHz, 3996 MHz, 100 %, 45
2026/10/03 15:35:43.446, 687.93 W, 683.35 W, 1965 MHz, 3996 MHz, 100 %, 45
2026/10/03 15:35:43.546, 687.17 W, 698.95 W, 1965 MHz, 3996 MHz, 100 %, 45
2026/10/03 15:35:43.646, 687.71 W, 693.69 W, 1965 MHz, 3996 MHz, 100 %, 45
2026/10/03 15:35:43.746, 688.28 W, 683.35 W, 1965 MHz, 3996 MHz, 100 %, 45
2026/10/03 15:35:43.846, 687.64 W, 694.33 W, 1965 MHz, 3996 MHz, 100 %, 45
2026/10/03 15:35:43.946, 687.94 W, 681.37 W, 1965 MHz, 3996 MHz, 100 %, 45
2026/10/03 15:35:44.046, 687.60 W, 685.27 W, 1965 MHz, 3996 MHz, 100 %, 45
2026/10/03 15:35:44.147, 687.27 W, 694.33 W, 1965 MHz, 3996 MHz, 100 %, 45
2026/10/03 15:35:44.247, 688.31 W, 691.72 W, 1965 MHz, 3996 MHz, 100 %, 45
2026/10/03 15:35:44.347, 687.81 W, 680.74 W, 1965 MHz, 3996 MHz, 100 %, 45
2026/10/03 15:35:44.447, 687.84 W, 687.88 W, 1965 MHz, 3996 MHz, 100 %, 45
2026/10/03 15:35:44.547, 688.66 W, 690.44 W, 1965 MHz, 3996 MHz, 100 %, 45
2026/10/03 15:35:44.647, 687.97 W, 679.46 W, 1965 MHz, 3996 MHz, 100 %, 45
2026/10/03 15:35:44.747, 688.55 W, 696.94 W, 1965 MHz, 3996 MHz, 100 %, 45
2026/10/03 15:35:44.847, 689.05 W, 683.35 W, 1965 MHz, 3996 MHz, 100 %, 45
2026/10/03 15:35:44.947, 688.35 W, 675.57 W, 1965 MHz, 3996 MHz, 100 %, 45
2026/10/03 15:35:45.047, 689.72 W, 703.38 W, 1965 MHz, 3996 MHz, 100 %, 45
2026/10/03 15:35:45.147, 690.14 W, 688.52 W, 1965 MHz, 3996 MHz, 100 %, 45
2026/10/03 15:35:45.247, 689.84 W, 694.96 W, 1965 MHz, 3996 MHz, 100 %, 45
2026/10/03 15:35:45.347, 690.85 W, 683.35 W, 1965 MHz, 3996 MHz, 100 %, 45
2026/10/03 15:35:45.447, 690.81 W, 681.37 W, 1965 MHz, 3996 MHz, 100 %, 45
2026/10/03 15:35:45.547, 690.82 W, 704.67 W, 1965 MHz, 3996 MHz, 100 %, 45
2026/10/03 15:35:45.647, 692.16 W, 687.88 W, 1965 MHz, 3996 MHz, 100 %, 45
2026/10/03 15:35:45.748, 691.55 W, 691.08 W, 1965 MHz, 3996 MHz, 100 %, 45
2026/10/03 15:35:45.848, 691.39 W, 704.67 W, 1965 MHz, 3996 MHz, 100 %, 45
2026/10/03 15:35:45.948, 691.65 W, 673.65 W, 1965 MHz, 3996 MHz, 100 %, 45
2026/10/03 15:35:46.048, 690.73 W, 694.33 W, 1965 MHz, 3996 MHz, 100 %, 45
2026/10/03 15:35:46.148, 691.25 W, 701.41 W, 1965 MHz, 3996 MHz, 100 %, 45
2026/10/03 15:35:46.248, 691.04 W, 682.71 W, 1965 MHz, 3996 MHz, 100 %, 45
2026/10/03 15:35:46.348, 689.84 W, 679.46 W, 1965 MHz, 3996 MHz, 100 %, 45
2026/10/03 15:35:46.448, 690.47 W, 699.50 W, 1965 MHz, 3996 MHz, 100 %, 45
2026/10/03 15:35:46.548, 690.40 W, 681.37 W, 1965 MHz, 3996 MHz, 100 %, 45
2026/10/03 15:35:46.648, 689.34 W, 683.99 W, 1965 MHz, 3996 MHz, 100 %, 45
2026/10/03 15:35:46.748, 690.62 W, 713.09 W, 1965 MHz, 3996 MHz, 100 %, 45
2026/10/03 15:35:46.848, 690.23 W, 671.68 W, 1965 MHz, 3996 MHz, 100 %, 45
2026/10/03 15:35:46.948, 689.95 W, 686.54 W, 1965 MHz, 3996 MHz, 100 %, 45
2026/10/03 15:35:47.048, 691.46 W, 704.02 W, 1965 MHz, 3996 MHz, 100 %, 45
2026/10/03 15:35:47.148, 690.72 W, 678.18 W, 1965 MHz, 3996 MHz, 100 %, 45
2026/10/03 15:35:47.249, 691.06 W, 696.25 W, 1965 MHz, 3996 MHz, 100 %, 45
2026/10/03 15:35:47.349, 691.69 W, 681.37 W, 1965 MHz, 3996 MHz, 100 %, 45
2026/10/03 15:35:47.449, 690.35 W, 680.74 W, 1965 MHz, 3996 MHz, 100 %, 45
2026/10/03 15:35:47.549, 691.12 W, 705.94 W, 1965 MHz, 3996 MHz, 100 %, 45
2026/10/03 15:35:47.649, 691.74 W, 693.69 W, 1965 MHz, 3996 MHz, 100 %, 45
2026/10/03 15:35:47.749, 690.42 W, 703.49 W, 1965 MHz, 3996 MHz, 100 %, 45
2026/10/03 15:35:47.849, 690.86 W, 685.27 W, 1965 MHz, 3996 MHz, 100 %, 45
2026/10/03 15:35:47.949, 691.18 W, 685.91 W, 1965 MHz, 3996 MHz, 100 %, 45
2026/10/03 15:35:48.049, 690.38 W, 704.02 W, 1965 MHz, 3996 MHz, 100 %, 45
2026/10/03 15:35:48.149, 690.16 W, 634.25 W, 1965 MHz, 3996 MHz, 100 %, 45
2026/10/03 15:35:48.249, 648.55 W, 248.74 W, 1965 MHz, 3996 MHz, 100 %, 41
2026/10/03 15:35:48.349, 604.89 W, 247.45 W, 1965 MHz, 3996 MHz, 0 %, 40
2026/10/03 15:35:48.449, 562.02 W, 246.17 W, 1965 MHz, 3996 MHz, 0 %, 39
2026/10/03 15:35:48.549, 518.34 W, 244.89 W, 1965 MHz, 3996 MHz, 0 %, 38
2026/10/03 15:35:48.649, 469.95 W, 247.71 W, 1965 MHz, 3996 MHz, 0 %, 38
2026/10/03 15:35:48.750, 431.18 W, 244.89 W, 1965 MHz, 3996 MHz, 0 %, 37
2026/10/03 15:35:48.850, 380.97 W, 244.50 W, 1965 MHz, 3996 MHz, 0 %, 37
2026/10/03 15:35:48.950, 336.26 W, 244.25 W, 1965 MHz, 3996 MHz, 0 %, 36
2026/10/03 15:35:49.050, 299.95 W, 243.81 W, 1965 MHz, 3996 MHz, 0 %, 36
2026/10/03 15:35:49.150, 255.54 W, 246.81 W, 1965 MHz, 3996 MHz, 0 %, 36
2026/10/03 15:35:49.250, 245.69 W, 243.17 W, 1965 MHz, 3996 MHz, 0 %, 36
2026/10/03 15:35:49.350, 245.12 W, 242.92 W, 1965 MHz, 3996 MHz, 0 %, 36
2026/10/03 15:35:49.450, 244.82 W, 243.17 W, 1965 MHz, 3996 MHz, 0 %, 35
2026/10/03 15:35:49.550, 244.59 W, 242.92 W, 1965 MHz, 3996 MHz, 0 %, 35
2026/10/03 15:35:49.650, 244.29 W, 243.17 W, 1965 MHz, 3996 MHz, 0 %, 35
2026/10/03 15:35:49.750, 243.98 W, 243.55 W, 1965 MHz, 3996 MHz, 0 %, 35
2026/10/03 15:35:49.850, 243.78 W, 243.17 W, 1965 MHz, 3996 MHz, 0 %, 35
2026/10/03 15:35:49.950, 243.62 W, 242.01 W, 1965 MHz, 3996 MHz, 0 %, 35
2026/10/03 15:35:50.050, 243.62 W, 242.01 W, 1965 MHz, 3996 MHz, 0 %, 35
2026/10/03 15:35:50.151, 243.66 W, 245.91 W, 1965 MHz, 3996 MHz, 0 %, 35
2026/10/03 15:35:50.251, 243.40 W, 242.52 W, 1965 MHz, 3996 MHz, 0 %, 35
2026/10/03 15:35:50.351, 243.22 W, 242.92 W, 1965 MHz, 3996 MHz, 0 %, 34
2026/10/03 15:35:50.451, 242.59 W, 217.89 W, 1425 MHz, 3996 MHz, 0 %, 34
2026/10/03 15:35:50.551, 239.27 W, 207.72 W, 1425 MHz, 3996 MHz, 0 %, 34
2026/10/03 15:35:50.651, 235.47 W, 205.59 W, 1320 MHz, 3996 MHz, 0 %, 34
2026/10/03 15:35:50.751, 231.96 W, 205.37 W, 1320 MHz, 3996 MHz, 0 %, 34
2026/10/03 15:35:50.851, 228.13 W, 204.25 W, 1222 MHz, 3996 MHz, 0 %, 34
2026/10/03 15:35:50.951, 223.94 W, 203.40 W, 1222 MHz, 3996 MHz, 0 %, 34
2026/10/03 15:35:51.051, 220.46 W, 203.61 W, 1200 MHz, 3996 MHz, 0 %, 33
2026/10/03 15:35:51.151, 215.90 W, 203.40 W, 1200 MHz, 3996 MHz, 0 %, 33
2026/10/03 15:35:51.251, 211.98 W, 202.97 W, 1170 MHz, 3996 MHz, 0 %, 33
2026/10/03 15:35:51.351, 207.93 W, 202.54 W, 1170 MHz, 3996 MHz, 0 %, 33
2026/10/03 15:35:51.451, 204.72 W, 202.97 W, 1140 MHz, 3996 MHz, 0 %, 33
2026/10/03 15:35:51.552, 205.71 W, 240.35 W, 1965 MHz, 3996 MHz, 0 %, 33
2026/10/03 15:35:51.652, 209.20 W, 240.99 W, 1965 MHz, 3996 MHz, 0 %, 33
2026/10/03 15:35:51.752, 212.65 W, 241.38 W, 1965 MHz, 3996 MHz, 0 %, 33
2026/10/03 15:35:51.852, 216.53 W, 240.99 W, 1965 MHz, 3996 MHz, 0 %, 33
2026/10/03 15:35:51.952, 219.95 W, 241.63 W, 1965 MHz, 3996 MHz, 0 %, 33
2026/10/03 15:35:52.052, 223.72 W, 240.99 W, 1965 MHz, 3996 MHz, 0 %, 33
2026/10/03 15:35:52.152, 227.29 W, 241.63 W, 1965 MHz, 3996 MHz, 0 %, 33
2026/10/03 15:35:52.252, 231.09 W, 241.63 W, 1965 MHz, 3996 MHz, 0 %, 33
2026/10/03 15:35:52.352, 234.78 W, 240.99 W, 1965 MHz, 3996 MHz, 0 %, 33
2026/10/03 15:35:52.452, 239.32 W, 241.38 W, 1965 MHz, 3996 MHz, 0 %, 33
2026/10/03 15:35:52.552, 241.31 W, 240.35 W, 1965 MHz, 3996 MHz, 0 %, 33
2026/10/03 15:35:52.652, 241.34 W, 241.63 W, 1965 MHz, 3996 MHz, 0 %, 33
2026/10/03 15:35:52.752, 241.30 W, 241.24 W, 1965 MHz, 3996 MHz, 0 %, 33
2026/10/03 15:35:52.852, 241.27 W, 240.99 W, 1965 MHz, 3996 MHz, 0 %, 33
2026/10/03 15:35:52.953, 241.23 W, 241.24 W, 1965 MHz, 3996 MHz, 0 %, 33
2026/10/03 15:35:53.053, 241.23 W, 241.38 W, 1965 MHz, 3996 MHz, 0 %, 33
2026/10/03 15:35:53.153, 241.29 W, 241.88 W, 1965 MHz, 3996 MHz, 0 %, 33
2026/10/03 15:35:53.253, 241.30 W, 241.63 W, 1965 MHz, 3996 MHz, 0 %, 33
2026/10/03 15:35:53.353, 241.30 W, 241.24 W, 1965 MHz, 3996 MHz, 0 %, 33
2026/10/03 15:35:53.453, 241.26 W, 240.99 W, 1965 MHz, 3996 MHz, 0 %, 33
2026/10/03 15:35:53.553, 241.22 W, 240.60 W, 1965 MHz, 3996 MHz, 0 %, 33
2026/10/03 15:35:53.653, 241.13 W, 240.74 W, 1965 MHz, 3996 MHz, 0 %, 33
2026/10/03 15:35:53.753, 241.05 W, 240.60 W, 1965 MHz, 3996 MHz, 0 %, 33
2026/10/03 15:35:53.853, 241.73 W, 247.19 W, 1965 MHz, 3996 MHz, 3 %, 33
2026/10/03 15:35:53.953, 271.65 W, 656.22 W, 1965 MHz, 3996 MHz, 3 %, 33
2026/10/03 15:35:54.053, 316.60 W, 698.86 W, 1965 MHz, 3996 MHz, 100 %, 38
2026/10/03 15:35:54.153, 360.85 W, 731.20 W, 1965 MHz, 3996 MHz, 100 %, 39
2026/10/03 15:35:54.253, 404.77 W, 730.51 W, 1965 MHz, 3996 MHz, 100 %, 40
2026/10/03 15:35:54.354, 448.26 W, 697.67 W, 1965 MHz, 3996 MHz, 100 %, 40
2026/10/03 15:35:54.454, 492.68 W, 681.37 W, 1965 MHz, 3996 MHz, 100 %, 40
2026/10/03 15:35:54.554, 537.52 W, 671.75 W, 1965 MHz, 3996 MHz, 100 %, 41
2026/10/03 15:35:54.654, 581.96 W, 678.25 W, 1965 MHz, 3996 MHz, 100 %, 41
2026/10/03 15:35:54.754, 618.62 W, 660.70 W, 1965 MHz, 3996 MHz, 100 %, 42
2026/10/03 15:35:54.854, 661.13 W, 649.13 W, 1965 MHz, 3996 MHz, 100 %, 42
2026/10/03 15:35:54.954, 683.79 W, 657.45 W, 1965 MHz, 3996 MHz, 100 %, 42
2026/10/03 15:35:55.054, 684.64 W, 671.75 W, 1965 MHz, 3996 MHz, 100 %, 42
2026/10/03 15:35:55.154, 685.06 W, 700.77 W, 1965 MHz, 3996 MHz, 100 %, 43
2026/10/03 15:35:55.254, 685.38 W, 710.58 W, 1965 MHz, 3996 MHz, 100 %, 43
2026/10/03 15:35:55.354, 684.65 W, 705.94 W, 1965 MHz, 3996 MHz, 100 %, 43
2026/10/03 15:35:55.454, 684.14 W, 691.80 W, 1965 MHz, 3996 MHz, 100 %, 43
2026/10/03 15:35:55.554, 683.98 W, 685.91 W, 1965 MHz, 3996 MHz, 100 %, 43
2026/10/03 15:35:55.654, 683.88 W, 675.71 W, 1965 MHz, 3996 MHz, 100 %, 43
2026/10/03 15:35:55.755, 684.05 W, 689.16 W, 1965 MHz, 3996 MHz, 100 %, 43
2026/10/03 15:35:55.855, 684.21 W, 667.21 W, 1965 MHz, 3996 MHz, 100 %, 43
2026/10/03 15:35:55.955, 683.35 W, 651.64 W, 1965 MHz, 3996 MHz, 100 %, 43
2026/10/03 15:35:56.055, 683.97 W, 661.40 W, 1965 MHz, 3996 MHz, 100 %, 43
2026/10/03 15:35:56.155, 685.29 W, 705.30 W, 1965 MHz, 3996 MHz, 100 %, 44
2026/10/03 15:35:56.255, 686.76 W, 738.42 W, 1965 MHz, 3996 MHz, 100 %, 44
2026/10/03 15:35:56.355, 686.55 W, 735.73 W, 1965 MHz, 3996 MHz, 100 %, 44
2026/10/03 15:35:56.455, 687.01 W, 719.65 W, 1965 MHz, 3996 MHz, 100 %, 44
2026/10/03 15:35:56.555, 687.44 W, 695.60 W, 1965 MHz, 3996 MHz, 100 %, 44
2026/10/03 15:35:56.655, 687.08 W, 660.76 W, 1965 MHz, 3996 MHz, 100 %, 44
2026/10/03 15:35:56.755, 688.11 W, 675.57 W, 1965 MHz, 3996 MHz, 100 %, 44
2026/10/03 15:35:56.855, 688.11 W, 680.10 W, 1965 MHz, 3996 MHz, 100 %, 44
2026/10/03 15:35:56.955, 688.64 W, 663.95 W, 1965 MHz, 3996 MHz, 100 %, 44
2026/10/03 15:35:57.055, 688.00 W, 660.06 W, 1965 MHz, 3996 MHz, 100 %, 44
2026/10/03 15:35:57.155, 688.61 W, 670.46 W, 1965 MHz, 3996 MHz, 100 %, 44
2026/10/03 15:35:57.256, 688.80 W, 697.58 W, 1965 MHz, 3996 MHz, 100 %, 44
2026/10/03 15:35:57.356, 689.14 W, 712.55 W, 1965 MHz, 3996 MHz, 100 %, 45
2026/10/03 15:35:57.456, 688.12 W, 707.28 W, 1965 MHz, 3996 MHz, 100 %, 45
2026/10/03 15:35:57.556, 687.24 W, 695.70 W, 1965 MHz, 3996 MHz, 100 %, 45
2026/10/03 15:35:57.656, 686.69 W, 689.79 W, 1965 MHz, 3996 MHz, 100 %, 44
2026/10/03 15:35:57.756, 686.95 W, 671.11 W, 1965 MHz, 3996 MHz, 100 %, 44
2026/10/03 15:35:57.856, 686.86 W, 689.79 W, 1965 MHz, 3996 MHz, 100 %, 45
2026/10/03 15:35:57.956, 686.42 W, 675.07 W, 1965 MHz, 3996 MHz, 100 %, 44
2026/10/03 15:35:58.056, 686.58 W, 650.36 W, 1965 MHz, 3996 MHz, 100 %, 44
2026/10/03 15:35:58.156, 685.69 W, 659.47 W, 1965 MHz, 3996 MHz, 100 %, 44
2026/10/03 15:35:58.256, 686.43 W, 686.54 W, 1965 MHz, 3996 MHz, 100 %, 45
2026/10/03 15:35:58.356, 686.96 W, 719.65 W, 1965 MHz, 3996 MHz, 100 %, 45
2026/10/03 15:35:58.456, 687.38 W, 731.84 W, 1965 MHz, 3996 MHz, 100 %, 45
2026/10/03 15:35:58.556, 687.34 W, 724.18 W, 1965 MHz, 3996 MHz, 100 %, 45
2026/10/03 15:35:58.657, 687.76 W, 706.63 W, 1965 MHz, 3996 MHz, 100 %, 45
2026/10/03 15:35:58.757, 687.87 W, 680.18 W, 1965 MHz, 3996 MHz, 100 %, 45
2026/10/03 15:35:58.857, 689.38 W, 670.40 W, 1965 MHz, 3996 MHz, 100 %, 45
2026/10/03 15:35:58.957, 690.07 W, 683.99 W, 1965 MHz, 3996 MHz, 100 %, 45
2026/10/03 15:35:59.057, 689.54 W, 669.76 W, 1965 MHz, 3996 MHz, 100 %, 45
2026/10/03 15:35:59.157, 689.42 W, 659.47 W, 1965 MHz, 3996 MHz, 100 %, 44
2026/10/03 15:35:59.257, 690.52 W, 673.01 W, 1965 MHz, 3996 MHz, 100 %, 45
2026/10/03 15:35:59.357, 690.37 W, 691.08 W, 1965 MHz, 3996 MHz, 100 %, 45
2026/10/03 15:35:59.457, 692.86 W, 729.23 W, 1965 MHz, 3996 MHz, 100 %, 45
2026/10/03 15:35:59.557, 692.78 W, 720.17 W, 1965 MHz, 3996 MHz, 100 %, 45
2026/10/03 15:35:59.657, 692.89 W, 740.98 W, 1965 MHz, 3996 MHz, 100 %, 45
2026/10/03 15:35:59.757, 691.97 W, 705.30 W, 1965 MHz, 3996 MHz, 100 %, 45
2026/10/03 15:35:59.857, 691.19 W, 680.18 W, 1965 MHz, 3996 MHz, 100 %, 45
2026/10/03 15:35:59.957, 691.08 W, 682.07 W, 1965 MHz, 3996 MHz, 100 %, 45
2026/10/03 15:36:00.058, 691.35 W, 698.95 W, 1965 MHz, 3996 MHz, 100 %, 45
2026/10/03 15:36:00.158, 691.39 W, 663.31 W, 1965 MHz, 3996 MHz, 100 %, 45
2026/10/03 15:36:00.258, 690.79 W, 661.40 W, 1965 MHz, 3996 MHz, 100 %, 45
2026/10/03 15:36:00.358, 691.41 W, 679.46 W, 1965 MHz, 3996 MHz, 100 %, 45
2026/10/03 15:36:00.458, 691.47 W, 706.69 W, 1965 MHz, 3996 MHz, 100 %, 45
2026/10/03 15:36:00.558, 691.81 W, 723.42 W, 1965 MHz, 3996 MHz, 100 %, 45
2026/10/03 15:36:00.658, 690.66 W, 721.57 W, 1965 MHz, 3996 MHz, 100 %, 45
2026/10/03 15:36:00.758, 691.23 W, 700.13 W, 1965 MHz, 3996 MHz, 100 %, 45
2026/10/03 15:36:00.858, 691.03 W, 678.28 W, 1965 MHz, 3996 MHz, 100 %, 45
2026/10/03 15:36:00.958, 691.59 W, 662.67 W, 1965 MHz, 3996 MHz, 100 %, 45
2026/10/03 15:36:01.058, 692.28 W, 692.44 W, 1965 MHz, 3996 MHz, 100 %, 45
2026/10/03 15:36:01.158, 692.35 W, 690.44 W, 1965 MHz, 3996 MHz, 100 %, 45
2026/10/03 15:36:01.258, 692.24 W, 665.29 W, 1965 MHz, 3996 MHz, 100 %, 45
2026/10/03 15:36:01.358, 693.50 W, 726.80 W, 1965 MHz, 3996 MHz, 100 %, 45
2026/10/03 15:36:01.459, 693.19 W, 673.72 W, 1965 MHz, 3996 MHz, 100 %, 45
2026/10/03 15:36:01.559, 693.07 W, 659.47 W, 1965 MHz, 3996 MHz, 100 %, 45
2026/10/03 15:36:01.659, 693.91 W, 677.56 W, 1965 MHz, 3996 MHz, 100 %, 46
2026/10/03 15:36:01.759, 694.54 W, 737.01 W, 1965 MHz, 3996 MHz, 100 %, 45
2026/10/03 15:36:01.859, 694.61 W, 676.21 W, 1965 MHz, 3996 MHz, 100 %, 45
2026/10/03 15:36:01.959, 694.18 W, 664.01 W, 1965 MHz, 3996 MHz, 100 %, 45
2026/10/03 15:36:02.059, 694.59 W, 671.68 W, 1965 MHz, 3996 MHz, 100 %, 45
2026/10/03 15:36:02.159, 694.93 W, 709.94 W, 1965 MHz, 3996 MHz, 100 %, 45
2026/10/03 15:36:02.259, 696.31 W, 718.25 W, 1965 MHz, 3996 MHz, 100 %, 45
2026/10/03 15:36:02.359, 694.59 W, 734.53 W, 1965 MHz, 3996 MHz, 100 %, 45
2026/10/03 15:36:02.459, 694.34 W, 709.19 W, 1965 MHz, 3996 MHz, 100 %, 45
2026/10/03 15:36:02.559, 693.33 W, 686.63 W, 1965 MHz, 3996 MHz, 100 %, 45
2026/10/03 15:36:02.659, 693.94 W, 676.85 W, 1965 MHz, 3996 MHz, 100 %, 45
2026/10/03 15:36:02.759, 693.88 W, 703.49 W, 1965 MHz, 3996 MHz, 100 %, 46
2026/10/03 15:36:02.859, 694.00 W, 683.35 W, 1965 MHz, 3996 MHz, 100 %, 46
2026/10/03 15:36:02.960, 693.00 W, 649.77 W, 1965 MHz, 3996 MHz, 100 %, 45
2026/10/03 15:36:03.060, 693.11 W, 667.84 W, 1965 MHz, 3996 MHz, 100 %, 45
2026/10/03 15:36:03.160, 692.20 W, 683.43 W, 1965 MHz, 3996 MHz, 100 %, 45
2026/10/03 15:36:03.260, 692.32 W, 713.09 W, 1965 MHz, 3996 MHz, 100 %, 46
2026/10/03 15:36:03.360, 693.37 W, 728.72 W, 1965 MHz, 3996 MHz, 100 %, 45
2026/10/03 15:36:03.460, 693.23 W, 717.61 W, 1965 MHz, 3996 MHz, 100 %, 45
2026/10/03 15:36:03.560, 693.34 W, 693.04 W, 1965 MHz, 3996 MHz, 100 %, 45
2026/10/03 15:36:03.660, 693.67 W, 692.44 W, 1965 MHz, 3996 MHz, 100 %, 45
2026/10/03 15:36:03.760, 693.99 W, 685.27 W, 1965 MHz, 3996 MHz, 100 %, 46
2026/10/03 15:36:03.860, 693.96 W, 698.31 W, 1965 MHz, 3996 MHz, 100 %, 46
2026/10/03 15:36:03.960, 689.69 W, 489.26 W, 1965 MHz, 3996 MHz, 100 %, 46
2026/10/03 15:36:04.060, 655.60 W, 251.73 W, 1965 MHz, 3996 MHz, 21 %, 43
2026/10/03 15:36:04.160, 604.83 W, 265.61 W, 1965 MHz, 3996 MHz, 21 %, 40
2026/10/03 15:36:04.261, 558.01 W, 246.81 W, 1965 MHz, 3996 MHz, 3 %, 39
2026/10/03 15:36:04.361, 505.09 W, 249.17 W, 1965 MHz, 3996 MHz, 3 %, 38
2026/10/03 15:36:04.461, 465.49 W, 246.43 W, 1965 MHz, 3996 MHz, 0 %, 37
2026/10/03 15:36:04.561, 416.68 W, 246.17 W, 1965 MHz, 3996 MHz, 0 %, 37
2026/10/03 15:36:04.661, 371.45 W, 245.14 W, 1965 MHz, 3996 MHz, 0 %, 37
2026/10/03 15:36:04.761, 326.05 W, 246.17 W, 1965 MHz, 3996 MHz, 0 %, 36
2026/10/03 15:36:04.861, 280.86 W, 245.78 W, 1965 MHz, 3996 MHz, 0 %, 36
2026/10/03 15:36:04.961, 248.10 W, 244.63 W, 1965 MHz, 3996 MHz, 0 %, 36
2026/10/03 15:36:05.061, 247.25 W, 243.55 W, 1965 MHz, 3996 MHz, 0 %, 36
2026/10/03 15:36:05.161, 246.35 W, 244.89 W, 1965 MHz, 3996 MHz, 0 %, 36
2026/10/03 15:36:05.261, 245.82 W, 243.55 W, 1965 MHz, 3996 MHz, 0 %, 35
2026/10/03 15:36:05.361, 245.42 W, 242.92 W, 1965 MHz, 3996 MHz, 0 %, 35
2026/10/03 15:36:05.461, 244.98 W, 242.92 W, 1965 MHz, 3996 MHz, 0 %, 35
2026/10/03 15:36:05.561, 250.76 W, 534.55 W, 1965 MHz, 3996 MHz, 0 %, 35
2026/10/03 15:36:05.662, 292.03 W, 673.01 W, 1965 MHz, 3996 MHz, 69 %, 39
2026/10/03 15:36:05.762, 337.29 W, 674.36 W, 1965 MHz, 3996 MHz, 69 %, 41
2026/10/03 15:36:05.862, 377.92 W, 692.41 W, 1965 MHz, 3996 MHz, 100 %, 41
2026/10/03 15:36:05.962, 424.95 W, 694.42 W, 1965 MHz, 3996 MHz, 100 %, 42
2026/10/03 15:36:06.062, 468.98 W, 685.91 W, 1965 MHz, 3996 MHz, 100 %, 42
2026/10/03 15:36:06.162, 521.72 W, 689.88 W, 1965 MHz, 3996 MHz, 100 %, 43
2026/10/03 15:36:06.262, 559.62 W, 685.27 W, 1965 MHz, 3996 MHz, 100 %, 43
2026/10/03 15:36:06.362, 610.68 W, 669.83 W, 1965 MHz, 3996 MHz, 100 %, 43
2026/10/03 15:36:06.462, 655.12 W, 695.60 W, 1965 MHz, 3996 MHz, 100 %, 43
2026/10/03 15:36:06.562, 686.63 W, 706.05 W, 1965 MHz, 3996 MHz, 100 %, 44
2026/10/03 15:36:06.662, 686.87 W, 689.16 W, 1965 MHz, 3996 MHz, 100 %, 44
2026/10/03 15:36:06.762, 687.07 W, 673.08 W, 1965 MHz, 3996 MHz, 100 %, 44
2026/10/03 15:36:06.862, 687.64 W, 695.60 W, 1965 MHz, 3996 MHz, 100 %, 44
2026/10/03 15:36:06.962, 688.64 W, 686.63 W, 1965 MHz, 3996 MHz, 100 %, 44
2026/10/03 15:36:07.063, 688.82 W, 672.37 W, 1965 MHz, 3996 MHz, 100 %, 44
2026/10/03 15:36:07.163, 689.57 W, 707.38 W, 1965 MHz, 3996 MHz, 100 %, 44
2026/10/03 15:36:07.263, 689.56 W, 696.25 W, 1965 MHz, 3996 MHz, 100 %, 44
2026/10/03 15:36:07.363, 689.09 W, 682.79 W, 1965 MHz, 3996 MHz, 100 %, 44
2026/10/03 15:36:07.463, 689.56 W, 685.35 W, 1965 MHz, 3996 MHz, 100 %, 44
2026/10/03 15:36:07.563, 689.60 W, 689.24 W, 1965 MHz, 3996 MHz, 100 %, 44
2026/10/03 15:36:07.663, 690.34 W, 697.67 W, 1965 MHz, 3996 MHz, 100 %, 45
2026/10/03 15:36:07.763, 690.40 W, 692.44 W, 1965 MHz, 3996 MHz, 100 %, 45
2026/10/03 15:36:07.863, 690.74 W, 696.98 W, 1965 MHz, 3996 MHz, 100 %, 45
2026/10/03 15:36:07.963, 690.30 W, 694.96 W, 1965 MHz, 3996 MHz, 100 %, 45
2026/10/03 15:36:08.063, 690.31 W, 683.43 W, 1965 MHz, 3996 MHz, 100 %, 45
2026/10/03 15:36:08.163, 691.10 W, 676.85 W, 1965 MHz, 3996 MHz, 100 %, 45
2026/10/03 15:36:08.263, 691.53 W, 690.52 W, 1965 MHz, 3996 MHz, 100 %, 45
2026/10/03 15:36:08.363, 691.97 W, 708.55 W, 1965 MHz, 3996 MHz, 100 %, 45
2026/10/03 15:36:08.464, 691.99 W, 704.12 W, 1965 MHz, 3996 MHz, 100 %, 45
2026/10/03 15:36:08.564, 691.91 W, 688.52 W, 1965 MHz, 3996 MHz, 100 %, 45
2026/10/03 15:36:08.664, 691.59 W, 695.06 W, 1965 MHz, 3996 MHz, 100 %, 45
2026/10/03 15:36:08.764, 692.34 W, 693.69 W, 1965 MHz, 3996 MHz, 100 %, 45
2026/10/03 15:36:08.864, 692.30 W, 673.08 W, 1965 MHz, 3996 MHz, 100 %, 45
2026/10/03 15:36:08.964, 692.34 W, 698.86 W, 1965 MHz, 3996 MHz, 100 %, 45
2026/10/03 15:36:09.064, 692.04 W, 698.95 W, 1965 MHz, 3996 MHz, 100 %, 45
2026/10/03 15:36:09.164, 691.40 W, 687.23 W, 1965 MHz, 3996 MHz, 100 %, 45
2026/10/03 15:36:09.264, 691.33 W, 683.43 W, 1965 MHz, 3996 MHz, 100 %, 45
2026/10/03 15:36:09.364, 691.19 W, 693.69 W, 1965 MHz, 3996 MHz, 100 %, 45
2026/10/03 15:36:09.464, 691.92 W, 700.23 W, 1965 MHz, 3996 MHz, 100 %, 45
2026/10/03 15:36:09.564, 691.67 W, 683.99 W, 1965 MHz, 3996 MHz, 100 %, 45
2026/10/03 15:36:09.664, 691.65 W, 699.59 W, 1965 MHz, 3996 MHz, 100 %, 45
2026/10/03 15:36:09.764, 691.13 W, 696.34 W, 1965 MHz, 3996 MHz, 100 %, 45
2026/10/03 15:36:09.865, 690.47 W, 674.93 W, 1965 MHz, 3996 MHz, 100 %, 45
2026/10/03 15:36:09.965, 690.94 W, 685.35 W, 1965 MHz, 3996 MHz, 100 %, 45
2026/10/03 15:36:10.065, 691.05 W, 685.91 W, 1965 MHz, 3996 MHz, 100 %, 45
2026/10/03 15:36:10.165, 691.14 W, 703.49 W, 1965 MHz, 3996 MHz, 100 %, 45
2026/10/03 15:36:10.265, 690.70 W, 694.33 W, 1965 MHz, 3996 MHz, 100 %, 45
2026/10/03 15:36:10.365, 690.40 W, 693.77 W, 1965 MHz, 3996 MHz, 100 %, 45
2026/10/03 15:36:10.465, 690.33 W, 698.86 W, 1965 MHz, 3996 MHz, 100 %, 45
2026/10/03 15:36:10.565, 690.05 W, 680.18 W, 1965 MHz, 3996 MHz, 100 %, 45
2026/10/03 15:36:10.665, 690.62 W, 688.52 W, 1965 MHz, 3996 MHz, 100 %, 45
2026/10/03 15:36:10.765, 691.28 W, 700.87 W, 1965 MHz, 3996 MHz, 100 %, 45
2026/10/03 15:36:10.865, 691.04 W, 704.02 W, 1965 MHz, 3996 MHz, 100 %, 45
2026/10/03 15:36:10.965, 691.13 W, 696.98 W, 1965 MHz, 3996 MHz, 100 %, 45
2026/10/03 15:36:11.065, 691.49 W, 683.99 W, 1965 MHz, 3996 MHz, 100 %, 45
2026/10/03 15:36:11.165, 691.91 W, 705.41 W, 1965 MHz, 3996 MHz, 100 %, 45
2026/10/03 15:36:11.266, 692.66 W, 672.37 W, 1965 MHz, 3996 MHz, 100 %, 45
2026/10/03 15:36:11.366, 693.13 W, 688.61 W, 1965 MHz, 3996 MHz, 100 %, 46
2026/10/03 15:36:11.466, 693.49 W, 710.47 W, 1965 MHz, 3996 MHz, 100 %, 45
2026/10/03 15:36:11.566, 693.29 W, 685.35 W, 1965 MHz, 3996 MHz, 100 %, 45
2026/10/03 15:36:11.666, 693.37 W, 694.96 W, 1965 MHz, 3996 MHz, 100 %, 45
2026/10/03 15:36:11.766, 693.44 W, 692.44 W, 1965 MHz, 3996 MHz, 100 %, 45
2026/10/03 15:36:11.866, 694.01 W, 692.41 W, 1965 MHz, 3996 MHz, 100 %, 46
2026/10/03 15:36:11.966, 694.67 W, 685.99 W, 1965 MHz, 3996 MHz, 100 %, 46
2026/10/03 15:36:12.066, 694.64 W, 701.41 W, 1965 MHz, 3996 MHz, 100 %, 46
2026/10/03 15:36:12.166, 694.48 W, 701.41 W, 1965 MHz, 3996 MHz, 100 %, 45
2026/10/03 15:36:12.266, 694.32 W, 680.10 W, 1965 MHz, 3996 MHz, 100 %, 45
2026/10/03 15:36:12.366, 694.34 W, 691.17 W, 1965 MHz, 3996 MHz, 100 %, 45
2026/10/03 15:36:12.466, 694.61 W, 683.99 W, 1965 MHz, 3996 MHz, 100 %, 46
2026/10/03 15:36:12.566, 695.16 W, 697.58 W, 1965 MHz, 3996 MHz, 100 %, 46
2026/10/03 15:36:12.667, 695.06 W, 699.59 W, 1965 MHz, 3996 MHz, 100 %, 46
2026/10/03 15:36:12.767, 695.02 W, 697.58 W, 1965 MHz, 3996 MHz, 100 %, 46
2026/10/03 15:36:12.867, 694.56 W, 694.42 W, 1965 MHz, 3996 MHz, 100 %, 46
2026/10/03 15:36:12.967, 694.55 W, 686.54 W, 1965 MHz, 3996 MHz, 100 %, 45
2026/10/03 15:36:13.067, 694.57 W, 679.53 W, 1965 MHz, 3996 MHz, 100 %, 46
2026/10/03 15:36:13.167, 695.21 W, 694.33 W, 1965 MHz, 3996 MHz, 100 %, 46
2026/10/03 15:36:13.267, 695.45 W, 713.19 W, 1965 MHz, 3996 MHz, 100 %, 46
2026/10/03 15:36:13.367, 694.99 W, 703.38 W, 1965 MHz, 3996 MHz, 100 %, 46
2026/10/03 15:36:13.467, 695.14 W, 695.70 W, 1965 MHz, 3996 MHz, 100 %, 46
2026/10/03 15:36:13.567, 694.87 W, 701.41 W, 1965 MHz, 3996 MHz, 100 %, 45
2026/10/03 15:36:13.667, 694.98 W, 684.71 W, 1965 MHz, 3996 MHz, 100 %, 46
2026/10/03 15:36:13.767, 694.90 W, 683.35 W, 1965 MHz, 3996 MHz, 100 %, 46
2026/10/03 15:36:13.867, 695.33 W, 700.23 W, 1965 MHz, 3996 MHz, 100 %, 46
2026/10/03 15:36:13.967, 695.22 W, 702.75 W, 1965 MHz, 3996 MHz, 100 %, 46
2026/10/03 15:36:14.068, 694.67 W, 698.31 W, 1965 MHz, 3996 MHz, 100 %, 46
2026/10/03 15:36:14.168, 694.86 W, 689.88 W, 1965 MHz, 3996 MHz, 100 %, 46
2026/10/03 15:36:14.268, 694.99 W, 702.11 W, 1965 MHz, 3996 MHz, 100 %, 46
2026/10/03 15:36:14.368, 695.15 W, 682.71 W, 1965 MHz, 3996 MHz, 100 %, 46
2026/10/03 15:36:14.468, 694.79 W, 691.72 W, 1965 MHz, 3996 MHz, 100 %, 46
2026/10/03 15:36:14.568, 694.68 W, 701.41 W, 1965 MHz, 3996 MHz, 100 %, 46
2026/10/03 15:36:14.668, 693.95 W, 684.63 W, 1965 MHz, 3996 MHz, 100 %, 46
2026/10/03 15:36:14.768, 694.03 W, 684.63 W, 1965 MHz, 3996 MHz, 100 %, 46
2026/10/03 15:36:14.868, 693.99 W, 687.88 W, 1965 MHz, 3996 MHz, 100 %, 46
2026/10/03 15:36:14.968, 694.20 W, 690.44 W, 1965 MHz, 3996 MHz, 100 %, 46
2026/10/03 15:36:15.068, 694.10 W, 693.69 W, 1965 MHz, 3996 MHz, 100 %, 46
2026/10/03 15:36:15.168, 693.84 W, 699.50 W, 1965 MHz, 3996 MHz, 100 %, 46
2026/10/03 15:36:15.268, 693.43 W, 702.75 W, 1965 MHz, 3996 MHz, 100 %, 46
2026/10/03 15:36:15.368, 693.16 W, 682.71 W, 1965 MHz, 3996 MHz, 100 %, 46
2026/10/03 15:36:15.468, 693.86 W, 690.52 W, 1965 MHz, 3996 MHz, 100 %, 46
2026/10/03 15:36:15.569, 686.45 W, 337.18 W, 1965 MHz, 3996 MHz, 100 %, 46
2026/10/03 15:36:15.669, 644.30 W, 249.17 W, 1965 MHz, 3996 MHz, 49 %, 41
2026/10/03 15:36:15.769, 600.51 W, 247.19 W, 1965 MHz, 3996 MHz, 49 %, 40
2026/10/03 15:36:15.869, 553.56 W, 246.55 W, 1965 MHz, 3996 MHz, 0 %, 39
2026/10/03 15:36:15.969, 509.13 W, 247.83 W, 1965 MHz, 3996 MHz, 0 %, 38
2026/10/03 15:36:16.069, 468.71 W, 244.63 W, 1965 MHz, 3996 MHz, 0 %, 38
2026/10/03 15:36:16.169, 419.44 W, 244.89 W, 1965 MHz, 3996 MHz, 0 %, 37
2026/10/03 15:36:16.269, 374.56 W, 244.89 W, 1965 MHz, 3996 MHz, 0 %, 37
2026/10/03 15:36:16.369, 330.03 W, 244.63 W, 1965 MHz, 3996 MHz, 0 %, 37
2026/10/03 15:36:16.469, 292.58 W, 243.99 W, 1965 MHz, 3996 MHz, 0 %, 36
2026/10/03 15:36:16.569, 248.45 W, 243.30 W, 1965 MHz, 3996 MHz, 0 %, 36
2026/10/03 15:36:16.669, 245.58 W, 247.07 W, 1965 MHz, 3996 MHz, 0 %, 36
2026/10/03 15:36:16.770, 245.39 W, 243.55 W, 1965 MHz, 3996 MHz, 0 %, 36
2026/10/03 15:36:16.870, 245.08 W, 242.66 W, 1965 MHz, 3996 MHz, 1 %, 36
2026/10/03 15:36:16.970, 244.75 W, 243.30 W, 1965 MHz, 3996 MHz, 1 %, 35
2026/10/03 15:36:17.071, 244.40 W, 242.66 W, 1965 MHz, 3996 MHz, 0 %, 35
2026/10/03 15:36:17.171, 244.20 W, 242.66 W, 1965 MHz, 3996 MHz, 0 %, 35
2026/10/03 15:36:17.271, 244.00 W, 242.66 W, 1965 MHz, 3996 MHz, 0 %, 35
2026/10/03 15:36:17.371, 243.79 W, 242.27 W, 1965 MHz, 3996 MHz, 0 %, 35
2026/10/03 15:36:17.471, 243.60 W, 242.66 W, 1965 MHz, 3996 MHz, 0 %, 35
2026/10/03 15:36:17.571, 243.46 W, 242.92 W, 1965 MHz, 3996 MHz, 0 %, 35
2026/10/03 15:36:17.671, 243.35 W, 242.66 W, 1965 MHz, 3996 MHz, 0 %, 35
2026/10/03 15:36:17.771, 243.15 W, 243.99 W, 1965 MHz, 3996 MHz, 0 %, 35
2026/10/03 15:36:17.871, 243.04 W, 242.66 W, 1965 MHz, 3996 MHz, 0 %, 35
2026/10/03 15:36:17.971, 242.91 W, 241.63 W, 1965 MHz, 3996 MHz, 0 %, 34
2026/10/03 15:36:18.071, 242.88 W, 242.27 W, 1965 MHz, 3996 MHz, 0 %, 34
2026/10/03 15:36:18.171, 242.76 W, 241.38 W, 1965 MHz, 3996 MHz, 0 %, 34
2026/10/03 15:36:18.271, 242.66 W, 242.66 W, 1965 MHz, 3996 MHz, 0 %, 34
2026/10/03 15:36:18.371, 242.67 W, 242.66 W, 1965 MHz, 3996 MHz, 0 %, 34
2026/10/03 15:36:18.472, 239.65 W, 204.04 W, 1170 MHz, 3996 MHz, 0 %, 34
2026/10/03 15:36:18.572, 236.94 W, 207.93 W, 1425 MHz, 3996 MHz, 0 %, 34
2026/10/03 15:36:18.672, 232.71 W, 209.00 W, 1425 MHz, 3996 MHz, 0 %, 34
2026/10/03 15:36:18.772, 228.96 W, 207.93 W, 1350 MHz, 3996 MHz, 0 %, 34
2026/10/03 15:36:18.872, 225.31 W, 207.29 W, 1350 MHz, 3996 MHz, 0 %, 33
2026/10/03 15:36:18.972, 221.85 W, 207.29 W, 1320 MHz, 3996 MHz, 0 %, 33
2026/10/03 15:36:19.072, 218.29 W, 206.44 W, 1320 MHz, 3996 MHz, 0 %, 33
2026/10/03 15:36:19.172, 214.64 W, 204.68 W, 1252 MHz, 3996 MHz, 0 %, 33
2026/10/03 15:36:19.272, 213.40 W, 241.63 W, 1965 MHz, 3996 MHz, 0 %, 33
2026/10/03 15:36:19.372, 213.78 W, 240.74 W, 1965 MHz, 3996 MHz, 0 %, 33
2026/10/03 15:36:19.472, 215.70 W, 241.38 W, 1965 MHz, 3996 MHz, 0 %, 33
2026/10/03 15:36:19.572, 219.10 W, 241.38 W, 1965 MHz, 3996 MHz, 0 %, 33
2026/10/03 15:36:19.672, 222.31 W, 240.74 W, 1965 MHz, 3996 MHz, 0 %, 33
2026/10/03 15:36:19.772, 225.66 W, 241.63 W, 1965 MHz, 3996 MHz, 0 %, 33
2026/10/03 15:36:19.873, 229.08 W, 242.01 W, 1965 MHz, 3996 MHz, 0 %, 33
2026/10/03 15:36:19.973, 232.52 W, 241.38 W, 1965 MHz, 3996 MHz, 0 %, 33
2026/10/03 15:36:20.073, 235.88 W, 241.38 W, 1965 MHz, 3996 MHz, 0 %, 33
2026/10/03 15:36:20.173, 239.42 W, 241.38 W, 1965 MHz, 3996 MHz, 0 %, 33
2026/10/03 15:36:20.273, 241.15 W, 240.74 W, 1965 MHz, 3996 MHz, 0 %, 33
2026/10/03 15:36:20.373, 241.20 W, 240.99 W, 1965 MHz, 3996 MHz, 0 %, 33
2026/10/03 15:36:20.473, 241.20 W, 240.74 W, 1965 MHz, 3996 MHz, 0 %, 33
2026/10/03 15:36:20.573, 241.20 W, 240.99 W, 1965 MHz, 3996 MHz, 0 %, 33
2026/10/03 15:36:20.673, 241.20 W, 240.74 W, 1965 MHz, 3996 MHz, 0 %, 33
2026/10/03 15:36:20.775, 241.16 W, 241.38 W, 1965 MHz, 3996 MHz, 0 %, 33
2026/10/03 15:36:20.875, 241.08 W, 240.74 W, 1965 MHz, 3996 MHz, 0 %, 33
2026/10/03 15:36:20.975, 241.02 W, 240.99 W, 1965 MHz, 3996 MHz, 0 %, 33
2026/10/03 15:36:21.075, 241.02 W, 240.99 W, 1965 MHz, 3996 MHz, 0 %, 33
2026/10/03 15:36:21.175, 240.98 W, 241.63 W, 1965 MHz, 3996 MHz, 0 %, 33
2026/10/03 15:36:21.275, 241.00 W, 240.99 W, 1965 MHz, 3996 MHz, 0 %, 33
2026/10/03 15:36:21.375, 240.96 W, 241.38 W, 1965 MHz, 3996 MHz, 0 %, 33
2026/10/03 15:36:21.475, 240.91 W, 240.99 W, 1965 MHz, 3996 MHz, 0 %, 33
2026/10/03 15:36:21.575, 240.86 W, 240.10 W, 1965 MHz, 3996 MHz, 0 %, 33
2026/10/03 15:36:21.675, 241.53 W, 240.74 W, 1965 MHz, 3996 MHz, 0 %, 33
2026/10/03 15:36:21.775, 250.41 W, 618.02 W, 1965 MHz, 3996 MHz, 0 %, 33
2026/10/03 15:36:21.875, 292.42 W, 681.37 W, 1965 MHz, 3996 MHz, 36 %, 37
2026/10/03 15:36:21.976, 338.32 W, 663.95 W, 1965 MHz, 3996 MHz, 36 %, 39
2026/10/03 15:36:22.076, 378.51 W, 722.78 W, 1965 MHz, 3996 MHz, 100 %, 39
2026/10/03 15:36:22.176, 426.42 W, 674.29 W, 1965 MHz, 3996 MHz, 100 %, 40
2026/10/03 15:36:22.276, 470.37 W, 652.97 W, 1965 MHz, 3996 MHz, 100 %, 41
2026/10/03 15:36:22.376, 515.88 W, 737.65 W, 1965 MHz, 3996 MHz, 100 %, 41
2026/10/03 15:36:22.476, 553.61 W, 685.27 W, 1965 MHz, 3996 MHz, 100 %, 41
2026/10/03 15:36:22.576, 597.02 W, 689.16 W, 1965 MHz, 3996 MHz, 100 %, 42
2026/10/03 15:36:22.676, 648.65 W, 665.23 W, 1965 MHz, 3996 MHz, 100 %, 42
2026/10/03 15:36:22.776, 684.11 W, 718.89 W, 1965 MHz, 3996 MHz, 100 %, 42
2026/10/03 15:36:22.876, 687.74 W, 671.04 W, 1965 MHz, 3996 MHz, 100 %, 42
2026/10/03 15:36:22.976, 686.17 W, 650.36 W, 1965 MHz, 3996 MHz, 100 %, 43
2026/10/03 15:36:23.076, 689.67 W, 741.54 W, 1965 MHz, 3996 MHz, 100 %, 43
2026/10/03 15:36:23.176, 688.60 W, 690.44 W, 1965 MHz, 3996 MHz, 100 %, 43
2026/10/03 15:36:23.276, 689.47 W, 693.04 W, 1965 MHz, 3996 MHz, 100 %, 43
2026/10/03 15:36:23.376, 688.90 W, 672.37 W, 1965 MHz, 3996 MHz, 100 %, 43
2026/10/03 15:36:23.476, 689.58 W, 715.00 W, 1965 MHz, 3996 MHz, 100 %, 43
2026/10/03 15:36:23.577, 690.95 W, 668.48 W, 1965 MHz, 3996 MHz, 100 %, 43
2026/10/03 15:36:23.677, 688.62 W, 636.78 W, 1965 MHz, 3996 MHz, 100 %, 44
2026/10/03 15:36:23.777, 691.44 W, 696.25 W, 1965 MHz, 3996 MHz, 100 %, 44
2026/10/03 15:36:23.877, 689.15 W, 700.77 W, 1965 MHz, 3996 MHz, 100 %, 44
2026/10/03 15:36:23.977, 690.19 W, 691.08 W, 1965 MHz, 3996 MHz, 100 %, 44
2026/10/03 15:36:24.077, 688.35 W, 665.87 W, 1965 MHz, 3996 MHz, 100 %, 44
2026/10/03 15:36:24.177, 689.67 W, 713.72 W, 1965 MHz, 3996 MHz, 100 %, 44
2026/10/03 15:36:24.277, 690.60 W, 679.46 W, 1965 MHz, 3996 MHz, 100 %, 44
2026/10/03 15:36:24.377, 689.34 W, 661.98 W, 1965 MHz, 3996 MHz, 100 %, 44
2026/10/03 15:36:24.477, 692.00 W, 707.28 W, 1965 MHz, 3996 MHz, 100 %, 44
2026/10/03 15:36:24.577, 689.58 W, 705.30 W, 1965 MHz, 3996 MHz, 100 %, 44
2026/10/03 15:36:24.677, 692.30 W, 686.54 W, 1965 MHz, 3996 MHz, 100 %, 44
2026/10/03 15:36:24.777, 690.44 W, 669.12 W, 1965 MHz, 3996 MHz, 100 %, 45
2026/10/03 15:36:24.877, 692.03 W, 724.06 W, 1965 MHz, 3996 MHz, 100 %, 44
2026/10/03 15:36:24.977, 692.30 W, 686.54 W, 1965 MHz, 3996 MHz, 100 %, 44
2026/10/03 15:36:25.077, 692.02 W, 685.91 W, 1965 MHz, 3996 MHz, 100 %, 45
2026/10/03 15:36:25.177, 693.22 W, 679.46 W, 1965 MHz, 3996 MHz, 100 %, 45
2026/10/03 15:36:25.277, 691.55 W, 728.59 W, 1965 MHz, 3996 MHz, 100 %, 44
2026/10/03 15:36:25.378, 692.80 W, 681.37 W, 1965 MHz, 3996 MHz, 100 %, 44
2026/10/03 15:36:25.478, 690.66 W, 658.78 W, 1965 MHz, 3996 MHz, 100 %, 45
2026/10/03 15:36:25.578, 693.39 W, 733.12 W, 1965 MHz, 3996 MHz, 100 %, 44
2026/10/03 15:36:25.678, 692.12 W, 680.10 W, 1965 MHz, 3996 MHz, 100 %, 44
2026/10/03 15:36:25.778, 691.55 W, 690.44 W, 1965 MHz, 3996 MHz, 100 %, 45
2026/10/03 15:36:25.878, 692.96 W, 689.16 W, 1965 MHz, 3996 MHz, 100 %, 45
2026/10/03 15:36:25.978, 691.45 W, 724.70 W, 1965 MHz, 3996 MHz, 100 %, 45
2026/10/03 15:36:26.078, 692.67 W, 679.46 W, 1965 MHz, 3996 MHz, 100 %, 44
2026/10/03 15:36:26.178, 690.29 W, 650.36 W, 1965 MHz, 3996 MHz, 100 %, 45
2026/10/03 15:36:26.278, 694.08 W, 742.67 W, 1965 MHz, 3996 MHz, 100 %, 45
2026/10/03 15:36:26.378, 691.69 W, 697.58 W, 1965 MHz, 3996 MHz, 100 %, 45
2026/10/03 15:36:26.478, 692.75 W, 696.94 W, 1965 MHz, 3996 MHz, 100 %, 45
2026/10/03 15:36:26.578, 693.09 W, 685.91 W, 1965 MHz, 3996 MHz, 100 %, 45
2026/10/03 15:36:26.678, 693.15 W, 718.25 W, 1965 MHz, 3996 MHz, 100 %, 45
2026/10/03 15:36:26.778, 694.92 W, 674.29 W, 1965 MHz, 3996 MHz, 100 %, 45
2026/10/03 15:36:26.878, 693.11 W, 642.59 W, 1965 MHz, 3996 MHz, 100 %, 45
2026/10/03 15:36:26.978, 696.03 W, 723.42 W, 1965 MHz, 3996 MHz, 100 %, 45
2026/10/03 15:36:27.079, 694.32 W, 704.02 W, 1965 MHz, 3996 MHz, 100 %, 45
2026/10/03 15:36:27.179, 695.69 W, 692.41 W, 1965 MHz, 3996 MHz, 100 %, 45
2026/10/03 15:36:27.279, 695.42 W, 680.74 W, 1965 MHz, 3996 MHz, 100 %, 45
2026/10/03 15:36:27.379, 695.72 W, 716.34 W, 1965 MHz, 3996 MHz, 100 %, 45
2026/10/03 15:36:27.479, 696.16 W, 672.37 W, 1965 MHz, 3996 MHz, 100 %, 45
2026/10/03 15:36:27.579, 694.12 W, 666.51 W, 1965 MHz, 3996 MHz, 100 %, 45
2026/10/03 15:36:27.679, 696.88 W, 711.11 W, 1965 MHz, 3996 MHz, 100 %, 45
2026/10/03 15:36:27.779, 695.17 W, 709.19 W, 1965 MHz, 3996 MHz, 100 %, 45
2026/10/03 15:36:27.879, 697.11 W, 692.41 W, 1965 MHz, 3996 MHz, 100 %, 45
2026/10/03 15:36:27.979, 695.28 W, 673.65 W, 1965 MHz, 3996 MHz, 100 %, 45
2026/10/03 15:36:28.079, 696.28 W, 727.95 W, 1965 MHz, 3996 MHz, 100 %, 45
2026/10/03 15:36:28.179, 696.56 W, 692.41 W, 1965 MHz, 3996 MHz, 100 %, 45
2026/10/03 15:36:28.279, 695.93 W, 678.18 W, 1965 MHz, 3996 MHz, 100 %, 46
2026/10/03 15:36:28.379, 698.06 W, 694.33 W, 1965 MHz, 3996 MHz, 100 %, 45
2026/10/03 15:36:28.479, 695.53 W, 715.00 W, 1965 MHz, 3996 MHz, 100 %, 45
2026/10/03 15:36:28.579, 697.97 W, 690.44 W, 1965 MHz, 3996 MHz, 100 %, 45
2026/10/03 15:36:28.679, 695.22 W, 667.84 W, 1965 MHz, 3996 MHz, 100 %, 46
2026/10/03 15:36:28.780, 697.22 W, 737.65 W, 1965 MHz, 3996 MHz, 100 %, 45
2026/10/03 15:36:28.880, 696.22 W, 685.27 W, 1965 MHz, 3996 MHz, 100 %, 45
2026/10/03 15:36:28.980, 695.72 W, 694.33 W, 1965 MHz, 3996 MHz, 100 %, 45
2026/10/03 15:36:29.080, 696.41 W, 687.88 W, 1965 MHz, 3996 MHz, 100 %, 46
2026/10/03 15:36:29.180, 694.99 W, 727.82 W, 1965 MHz, 3996 MHz, 100 %, 46
2026/10/03 15:36:29.280, 696.52 W, 683.35 W, 1965 MHz, 3996 MHz, 100 %, 45
2026/10/03 15:36:29.380, 694.30 W, 660.70 W, 1965 MHz, 3996 MHz, 100 %, 46
2026/10/03 15:36:29.480, 697.17 W, 747.99 W, 1965 MHz, 3996 MHz, 100 %, 45
2026/10/03 15:36:29.580, 695.94 W, 693.69 W, 1965 MHz, 3996 MHz, 100 %, 45
2026/10/03 15:36:29.680, 696.15 W, 695.60 W, 1965 MHz, 3996 MHz, 100 %, 45
2026/10/03 15:36:29.780, 697.16 W, 692.41 W, 1965 MHz, 3996 MHz, 100 %, 46
2026/10/03 15:36:29.880, 696.32 W, 724.06 W, 1965 MHz, 3996 MHz, 100 %, 46
2026/10/03 15:36:29.980, 697.87 W, 680.74 W, 1965 MHz, 3996 MHz, 100 %, 45
2026/10/03 15:36:30.080, 695.61 W, 647.16 W, 1965 MHz, 3996 MHz, 100 %, 46
2026/10/03 15:36:30.180, 699.36 W, 734.40 W, 1965 MHz, 3996 MHz, 100 %, 45
2026/10/03 15:36:30.280, 696.67 W, 703.38 W, 1965 MHz, 3996 MHz, 100 %, 45
2026/10/03 15:36:30.380, 697.93 W, 693.04 W, 1965 MHz, 3996 MHz, 100 %, 45
2026/10/03 15:36:30.481, 695.52 W, 666.51 W, 1965 MHz, 3996 MHz, 100 %, 46
2026/10/03 15:36:30.581, 696.21 W, 719.53 W, 1965 MHz, 3996 MHz, 100 %, 45
2026/10/03 15:36:30.681, 697.11 W, 676.21 W, 1965 MHz, 3996 MHz, 100 %, 45
2026/10/03 15:36:30.781, 695.87 W, 667.15 W, 1965 MHz, 3996 MHz, 100 %, 46
2026/10/03 15:36:30.881, 698.56 W, 726.03 W, 1965 MHz, 3996 MHz, 100 %, 46
2026/10/03 15:36:30.981, 696.30 W, 710.47 W, 1965 MHz, 3996 MHz, 100 %, 46
2026/10/03 15:36:31.081, 697.88 W, 696.25 W, 1965 MHz, 3996 MHz, 100 %, 45
2026/10/03 15:36:31.181, 697.05 W, 681.37 W, 1965 MHz, 3996 MHz, 100 %, 46
2026/10/03 15:36:31.281, 698.22 W, 727.31 W, 1965 MHz, 3996 MHz, 100 %, 45
2026/10/03 15:36:31.381, 698.97 W, 687.23 W, 1965 MHz, 3996 MHz, 100 %, 45
2026/10/03 15:36:31.481, 698.19 W, 683.35 W, 1965 MHz, 3996 MHz, 100 %, 46
2026/10/03 15:36:31.581, 701.60 W, 705.30 W, 1965 MHz, 3996 MHz, 100 %, 46
2026/10/03 15:36:31.681, 699.61 W, 727.31 W, 1965 MHz, 3996 MHz, 100 %, 46
2026/10/03 15:36:31.781, 700.81 W, 692.41 W, 1965 MHz, 3996 MHz, 100 %, 45
2026/10/03 15:36:31.882, 658.06 W, 251.99 W, 1965 MHz, 3996 MHz, 13 %, 42
2026/10/03 15:36:31.987, 623.61 W, 250.44 W, 1965 MHz, 3996 MHz, 13 %, 40
2026/10/03 15:36:32.091, 577.19 W, 247.83 W, 1965 MHz, 3996 MHz, 3 %, 39
2026/10/03 15:36:32.195, 577.19 W, 247.83 W, 1965 MHz, 3996 MHz, 3 %, 39
2026/10/03 15:36:32.298, 469.18 W, 247.19 W, 1965 MHz, 3996 MHz, 0 %, 38
2026/10/03 15:36:32.403, 424.30 W, 246.55 W, 1965 MHz, 3996 MHz, 0 %, 38
2026/10/03 15:36:32.510, 385.36 W, 244.63 W, 1965 MHz, 3996 MHz, 0 %, 37
2026/10/03 15:36:32.619, 333.82 W, 246.81 W, 1965 MHz, 3996 MHz, 0 %, 37
2026/10/03 15:36:32.725, 296.96 W, 244.63 W, 1965 MHz, 3996 MHz, 0 %, 36
2026/10/03 15:36:32.825, 248.35 W, 245.91 W, 1965 MHz, 3996 MHz, 0 %, 36
2026/10/03 15:36:32.926, 247.01 W, 244.63 W, 1965 MHz, 3996 MHz, 0 %, 36
2026/10/03 15:36:33.027, 246.30 W, 243.99 W, 1965 MHz, 3996 MHz, 0 %, 36
2026/10/03 15:36:33.128, 245.94 W, 243.55 W, 1965 MHz, 3996 MHz, 0 %, 35
2026/10/03 15:36:33.230, 245.43 W, 243.30 W, 1965 MHz, 3996 MHz, 0 %, 35
2026/10/03 15:36:33.331, 247.84 W, 339.74 W, 1965 MHz, 3996 MHz, 0 %, 37
2026/10/03 15:36:33.431, 248.11 W, 247.19 W, 1965 MHz, 3996 MHz, 0 %, 35
2026/10/03 15:36:33.531, 290.42 W, 787.42 W, 1965 MHz, 3996 MHz, 58 %, 40
2026/10/03 15:36:33.631, 333.84 W, 683.35 W, 1965 MHz, 3996 MHz, 58 %, 41
2026/10/03 15:36:33.731, 375.97 W, 594.08 W, 1965 MHz, 3996 MHz, 100 %, 41
2026/10/03 15:36:33.831, 425.20 W, 764.77 W, 1965 MHz, 3996 MHz, 100 %, 42
2026/10/03 15:36:33.931, 461.79 W, 653.62 W, 1965 MHz, 3996 MHz, 100 %, 42
2026/10/03 15:36:34.031, 511.47 W, 597.98 W, 1965 MHz, 3996 MHz, 100 %, 42
2026/10/03 15:36:34.131, 558.56 W, 766.74 W, 1965 MHz, 3996 MHz, 100 %, 43
2026/10/03 15:36:34.231, 593.02 W, 635.50 W, 1965 MHz, 3996 MHz, 100 %, 43
2026/10/03 15:36:34.331, 635.71 W, 598.62 W, 1965 MHz, 3996 MHz, 100 %, 43
2026/10/03 15:36:34.431, 689.63 W, 758.97 W, 1965 MHz, 3996 MHz, 100 %, 44
2026/10/03 15:36:34.531, 689.72 W, 670.40 W, 1965 MHz, 3996 MHz, 100 %, 43
2026/10/03 15:36:34.631, 689.60 W, 628.36 W, 1965 MHz, 3996 MHz, 100 %, 43
2026/10/03 15:36:34.731, 691.83 W, 755.61 W, 1965 MHz, 3996 MHz, 100 %, 45
2026/10/03 15:36:34.832, 691.10 W, 715.64 W, 1965 MHz, 3996 MHz, 100 %, 44
2026/10/03 15:36:34.932, 693.31 W, 685.91 W, 1965 MHz, 3996 MHz, 100 %, 44
2026/10/03 15:36:35.032, 693.34 W, 681.37 W, 1965 MHz, 3996 MHz, 100 %, 45
2026/10/03 15:36:35.132, 692.60 W, 746.07 W, 1965 MHz, 3996 MHz, 100 %, 45
2026/10/03 15:36:35.232, 695.06 W, 724.06 W, 1965 MHz, 3996 MHz, 100 %, 45
2026/10/03 15:36:35.332, 698.50 W, 638.74 W, 1965 MHz, 3996 MHz, 100 %, 45
2026/10/03 15:36:35.432, 695.36 W, 761.58 W, 1965 MHz, 3996 MHz, 100 %, 45
2026/10/03 15:36:35.532, 695.49 W, 739.57 W, 1965 MHz, 3996 MHz, 100 %, 45
2026/10/03 15:36:35.632, 698.54 W, 616.10 W, 1965 MHz, 3996 MHz, 100 %, 45
2026/10/03 15:36:35.732, 695.13 W, 804.68 W, 1965 MHz, 3996 MHz, 100 %, 45
2026/10/03 15:36:35.832, 697.01 W, 739.57 W, 1965 MHz, 3996 MHz, 100 %, 45
2026/10/03 15:36:35.932, 696.72 W, 600.60 W, 1965 MHz, 3996 MHz, 100 %, 44
2026/10/03 15:36:36.032, 695.25 W, 790.03 W, 1965 MHz, 3996 MHz, 100 %, 45
2026/10/03 15:36:36.132, 695.06 W, 691.17 W, 1965 MHz, 3996 MHz, 100 %, 46
2026/10/03 15:36:36.232, 694.88 W, 663.95 W, 1965 MHz, 3996 MHz, 100 %, 45
2026/10/03 15:36:36.332, 694.62 W, 724.70 W, 1965 MHz, 3996 MHz, 100 %, 45
2026/10/03 15:36:36.432, 692.89 W, 722.78 W, 1965 MHz, 3996 MHz, 100 %, 45
2026/10/03 15:36:36.533, 694.67 W, 705.30 W, 1965 MHz, 3996 MHz, 100 %, 45
2026/10/03 15:36:36.633, 696.63 W, 661.34 W, 1965 MHz, 3996 MHz, 100 %, 46
2026/10/03 15:36:36.733, 691.05 W, 747.99 W, 1965 MHz, 3996 MHz, 100 %, 45
2026/10/03 15:36:36.833, 694.59 W, 736.87 W, 1965 MHz, 3996 MHz, 100 %, 45
2026/10/03 15:36:36.933, 695.64 W, 625.80 W, 1965 MHz, 3996 MHz, 100 %, 46
2026/10/03 15:36:37.033, 694.39 W, 759.60 W, 1965 MHz, 3996 MHz, 100 %, 45
2026/10/03 15:36:37.133, 695.85 W, 756.41 W, 1965 MHz, 3996 MHz, 100 %, 45
2026/10/03 15:36:37.233, 697.13 W, 604.48 W, 1965 MHz, 3996 MHz, 100 %, 46
2026/10/03 15:36:37.333, 695.59 W, 821.04 W, 1965 MHz, 3996 MHz, 100 %, 45
2026/10/03 15:36:37.433, 697.21 W, 715.00 W, 1965 MHz, 3996 MHz, 100 %, 45
2026/10/03 15:36:37.533, 697.32 W, 601.87 W, 1965 MHz, 3996 MHz, 100 %, 46
2026/10/03 15:36:37.633, 697.58 W, 798.40 W, 1965 MHz, 3996 MHz, 100 %, 46
2026/10/03 15:36:37.733, 697.67 W, 670.40 W, 1965 MHz, 3996 MHz, 100 %, 45
2026/10/03 15:36:37.833, 699.66 W, 602.52 W, 1965 MHz, 3996 MHz, 100 %, 46
2026/10/03 15:36:37.933, 697.93 W, 785.50 W, 1965 MHz, 3996 MHz, 100 %, 46
2026/10/03 15:36:38.033, 696.94 W, 647.76 W, 1965 MHz, 3996 MHz, 100 %, 46
2026/10/03 15:36:38.133, 699.83 W, 600.60 W, 1965 MHz, 3996 MHz, 100 %, 45
2026/10/03 15:36:38.234, 700.40 W, 776.44 W, 1965 MHz, 3996 MHz, 100 %, 46
2026/10/03 15:36:38.334, 700.16 W, 645.20 W, 1965 MHz, 3996 MHz, 100 %, 46
2026/10/03 15:36:38.434, 698.23 W, 604.43 W, 1965 MHz, 3996 MHz, 100 %, 45
2026/10/03 15:36:38.534, 702.61 W, 765.46 W, 1965 MHz, 3996 MHz, 100 %, 46
2026/10/03 15:36:38.634, 697.66 W, 699.50 W, 1965 MHz, 3996 MHz, 100 %, 46
2026/10/03 15:36:38.734, 700.96 W, 663.31 W, 1965 MHz, 3996 MHz, 100 %, 45
2026/10/03 15:36:38.834, 700.80 W, 711.11 W, 1965 MHz, 3996 MHz, 100 %, 46
2026/10/03 15:36:38.934, 697.30 W, 723.42 W, 1965 MHz, 3996 MHz, 100 %, 46
2026/10/03 15:36:39.034, 700.16 W, 713.09 W, 1965 MHz, 3996 MHz, 100 %, 45
2026/10/03 15:36:39.134, 702.12 W, 652.28 W, 1965 MHz, 3996 MHz, 100 %, 46
2026/10/03 15:36:39.234, 695.99 W, 756.41 W, 1965 MHz, 3996 MHz, 100 %, 45
2026/10/03 15:36:39.334, 698.96 W, 745.43 W, 1965 MHz, 3996 MHz, 100 %, 45
2026/10/03 15:36:39.434, 699.82 W, 626.44 W, 1965 MHz, 3996 MHz, 100 %, 46
2026/10/03 15:36:39.534, 697.18 W, 779.69 W, 1965 MHz, 3996 MHz, 100 %, 45
2026/10/03 15:36:39.634, 700.26 W, 760.93 W, 1965 MHz, 3996 MHz, 100 %, 45
2026/10/03 15:36:39.734, 699.52 W, 605.12 W, 1965 MHz, 3996 MHz, 100 %, 46
2026/10/03 15:36:39.834, 697.95 W, 820.40 W, 1965 MHz, 3996 MHz, 100 %, 45
2026/10/03 15:36:39.935, 699.59 W, 709.19 W, 1965 MHz, 3996 MHz, 100 %, 45
2026/10/03 15:36:40.035, 699.66 W, 606.40 W, 1965 MHz, 3996 MHz, 100 %, 46
2026/10/03 15:36:40.135, 699.66 W, 790.03 W, 1965 MHz, 3996 MHz, 100 %, 46
2026/10/03 15:36:40.235, 700.46 W, 667.84 W, 1965 MHz, 3996 MHz, 100 %, 46
2026/10/03 15:36:40.335, 702.42 W, 605.12 W, 1965 MHz, 3996 MHz, 100 %, 46
2026/10/03 15:36:40.435, 701.21 W, 793.86 W, 1965 MHz, 3996 MHz, 100 %, 46
2026/10/03 15:36:40.535, 701.40 W, 649.09 W, 1965 MHz, 3996 MHz, 100 %, 46
2026/10/03 15:36:40.635, 701.16 W, 605.12 W, 1965 MHz, 3996 MHz, 100 %, 45
2026/10/03 15:36:40.735, 703.92 W, 776.44 W, 1965 MHz, 3996 MHz, 100 %, 46
2026/10/03 15:36:40.835, 703.68 W, 671.04 W, 1965 MHz, 3996 MHz, 100 %, 46
2026/10/03 15:36:40.935, 702.44 W, 605.12 W, 1965 MHz, 3996 MHz, 100 %, 45
2026/10/03 15:36:41.035, 705.24 W, 780.97 W, 1965 MHz, 3996 MHz, 100 %, 46
2026/10/03 15:36:41.135, 701.98 W, 713.09 W, 1965 MHz, 3996 MHz, 100 %, 46
2026/10/03 15:36:41.235, 704.65 W, 672.37 W, 1965 MHz, 3996 MHz, 100 %, 45
2026/10/03 15:36:41.335, 704.40 W, 704.02 W, 1965 MHz, 3996 MHz, 100 %, 46
2026/10/03 15:36:41.435, 700.68 W, 738.93 W, 1965 MHz, 3996 MHz, 100 %, 46
2026/10/03 15:36:41.535, 704.65 W, 712.44 W, 1965 MHz, 3996 MHz, 100 %, 45
2026/10/03 15:36:41.636, 703.12 W, 656.81 W, 1965 MHz, 3996 MHz, 100 %, 46
2026/10/03 15:36:41.736, 699.89 W, 753.79 W, 1965 MHz, 3996 MHz, 100 %, 45
2026/10/03 15:36:41.836, 700.55 W, 741.54 W, 1965 MHz, 3996 MHz, 100 %, 45
2026/10/03 15:36:41.936, 702.42 W, 623.88 W, 1965 MHz, 3996 MHz, 100 %, 46
2026/10/03 15:36:42.036, 698.22 W, 777.08 W, 1965 MHz, 3996 MHz, 100 %, 45
2026/10/03 15:36:42.136, 699.03 W, 760.93 W, 1965 MHz, 3996 MHz, 100 %, 45
2026/10/03 15:36:42.236, 698.84 W, 602.52 W, 1965 MHz, 3996 MHz, 100 %, 46
2026/10/03 15:36:42.336, 697.32 W, 811.34 W, 1965 MHz, 3996 MHz, 100 %, 46
2026/10/03 15:36:42.436, 698.16 W, 703.38 W, 1965 MHz, 3996 MHz, 100 %, 45
2026/10/03 15:36:42.536, 698.14 W, 605.77 W, 1965 MHz, 3996 MHz, 100 %, 46
2026/10/03 15:36:42.636, 697.98 W, 796.48 W, 1965 MHz, 3996 MHz, 100 %, 46
2026/10/03 15:36:42.736, 699.09 W, 673.08 W, 1965 MHz, 3996 MHz, 100 %, 46
2026/10/03 15:36:42.836, 701.05 W, 603.15 W, 1965 MHz, 3996 MHz, 100 %, 46
2026/10/03 15:36:42.936, 699.99 W, 788.70 W, 1965 MHz, 3996 MHz, 100 %, 46
2026/10/03 15:36:43.036, 698.67 W, 646.47 W, 1965 MHz, 3996 MHz, 100 %, 46
2026/10/03 15:36:43.136, 701.32 W, 605.12 W, 1965 MHz, 3996 MHz, 100 %, 46
2026/10/03 15:36:43.236, 702.94 W, 778.36 W, 1965 MHz, 3996 MHz, 100 %, 46
2026/10/03 15:36:43.337, 703.01 W, 660.12 W, 1965 MHz, 3996 MHz, 100 %, 46
2026/10/03 15:36:43.437, 702.13 W, 627.08 W, 1965 MHz, 3996 MHz, 100 %, 45
2026/10/03 15:36:43.537, 704.50 W, 779.69 W, 1965 MHz, 3996 MHz, 100 %, 46
2026/10/03 15:36:43.637, 701.09 W, 716.97 W, 1965 MHz, 3996 MHz, 100 %, 46
2026/10/03 15:36:43.737, 704.60 W, 684.63 W, 1965 MHz, 3996 MHz, 100 %, 45
2026/10/03 15:36:43.837, 706.18 W, 687.23 W, 1965 MHz, 3996 MHz, 100 %, 46
2026/10/03 15:36:43.937, 702.08 W, 742.96 W, 1965 MHz, 3996 MHz, 100 %, 46
2026/10/03 15:36:44.037, 704.57 W, 729.23 W, 1965 MHz, 3996 MHz, 100 %, 45
2026/10/03 15:36:44.137, 704.32 W, 656.17 W, 1965 MHz, 3996 MHz, 100 %, 46
2026/10/03 15:36:44.237, 704.32 W, 656.17 W, 1965 MHz, 3996 MHz, 100 %, 46
2026/10/03 15:36:44.337, 619.81 W, 250.44 W, 1965 MHz, 3996 MHz, 1 %, 40
2026/10/03 15:36:44.437, 577.20 W, 249.17 W, 1965 MHz, 3996 MHz, 1 %, 39
2026/10/03 15:36:44.537, 525.76 W, 246.17 W, 1965 MHz, 3996 MHz, 11 %, 39
2026/10/03 15:36:44.638, 488.75 W, 246.17 W, 1965 MHz, 3996 MHz, 11 %, 38
2026/10/03 15:36:44.738, 442.44 W, 244.89 W, 1965 MHz, 3996 MHz, 0 %, 38
2026/10/03 15:36:44.838, 389.63 W, 244.63 W, 1965 MHz, 3996 MHz, 0 %, 37
2026/10/03 15:36:44.938, 347.53 W, 244.63 W, 1965 MHz, 3996 MHz, 0 %, 37
2026/10/03 15:36:45.038, 309.45 W, 243.30 W, 1965 MHz, 3996 MHz, 0 %, 37
2026/10/03 15:36:45.138, 261.39 W, 243.55 W, 1965 MHz, 3996 MHz, 0 %, 36
2026/10/03 15:36:45.238, 247.50 W, 244.25 W, 1965 MHz, 3996 MHz, 0 %, 36
2026/10/03 15:36:45.338, 246.87 W, 243.55 W, 1965 MHz, 3996 MHz, 0 %, 36
2026/10/03 15:36:45.438, 245.22 W, 243.55 W, 1965 MHz, 3996 MHz, 0 %, 36
2026/10/03 15:36:45.538, 244.79 W, 244.25 W, 1965 MHz, 3996 MHz, 0 %, 36
2026/10/03 15:36:45.638, 244.51 W, 242.01 W, 1965 MHz, 3996 MHz, 0 %, 35
2026/10/03 15:36:45.738, 244.25 W, 243.30 W, 1965 MHz, 3996 MHz, 0 %, 35
2026/10/03 15:36:45.838, 244.00 W, 242.66 W, 1965 MHz, 3996 MHz, 0 %, 35
2026/10/03 15:36:45.938, 243.72 W, 242.01 W, 1965 MHz, 3996 MHz, 0 %, 35
2026/10/03 15:36:46.039, 243.48 W, 242.01 W, 1965 MHz, 3996 MHz, 0 %, 35
2026/10/03 15:36:46.139, 243.32 W, 242.66 W, 1965 MHz, 3996 MHz, 0 %, 35
2026/10/03 15:36:46.239, 243.26 W, 242.66 W, 1965 MHz, 3996 MHz, 0 %, 35
2026/10/03 15:36:46.339, 243.13 W, 242.92 W, 1965 MHz, 3996 MHz, 0 %, 35
2026/10/03 15:36:46.439, 239.96 W, 198.86 W, 922 MHz, 3996 MHz, 0 %, 34
