Start (ns),Duration (ns),CorrId,GrdX,GrdY,GrdZ,BlkX,BlkY,BlkZ,Reg/Trd,StcSMem (MB),DymSMem (MB),Bytes (MB),Throughput (MB/s),SrcMemKd,DstMemKd,Device,Ctx,GreenCtx,Strm,Name
957231751,2661377,121,,,,,,,,,,33.554,12582.912,Pageable,Device,NVIDIA L40S (0),1,,7,[CUDA memcpy Host-to-Device]
959982952,2631009,122,,,,,,,,,,33.554,12750.684,Pageable,Device,NVIDIA L40S (0),1,,7,[CUDA memcpy Host-to-Device]
964339401,3065537,125,,,,,,,,,,2147.484,700079.669,Device,,NVIDIA L40S (0),1,,7,[CUDA memset]
967406506,3211040,126,,,,,,,,,,2147.484,667867.415,Device,,NVIDIA L40S (0),1,,7,[CUDA memset]
970634090,2944,133,,,,,,,,,,0.000,86.956,Pageable,Device,NVIDIA L40S (0),1,,7,[CUDA memcpy Host-to-Device]
970644682,864,134,,,,,,,,,,0.005,6222.220,Pageable,Device,NVIDIA L40S (0),1,,7,[CUDA memcpy Host-to-Device]
970654858,1376,135,,,,,,,,,,0.000,186.046,Device,Device,NVIDIA L40S (0),1,,7,[CUDA memcpy Device-to-Device]
970896266,3168,136,1,1,1,128,1,1,45,0.000,0.002,,,,,NVIDIA L40S (0),1,,7,"pcg_cuda::<unnamed>::hash_kernel_chacha8(const pcg_cuda::DpfBlk *, pcg_cuda::DpfBlk *, pcg_cuda::DpfBlk *, int, int, int, unsigned long, unsigned long)"
970917546,1312,138,,,,,,,,,,0.000,195.122,Device,Pageable,NVIDIA L40S (0),1,,7,[CUDA memcpy Device-to-Host]
970928842,384,139,,,,,,,,,,0.000,666.666,Pageable,Device,NVIDIA L40S (0),1,,7,[CUDA memcpy Host-to-Device]
970952394,2432,140,1,1,1,128,1,1,48,0.000,0.000,,,,,NVIDIA L40S (0),1,,7,"pcg_cuda::<unnamed>::expand_kernel(const pcg_cuda::DpfBlk *, const pcg_cuda::DpfBlk *, const pcg_cuda::DpfBlk *, const pcg_cuda::DpfBlk *, pcg_cuda::DpfBlk *, int, int, int, int, unsigned long, unsigned long)"
970959722,1216,142,,,,,,,,,,0.000,210.526,Device,Device,NVIDIA L40S (0),1,,7,[CUDA memcpy Device-to-Device]
970963946,1792,143,1,1,1,128,1,1,45,0.000,0.002,,,,,NVIDIA L40S (0),1,,7,"pcg_cuda::<unnamed>::hash_kernel_chacha8(const pcg_cuda::DpfBlk *, pcg_cuda::DpfBlk *, pcg_cuda::DpfBlk *, int, int, int, unsigned long, unsigned long)"
970967722,896,145,,,,,,,,,,0.000,285.714,Device,Pageable,NVIDIA L40S (0),1,,7,[CUDA memcpy Device-to-Host]
970976618,384,146,,,,,,,,,,0.000,666.666,Pageable,Device,NVIDIA L40S (0),1,,7,[CUDA memcpy Host-to-Device]
970979402,1504,147,1,1,1,128,1,1,48,0.000,0.000,,,,,NVIDIA L40S (0),1,,7,"pcg_cuda::<unnamed>::expand_kernel(const pcg_cuda::DpfBlk *, const pcg_cuda::DpfBlk *, const pcg_cuda::DpfBlk *, const pcg_cuda::DpfBlk *, pcg_cuda::DpfBlk *, int, int, int, int, unsigned long, unsigned long)"
970984042,1024,149,,,,,,,,,,0.000,250.000,Device,Device,NVIDIA L40S (0),1,,7,[CUDA memcpy Device-to-Device]
970986922,1600,150,1,1,1,128,1,1,45,0.000,0.002,,,,,NVIDIA L40S (0),1,,7,"pcg_cuda::<unnamed>::hash_kernel_chacha8(const pcg_cuda::DpfBlk *, pcg_cuda::DpfBlk *, pcg_cuda::DpfBlk *, int, int, int, unsigned long, unsigned long)"
970989162,864,152,,,,,,,,,,0.000,296.296,Device,Pageable,NVIDIA L40S (0),1,,7,[CUDA memcpy Device-to-Host]
970997642,384,153,,,,,,,,,,0.000,666.666,Pageable,Device,NVIDIA L40S (0),1,,7,[CUDA memcpy Host-to-Device]
970999786,1472,154,1,1,1,128,1,1,48,0.000,0.000,,,,,NVIDIA L40S (0),1,,7,"pcg_cuda::<unnamed>::expand_kernel(const pcg_cuda::DpfBlk *, const pcg_cuda::DpfBlk *, const pcg_cuda::DpfBlk *, const pcg_cuda::DpfBlk *, pcg_cuda::DpfBlk *, int, int, int, int, unsigned long, unsigned long)"
971003786,1024,156,,,,,,,,,,0.000,250.000,Device,Device,NVIDIA L40S (0),1,,7,[CUDA memcpy Device-to-Device]
971007018,1664,157,1,1,1,128,1,1,45,0.000,0.002,,,,,NVIDIA L40S (0),1,,7,"pcg_cuda::<unnamed>::hash_kernel_chacha8(const pcg_cuda::DpfBlk *, pcg_cuda::DpfBlk *, pcg_cuda::DpfBlk *, int, int, int, unsigned long, unsigned long)"
971009706,896,159,,,,,,,,,,0.000,285.714,Device,Pageable,NVIDIA L40S (0),1,,7,[CUDA memcpy Device-to-Host]
971018186,384,160,,,,,,,,,,0.000,666.666,Pageable,Device,NVIDIA L40S (0),1,,7,[CUDA memcpy Host-to-Device]
971020394,1504,161,1,1,1,128,1,1,48,0.000,0.000,,,,,NVIDIA L40S (0),1,,7,"pcg_cuda::<unnamed>::expand_kernel(const pcg_cuda::DpfBlk *, const pcg_cuda::DpfBlk *, const pcg_cuda::DpfBlk *, const pcg_cuda::DpfBlk *, pcg_cuda::DpfBlk *, int, int, int, int, unsigned long, unsigned long)"
971024394,1024,163,,,,,,,,,,0.000,250.000,Device,Device,NVIDIA L40S (0),1,,7,[CUDA memcpy Device-to-Device]
971026602,2080,164,2,1,1,128,1,1,45,0.000,0.002,,,,,NVIDIA L40S (0),1,,7,"pcg_cuda::<unnamed>::hash_kernel_chacha8(const pcg_cuda::DpfBlk *, pcg_cuda::DpfBlk *, pcg_cuda::DpfBlk *, int, int, int, unsigned long, unsigned long)"
971029098,896,166,,,,,,,,,,0.000,285.714,Device,Pageable,NVIDIA L40S (0),1,,7,[CUDA memcpy Device-to-Host]
971037994,384,167,,,,,,,,,,0.000,666.666,Pageable,Device,NVIDIA L40S (0),1,,7,[CUDA memcpy Host-to-Device]
971040202,1728,168,2,1,1,128,1,1,48,0.000,0.000,,,,,NVIDIA L40S (0),1,,7,"pcg_cuda::<unnamed>::expand_kernel(const pcg_cuda::DpfBlk *, const pcg_cuda::DpfBlk *, const pcg_cuda::DpfBlk *, const pcg_cuda::DpfBlk *, pcg_cuda::DpfBlk *, int, int, int, int, unsigned long, unsigned long)"
971043882,1056,170,,,,,,,,,,0.000,242.424,Device,Device,NVIDIA L40S (0),1,,7,[CUDA memcpy Device-to-Device]
971046090,2272,171,4,1,1,128,1,1,45,0.000,0.002,,,,,NVIDIA L40S (0),1,,7,"pcg_cuda::<unnamed>::hash_kernel_chacha8(const pcg_cuda::DpfBlk *, pcg_cuda::DpfBlk *, pcg_cuda::DpfBlk *, int, int, int, unsigned long, unsigned long)"
971048682,896,173,,,,,,,,,,0.000,285.714,Device,Pageable,NVIDIA L40S (0),1,,7,[CUDA memcpy Device-to-Host]
971057002,384,174,,,,,,,,,,0.000,666.666,Pageable,Device,NVIDIA L40S (0),1,,7,[CUDA memcpy Host-to-Device]
971059882,1760,175,4,1,1,128,1,1,48,0.000,0.000,,,,,NVIDIA L40S (0),1,,7,"pcg_cuda::<unnamed>::expand_kernel(const pcg_cuda::DpfBlk *, const pcg_cuda::DpfBlk *, const pcg_cuda::DpfBlk *, const pcg_cuda::DpfBlk *, pcg_cuda::DpfBlk *, int, int, int, int, unsigned long, unsigned long)"
971063210,1056,177,,,,,,,,,,0.000,242.424,Device,Device,NVIDIA L40S (0),1,,7,[CUDA memcpy Device-to-Device]
971065386,2848,178,8,1,1,128,1,1,45,0.000,0.002,,,,,NVIDIA L40S (0),1,,7,"pcg_cuda::<unnamed>::hash_kernel_chacha8(const pcg_cuda::DpfBlk *, pcg_cuda::DpfBlk *, pcg_cuda::DpfBlk *, int, int, int, unsigned long, unsigned long)"
971076202,928,180,,,,,,,,,,0.000,275.862,Device,Pageable,NVIDIA L40S (0),1,,7,[CUDA memcpy Device-to-Host]
971084650,384,181,,,,,,,,,,0.000,666.666,Pageable,Device,NVIDIA L40S (0),1,,7,[CUDA memcpy Host-to-Device]
971086922,1696,182,8,1,1,128,1,1,48,0.000,0.000,,,,,NVIDIA L40S (0),1,,7,"pcg_cuda::<unnamed>::expand_kernel(const pcg_cuda::DpfBlk *, const pcg_cuda::DpfBlk *, const pcg_cuda::DpfBlk *, const pcg_cuda::DpfBlk *, pcg_cuda::DpfBlk *, int, int, int, int, unsigned long, unsigned long)"
971090922,1056,184,,,,,,,,,,0.000,242.424,Device,Device,NVIDIA L40S (0),1,,7,[CUDA memcpy Device-to-Device]
971093066,2272,185,16,1,1,128,1,1,45,0.000,0.002,,,,,NVIDIA L40S (0),1,,7,"pcg_cuda::<unnamed>::hash_kernel_chacha8(const pcg_cuda::DpfBlk *, pcg_cuda::DpfBlk *, pcg_cuda::DpfBlk *, int, int, int, unsigned long, unsigned long)"
971095722,896,187,,,,,,,,,,0.000,285.714,Device,Pageable,NVIDIA L40S (0),1,,7,[CUDA memcpy Device-to-Host]
971104458,384,188,,,,,,,,,,0.000,666.666,Pageable,Device,NVIDIA L40S (0),1,,7,[CUDA memcpy Host-to-Device]
971112458,1664,189,16,1,1,128,1,1,48,0.000,0.000,,,,,NVIDIA L40S (0),1,,7,"pcg_cuda::<unnamed>::expand_kernel(const pcg_cuda::DpfBlk *, const pcg_cuda::DpfBlk *, const pcg_cuda::DpfBlk *, const pcg_cuda::DpfBlk *, pcg_cuda::DpfBlk *, int, int, int, int, unsigned long, unsigned long)"
971116010,1056,191,,,,,,,,,,0.000,242.424,Device,Device,NVIDIA L40S (0),1,,7,[CUDA memcpy Device-to-Device]
971119082,2240,192,32,1,1,128,1,1,45,0.000,0.002,,,,,NVIDIA L40S (0),1,,7,"pcg_cuda::<unnamed>::hash_kernel_chacha8(const pcg_cuda::DpfBlk *, pcg_cuda::DpfBlk *, pcg_cuda::DpfBlk *, int, int, int, unsigned long, unsigned long)"
971129450,896,194,,,,,,,,,,0.000,285.714,Device,Pageable,NVIDIA L40S (0),1,,7,[CUDA memcpy Device-to-Host]
971137866,384,195,,,,,,,,,,0.000,666.666,Pageable,Device,NVIDIA L40S (0),1,,7,[CUDA memcpy Host-to-Device]
971139914,1632,196,32,1,1,128,1,1,48,0.000,0.000,,,,,NVIDIA L40S (0),1,,7,"pcg_cuda::<unnamed>::expand_kernel(const pcg_cuda::DpfBlk *, const pcg_cuda::DpfBlk *, const pcg_cuda::DpfBlk *, const pcg_cuda::DpfBlk *, pcg_cuda::DpfBlk *, int, int, int, int, unsigned long, unsigned long)"
971143882,1056,198,,,,,,,,,,0.000,242.424,Device,Device,NVIDIA L40S (0),1,,7,[CUDA memcpy Device-to-Device]
971145994,2464,199,64,1,1,128,1,1,45,0.000,0.002,,,,,NVIDIA L40S (0),1,,7,"pcg_cuda::<unnamed>::hash_kernel_chacha8(const pcg_cuda::DpfBlk *, pcg_cuda::DpfBlk *, pcg_cuda::DpfBlk *, int, int, int, unsigned long, unsigned long)"
971148746,864,201,,,,,,,,,,0.000,296.296,Device,Pageable,NVIDIA L40S (0),1,,7,[CUDA memcpy Device-to-Host]
971157450,384,202,,,,,,,,,,0.000,666.666,Pageable,Device,NVIDIA L40S (0),1,,7,[CUDA memcpy Host-to-Device]
971159722,1664,203,64,1,1,128,1,1,48,0.000,0.000,,,,,NVIDIA L40S (0),1,,7,"pcg_cuda::<unnamed>::expand_kernel(const pcg_cuda::DpfBlk *, const pcg_cuda::DpfBlk *, const pcg_cuda::DpfBlk *, const pcg_cuda::DpfBlk *, pcg_cuda::DpfBlk *, int, int, int, int, unsigned long, unsigned long)"
971163306,1024,205,,,,,,,,,,0.000,250.000,Device,Device,NVIDIA L40S (0),1,,7,[CUDA memcpy Device-to-Device]
971165482,2112,206,128,1,1,128,1,1,45,0.000,0.002,,,,,NVIDIA L40S (0),1,,7,"pcg_cuda::<unnamed>::hash_kernel_chacha8(const pcg_cuda::DpfBlk *, pcg_cuda::DpfBlk *, pcg_cuda::DpfBlk *, int, int, int, unsigned long, unsigned long)"
971169130,896,208,,,,,,,,,,0.000,285.714,Device,Pageable,NVIDIA L40S (0),1,,7,[CUDA memcpy Device-to-Host]
971177674,384,209,,,,,,,,,,0.000,666.666,Pageable,Device,NVIDIA L40S (0),1,,7,[CUDA memcpy Host-to-Device]
971180362,1824,210,128,1,1,128,1,1,48,0.000,0.000,,,,,NVIDIA L40S (0),1,,7,"pcg_cuda::<unnamed>::expand_kernel(const pcg_cuda::DpfBlk *, const pcg_cuda::DpfBlk *, const pcg_cuda::DpfBlk *, const pcg_cuda::DpfBlk *, pcg_cuda::DpfBlk *, int, int, int, int, unsigned long, unsigned long)"
971183754,1056,212,,,,,,,,,,0.000,242.424,Device,Device,NVIDIA L40S (0),1,,7,[CUDA memcpy Device-to-Device]
971186026,2528,213,256,1,1,128,1,1,45,0.000,0.002,,,,,NVIDIA L40S (0),1,,7,"pcg_cuda::<unnamed>::hash_kernel_chacha8(const pcg_cuda::DpfBlk *, pcg_cuda::DpfBlk *, pcg_cuda::DpfBlk *, int, int, int, unsigned long, unsigned long)"
971189002,896,215,,,,,,,,,,0.000,285.714,Device,Pageable,NVIDIA L40S (0),1,,7,[CUDA memcpy Device-to-Host]
971197482,384,216,,,,,,,,,,0.000,666.666,Pageable,Device,NVIDIA L40S (0),1,,7,[CUDA memcpy Host-to-Device]
971199530,2496,217,256,1,1,128,1,1,48,0.000,0.000,,,,,NVIDIA L40S (0),1,,7,"pcg_cuda::<unnamed>::expand_kernel(const pcg_cuda::DpfBlk *, const pcg_cuda::DpfBlk *, const pcg_cuda::DpfBlk *, const pcg_cuda::DpfBlk *, pcg_cuda::DpfBlk *, int, int, int, int, unsigned long, unsigned long)"
971203754,1056,219,,,,,,,,,,0.000,242.424,Device,Device,NVIDIA L40S (0),1,,7,[CUDA memcpy Device-to-Device]
971205898,3264,220,512,1,1,128,1,1,45,0.000,0.002,,,,,NVIDIA L40S (0),1,,7,"pcg_cuda::<unnamed>::hash_kernel_chacha8(const pcg_cuda::DpfBlk *, pcg_cuda::DpfBlk *, pcg_cuda::DpfBlk *, int, int, int, unsigned long, unsigned long)"
971216490,896,222,,,,,,,,,,0.000,285.714,Device,Pageable,NVIDIA L40S (0),1,,7,[CUDA memcpy Device-to-Host]
971224906,384,223,,,,,,,,,,0.000,666.666,Pageable,Device,NVIDIA L40S (0),1,,7,[CUDA memcpy Host-to-Device]
971227018,4512,224,512,1,1,128,1,1,48,0.000,0.000,,,,,NVIDIA L40S (0),1,,7,"pcg_cuda::<unnamed>::expand_kernel(const pcg_cuda::DpfBlk *, const pcg_cuda::DpfBlk *, const pcg_cuda::DpfBlk *, const pcg_cuda::DpfBlk *, pcg_cuda::DpfBlk *, int, int, int, int, unsigned long, unsigned long)"
971232234,1056,226,,,,,,,,,,0.000,242.424,Device,Device,NVIDIA L40S (0),1,,7,[CUDA memcpy Device-to-Device]
971233994,5440,227,1024,1,1,128,1,1,45,0.000,0.002,,,,,NVIDIA L40S (0),1,,7,"pcg_cuda::<unnamed>::hash_kernel_chacha8(const pcg_cuda::DpfBlk *, pcg_cuda::DpfBlk *, pcg_cuda::DpfBlk *, int, int, int, unsigned long, unsigned long)"
971244138,896,229,,,,,,,,,,0.000,285.714,Device,Pageable,NVIDIA L40S (0),1,,7,[CUDA memcpy Device-to-Host]
971252650,384,230,,,,,,,,,,0.000,666.666,Pageable,Device,NVIDIA L40S (0),1,,7,[CUDA memcpy Host-to-Device]
971254666,8672,231,1024,1,1,128,1,1,48,0.000,0.000,,,,,NVIDIA L40S (0),1,,7,"pcg_cuda::<unnamed>::expand_kernel(const pcg_cuda::DpfBlk *, const pcg_cuda::DpfBlk *, const pcg_cuda::DpfBlk *, const pcg_cuda::DpfBlk *, pcg_cuda::DpfBlk *, int, int, int, int, unsigned long, unsigned long)"
971264138,1024,233,,,,,,,,,,0.000,250.000,Device,Device,NVIDIA L40S (0),1,,7,[CUDA memcpy Device-to-Device]
971265866,7872,234,2048,1,1,128,1,1,45,0.000,0.002,,,,,NVIDIA L40S (0),1,,7,"pcg_cuda::<unnamed>::hash_kernel_chacha8(const pcg_cuda::DpfBlk *, pcg_cuda::DpfBlk *, pcg_cuda::DpfBlk *, int, int, int, unsigned long, unsigned long)"
971279978,896,236,,,,,,,,,,0.000,285.714,Device,Pageable,NVIDIA L40S (0),1,,7,[CUDA memcpy Device-to-Host]
971289002,416,237,,,,,,,,,,0.000,615.385,Pageable,Device,NVIDIA L40S (0),1,,7,[CUDA memcpy Host-to-Device]
971291082,12288,238,2048,1,1,128,1,1,48,0.000,0.000,,,,,NVIDIA L40S (0),1,,7,"pcg_cuda::<unnamed>::expand_kernel(const pcg_cuda::DpfBlk *, const pcg_cuda::DpfBlk *, const pcg_cuda::DpfBlk *, const pcg_cuda::DpfBlk *, pcg_cuda::DpfBlk *, int, int, int, int, unsigned long, unsigned long)"
971304074,1024,240,,,,,,,,,,0.000,250.000,Device,Device,NVIDIA L40S (0),1,,7,[CUDA memcpy Device-to-Device]
971305770,13664,241,4096,1,1,128,1,1,45,0.000,0.002,,,,,NVIDIA L40S (0),1,,7,"pcg_cuda::<unnamed>::hash_kernel_chacha8(const pcg_cuda::DpfBlk *, pcg_cuda::DpfBlk *, pcg_cuda::DpfBlk *, int, int, int, unsigned long, unsigned long)"
971326058,896,243,,,,,,,,,,0.000,285.714,Device,Pageable,NVIDIA L40S (0),1,,7,[CUDA memcpy Device-to-Host]
971334762,384,244,,,,,,,,,,0.000,666.666,Pageable,Device,NVIDIA L40S (0),1,,7,[CUDA memcpy Host-to-Device]
971337450,22080,245,4096,1,1,128,1,1,48,0.000,0.000,,,,,NVIDIA L40S (0),1,,7,"pcg_cuda::<unnamed>::expand_kernel(const pcg_cuda::DpfBlk *, const pcg_cuda::DpfBlk *, const pcg_cuda::DpfBlk *, const pcg_cuda::DpfBlk *, pcg_cuda::DpfBlk *, int, int, int, int, unsigned long, unsigned long)"
971360202,1056,247,,,,,,,,,,0.000,242.424,Device,Device,NVIDIA L40S (0),1,,7,[CUDA memcpy Device-to-Device]
971361930,25120,248,8192,1,1,128,1,1,45,0.000,0.002,,,,,NVIDIA L40S (0),1,,7,"pcg_cuda::<unnamed>::hash_kernel_chacha8(const pcg_cuda::DpfBlk *, pcg_cuda::DpfBlk *, pcg_cuda::DpfBlk *, int, int, int, unsigned long, unsigned long)"
971388138,864,250,,,,,,,,,,0.000,296.296,Device,Pageable,NVIDIA L40S (0),1,,7,[CUDA memcpy Device-to-Host]
971396554,385,251,,,,,,,,,,0.000,664.935,Pageable,Device,NVIDIA L40S (0),1,,7,[CUDA memcpy Host-to-Device]
971398602,43328,252,8192,1,1,128,1,1,48,0.000,0.000,,,,,NVIDIA L40S (0),1,,7,"pcg_cuda::<unnamed>::expand_kernel(const pcg_cuda::DpfBlk *, const pcg_cuda::DpfBlk *, const pcg_cuda::DpfBlk *, const pcg_cuda::DpfBlk *, pcg_cuda::DpfBlk *, int, int, int, int, unsigned long, unsigned long)"
971442698,1792,254,,,,,,,,,,0.000,142.857,Device,Device,NVIDIA L40S (0),1,,7,[CUDA memcpy Device-to-Device]
971445194,50016,255,16384,1,1,128,1,1,45,0.000,0.002,,,,,NVIDIA L40S (0),1,,7,"pcg_cuda::<unnamed>::hash_kernel_chacha8(const pcg_cuda::DpfBlk *, pcg_cuda::DpfBlk *, pcg_cuda::DpfBlk *, int, int, int, unsigned long, unsigned long)"
971499114,896,257,,,,,,,,,,0.000,285.714,Device,Pageable,NVIDIA L40S (0),1,,7,[CUDA memcpy Device-to-Host]
971507562,416,258,,,,,,,,,,0.000,615.385,Pageable,Device,NVIDIA L40S (0),1,,7,[CUDA memcpy Host-to-Device]
971509770,137088,259,16384,1,1,128,1,1,48,0.000,0.000,,,,,NVIDIA L40S (0),1,,7,"pcg_cuda::<unnamed>::expand_kernel(const pcg_cuda::DpfBlk *, const pcg_cuda::DpfBlk *, const pcg_cuda::DpfBlk *, const pcg_cuda::DpfBlk *, pcg_cuda::DpfBlk *, int, int, int, int, unsigned long, unsigned long)"
971647530,1312,261,,,,,,,,,,0.000,195.122,Device,Device,NVIDIA L40S (0),1,,7,[CUDA memcpy Device-to-Device]
971649610,198880,262,32768,1,1,128,1,1,45,0.000,0.002,,,,,NVIDIA L40S (0),1,,7,"pcg_cuda::<unnamed>::hash_kernel_chacha8(const pcg_cuda::DpfBlk *, pcg_cuda::DpfBlk *, pcg_cuda::DpfBlk *, int, int, int, unsigned long, unsigned long)"
971851818,897,264,,,,,,,,,,0.000,285.396,Device,Pageable,NVIDIA L40S (0),1,,7,[CUDA memcpy Device-to-Host]
971860427,415,265,,,,,,,,,,0.000,616.867,Pageable,Device,NVIDIA L40S (0),1,,7,[CUDA memcpy Host-to-Device]
971862442,382944,266,32768,1,1,128,1,1,48,0.000,0.000,,,,,NVIDIA L40S (0),1,,7,"pcg_cuda::<unnamed>::expand_kernel(const pcg_cuda::DpfBlk *, const pcg_cuda::DpfBlk *, const pcg_cuda::DpfBlk *, const pcg_cuda::DpfBlk *, pcg_cuda::DpfBlk *, int, int, int, int, unsigned long, unsigned long)"
972246058,1888,268,,,,,,,,,,0.000,135.593,Device,Device,NVIDIA L40S (0),1,,7,[CUDA memcpy Device-to-Device]
972248715,386496,269,65536,1,1,128,1,1,45,0.000,0.002,,,,,NVIDIA L40S (0),1,,7,"pcg_cuda::<unnamed>::hash_kernel_chacha8(const pcg_cuda::DpfBlk *, pcg_cuda::DpfBlk *, pcg_cuda::DpfBlk *, int, int, int, unsigned long, unsigned long)"
972637803,1024,271,,,,,,,,,,0.000,250.000,Device,Pageable,NVIDIA L40S (0),1,,7,[CUDA memcpy Device-to-Host]
972646795,384,272,,,,,,,,,,0.000,666.666,Pageable,Device,NVIDIA L40S (0),1,,7,[CUDA memcpy Host-to-Device]
972648843,789536,273,65536,1,1,128,1,1,48,0.000,0.000,,,,,NVIDIA L40S (0),1,,7,"pcg_cuda::<unnamed>::expand_kernel(const pcg_cuda::DpfBlk *, const pcg_cuda::DpfBlk *, const pcg_cuda::DpfBlk *, const pcg_cuda::DpfBlk *, pcg_cuda::DpfBlk *, int, int, int, int, unsigned long, unsigned long)"
973439115,2784,275,,,,,,,,,,0.000,91.954,Device,Device,NVIDIA L40S (0),1,,7,[CUDA memcpy Device-to-Device]
973442731,787744,276,131072,1,1,128,1,1,45,0.000,0.002,,,,,NVIDIA L40S (0),1,,7,"pcg_cuda::<unnamed>::hash_kernel_chacha8(const pcg_cuda::DpfBlk *, pcg_cuda::DpfBlk *, pcg_cuda::DpfBlk *, int, int, int, unsigned long, unsigned long)"
974236267,1024,278,,,,,,,,,,0.000,250.000,Device,Pageable,NVIDIA L40S (0),1,,7,[CUDA memcpy Device-to-Host]
974244875,384,279,,,,,,,,,,0.000,666.666,Pageable,Device,NVIDIA L40S (0),1,,7,[CUDA memcpy Host-to-Device]
974247531,1592864,280,131072,1,1,128,1,1,48,0.000,0.000,,,,,NVIDIA L40S (0),1,,7,"pcg_cuda::<unnamed>::expand_kernel(const pcg_cuda::DpfBlk *, const pcg_cuda::DpfBlk *, const pcg_cuda::DpfBlk *, const pcg_cuda::DpfBlk *, pcg_cuda::DpfBlk *, int, int, int, int, unsigned long, unsigned long)"
975871211,814144,285,1024,16,1,256,1,1,34,0.000,0.004,,,,,NVIDIA L40S (0),1,,7,"pcg_cuda::<unnamed>::out_sum_kernel(const pcg_cuda::DpfBlk *, unsigned long *, unsigned long, unsigned long, int)"
976688683,3297,287,16,1,1,256,1,1,22,0.000,0.004,,,,,NVIDIA L40S (0),1,,7,"pcg_cuda::<unnamed>::out_fold_kernel(const unsigned long *, unsigned long *, int, int, unsigned long)"
976695915,897,289,,,,,,,,,,0.000,285.396,Device,Pageable,NVIDIA L40S (0),1,,7,[CUDA memcpy Device-to-Host]
976788075,384,291,,,,,,,,,,0.000,333.333,Pageable,Device,NVIDIA L40S (0),1,,7,[CUDA memcpy Host-to-Device]
976793164,12799,292,,,,,,,,,,33.554,2621641.327,Device,,NVIDIA L40S (0),1,,7,[CUDA memset]
976812491,1127073,293,1024,16,1,256,1,1,38,0.000,0.000,,,,,NVIDIA L40S (0),1,,7,"pcg_cuda::<unnamed>::out_scatter_kernel(const pcg_cuda::DpfBlk *, const unsigned long *, unsigned long *, unsigned long, int, int, unsigned long, int)"
977940268,1613536,295,,,,,,,,,,33.554,20770.193,Device,Pageable,NVIDIA L40S (0),1,,7,[CUDA memcpy Device-to-Host]
979623052,2496,296,,,,,,,,,,0.000,102.564,Pageable,Device,NVIDIA L40S (0),1,,7,[CUDA memcpy Host-to-Device]
979632524,608,297,,,,,,,,,,0.005,8842.101,Pageable,Device,NVIDIA L40S (0),1,,7,[CUDA memcpy Host-to-Device]
979639820,1312,298,,,,,,,,,,0.000,195.122,Device,Device,NVIDIA L40S (0),1,,7,[CUDA memcpy Device-to-Device]
979645292,2240,299,1,1,1,128,1,1,45,0.000,0.002,,,,,NVIDIA L40S (0),1,,7,"pcg_cuda::<unnamed>::hash_kernel_chacha8(const pcg_cuda::DpfBlk *, pcg_cuda::DpfBlk *, pcg_cuda::DpfBlk *, int, int, int, unsigned long, unsigned long)"
979650028,1344,301,,,,,,,,,,0.000,190.476,Device,Pageable,NVIDIA L40S (0),1,,7,[CUDA memcpy Device-to-Host]
979659244,384,302,,,,,,,,,,0.000,666.666,Pageable,Device,NVIDIA L40S (0),1,,7,[CUDA memcpy Host-to-Device]
979663020,1760,303,1,1,1,128,1,1,48,0.000,0.000,,,,,NVIDIA L40S (0),1,,7,"pcg_cuda::<unnamed>::expand_kernel(const pcg_cuda::DpfBlk *, const pcg_cuda::DpfBlk *, const pcg_cuda::DpfBlk *, const pcg_cuda::DpfBlk *, pcg_cuda::DpfBlk *, int, int, int, int, unsigned long, unsigned long)"
979667820,1024,305,,,,,,,,,,0.000,250.000,Device,Device,NVIDIA L40S (0),1,,7,[CUDA memcpy Device-to-Device]
979670668,1568,306,1,1,1,128,1,1,45,0.000,0.002,,,,,NVIDIA L40S (0),1,,7,"pcg_cuda::<unnamed>::hash_kernel_chacha8(const pcg_cuda::DpfBlk *, pcg_cuda::DpfBlk *, pcg_cuda::DpfBlk *, int, int, int, unsigned long, unsigned long)"
979672812,896,308,,,,,,,,,,0.000,285.714,Device,Pageable,NVIDIA L40S (0),1,,7,[CUDA memcpy Device-to-Host]
979681388,384,309,,,,,,,,,,0.000,666.666,Pageable,Device,NVIDIA L40S (0),1,,7,[CUDA memcpy Host-to-Device]
979684428,1536,310,1,1,1,128,1,1,48,0.000,0.000,,,,,NVIDIA L40S (0),1,,7,"pcg_cuda::<unnamed>::expand_kernel(const pcg_cuda::DpfBlk *, const pcg_cuda::DpfBlk *, const pcg_cuda::DpfBlk *, const pcg_cuda::DpfBlk *, pcg_cuda::DpfBlk *, int, int, int, int, unsigned long, unsigned long)"
979688588,1024,312,,,,,,,,,,0.000,250.000,Device,Device,NVIDIA L40S (0),1,,7,[CUDA memcpy Device-to-Device]
979690892,1600,313,1,1,1,128,1,1,45,0.000,0.002,,,,,NVIDIA L40S (0),1,,7,"pcg_cuda::<unnamed>::hash_kernel_chacha8(const pcg_cuda::DpfBlk *, pcg_cuda::DpfBlk *, pcg_cuda::DpfBlk *, int, int, int, unsigned long, unsigned long)"
979696492,864,315,,,,,,,,,,0.000,296.296,Device,Pageable,NVIDIA L40S (0),1,,7,[CUDA memcpy Device-to-Host]
979704940,384,316,,,,,,,,,,0.000,666.666,Pageable,Device,NVIDIA L40S (0),1,,7,[CUDA memcpy Host-to-Device]
979707116,1472,317,1,1,1,128,1,1,48,0.000,0.000,,,,,NVIDIA L40S (0),1,,7,"pcg_cuda::<unnamed>::expand_kernel(const pcg_cuda::DpfBlk *, const pcg_cuda::DpfBlk *, const pcg_cuda::DpfBlk *, const pcg_cuda::DpfBlk *, pcg_cuda::DpfBlk *, int, int, int, int, unsigned long, unsigned long)"
979711628,1024,319,,,,,,,,,,0.000,250.000,Device,Device,NVIDIA L40S (0),1,,7,[CUDA memcpy Device-to-Device]
979713964,1632,320,1,1,1,128,1,1,45,0.000,0.002,,,,,NVIDIA L40S (0),1,,7,"pcg_cuda::<unnamed>::hash_kernel_chacha8(const pcg_cuda::DpfBlk *, pcg_cuda::DpfBlk *, pcg_cuda::DpfBlk *, int, int, int, unsigned long, unsigned long)"
979716492,896,322,,,,,,,,,,0.000,285.714,Device,Pageable,NVIDIA L40S (0),1,,7,[CUDA memcpy Device-to-Host]
979725164,416,323,,,,,,,,,,0.000,615.385,Pageable,Device,NVIDIA L40S (0),1,,7,[CUDA memcpy Host-to-Device]
979727276,1536,324,1,1,1,128,1,1,48,0.000,0.000,,,,,NVIDIA L40S (0),1,,7,"pcg_cuda::<unnamed>::expand_kernel(const pcg_cuda::DpfBlk *, const pcg_cuda::DpfBlk *, const pcg_cuda::DpfBlk *, const pcg_cuda::DpfBlk *, pcg_cuda::DpfBlk *, int, int, int, int, unsigned long, unsigned long)"
979731020,1024,326,,,,,,,,,,0.000,250.000,Device,Device,NVIDIA L40S (0),1,,7,[CUDA memcpy Device-to-Device]
979734412,1920,327,2,1,1,128,1,1,45,0.000,0.002,,,,,NVIDIA L40S (0),1,,7,"pcg_cuda::<unnamed>::hash_kernel_chacha8(const pcg_cuda::DpfBlk *, pcg_cuda::DpfBlk *, pcg_cuda::DpfBlk *, int, int, int, unsigned long, unsigned long)"
979744364,896,329,,,,,,,,,,0.000,285.714,Device,Pageable,NVIDIA L40S (0),1,,7,[CUDA memcpy Device-to-Host]
979752780,416,330,,,,,,,,,,0.000,615.385,Pageable,Device,NVIDIA L40S (0),1,,7,[CUDA memcpy Host-to-Device]
979754796,1664,331,2,1,1,128,1,1,48,0.000,0.000,,,,,NVIDIA L40S (0),1,,7,"pcg_cuda::<unnamed>::expand_kernel(const pcg_cuda::DpfBlk *, const pcg_cuda::DpfBlk *, const pcg_cuda::DpfBlk *, const pcg_cuda::DpfBlk *, pcg_cuda::DpfBlk *, int, int, int, int, unsigned long, unsigned long)"
979758508,1024,333,,,,,,,,,,0.000,250.000,Device,Device,NVIDIA L40S (0),1,,7,[CUDA memcpy Device-to-Device]
979760972,2208,334,4,1,1,128,1,1,45,0.000,0.002,,,,,NVIDIA L40S (0),1,,7,"pcg_cuda::<unnamed>::hash_kernel_chacha8(const pcg_cuda::DpfBlk *, pcg_cuda::DpfBlk *, pcg_cuda::DpfBlk *, int, int, int, unsigned long, unsigned long)"
979763500,864,336,,,,,,,,,,0.000,296.296,Device,Pageable,NVIDIA L40S (0),1,,7,[CUDA memcpy Device-to-Host]
979772140,384,337,,,,,,,,,,0.000,666.666,Pageable,Device,NVIDIA L40S (0),1,,7,[CUDA memcpy Host-to-Device]
979774188,1664,338,4,1,1,128,1,1,48,0.000,0.000,,,,,NVIDIA L40S (0),1,,7,"pcg_cuda::<unnamed>::expand_kernel(const pcg_cuda::DpfBlk *, const pcg_cuda::DpfBlk *, const pcg_cuda::DpfBlk *, const pcg_cuda::DpfBlk *, pcg_cuda::DpfBlk *, int, int, int, int, unsigned long, unsigned long)"
979777868,1024,340,,,,,,,,,,0.000,250.000,Device,Device,NVIDIA L40S (0),1,,7,[CUDA memcpy Device-to-Device]
979780140,2784,341,8,1,1,128,1,1,45,0.000,0.002,,,,,NVIDIA L40S (0),1,,7,"pcg_cuda::<unnamed>::hash_kernel_chacha8(const pcg_cuda::DpfBlk *, pcg_cuda::DpfBlk *, pcg_cuda::DpfBlk *, int, int, int, unsigned long, unsigned long)"
979790444,896,343,,,,,,,,,,0.000,285.714,Device,Pageable,NVIDIA L40S (0),1,,7,[CUDA memcpy Device-to-Host]
979801356,384,344,,,,,,,,,,0.000,666.666,Pageable,Device,NVIDIA L40S (0),1,,7,[CUDA memcpy Host-to-Device]
979804076,1664,345,8,1,1,128,1,1,48,0.000,0.000,,,,,NVIDIA L40S (0),1,,7,"pcg_cuda::<unnamed>::expand_kernel(const pcg_cuda::DpfBlk *, const pcg_cuda::DpfBlk *, const pcg_cuda::DpfBlk *, const pcg_cuda::DpfBlk *, pcg_cuda::DpfBlk *, int, int, int, int, unsigned long, unsigned long)"
979807436,1056,347,,,,,,,,,,0.000,242.424,Device,Device,NVIDIA L40S (0),1,,7,[CUDA memcpy Device-to-Device]
979809484,2208,348,16,1,1,128,1,1,45,0.000,0.002,,,,,NVIDIA L40S (0),1,,7,"pcg_cuda::<unnamed>::hash_kernel_chacha8(const pcg_cuda::DpfBlk *, pcg_cuda::DpfBlk *, pcg_cuda::DpfBlk *, int, int, int, unsigned long, unsigned long)"
979812012,864,350,,,,,,,,,,0.000,296.296,Device,Pageable,NVIDIA L40S (0),1,,7,[CUDA memcpy Device-to-Host]
979820396,384,351,,,,,,,,,,0.000,666.666,Pageable,Device,NVIDIA L40S (0),1,,7,[CUDA memcpy Host-to-Device]
979822636,1664,352,16,1,1,128,1,1,48,0.000,0.000,,,,,NVIDIA L40S (0),1,,7,"pcg_cuda::<unnamed>::expand_kernel(const pcg_cuda::DpfBlk *, const pcg_cuda::DpfBlk *, const pcg_cuda::DpfBlk *, const pcg_cuda::DpfBlk *, pcg_cuda::DpfBlk *, int, int, int, int, unsigned long, unsigned long)"
979826796,1056,354,,,,,,,,,,0.000,242.424,Device,Device,NVIDIA L40S (0),1,,7,[CUDA memcpy Device-to-Device]
979828876,2016,355,32,1,1,128,1,1,45,0.000,0.002,,,,,NVIDIA L40S (0),1,,7,"pcg_cuda::<unnamed>::hash_kernel_chacha8(const pcg_cuda::DpfBlk *, pcg_cuda::DpfBlk *, pcg_cuda::DpfBlk *, int, int, int, unsigned long, unsigned long)"
979831628,864,357,,,,,,,,,,0.000,296.296,Device,Pageable,NVIDIA L40S (0),1,,7,[CUDA memcpy Device-to-Host]
979839916,384,358,,,,,,,,,,0.000,666.666,Pageable,Device,NVIDIA L40S (0),1,,7,[CUDA memcpy Host-to-Device]
979842028,1600,359,32,1,1,128,1,1,48,0.000,0.000,,,,,NVIDIA L40S (0),1,,7,"pcg_cuda::<unnamed>::expand_kernel(const pcg_cuda::DpfBlk *, const pcg_cuda::DpfBlk *, const pcg_cuda::DpfBlk *, const pcg_cuda::DpfBlk *, pcg_cuda::DpfBlk *, int, int, int, int, unsigned long, unsigned long)"
979845612,1056,361,,,,,,,,,,0.000,242.424,Device,Device,NVIDIA L40S (0),1,,7,[CUDA memcpy Device-to-Device]
979848140,2208,362,64,1,1,128,1,1,45,0.000,0.002,,,,,NVIDIA L40S (0),1,,7,"pcg_cuda::<unnamed>::hash_kernel_chacha8(const pcg_cuda::DpfBlk *, pcg_cuda::DpfBlk *, pcg_cuda::DpfBlk *, int, int, int, unsigned long, unsigned long)"
979850796,896,364,,,,,,,,,,0.000,285.714,Device,Pageable,NVIDIA L40S (0),1,,7,[CUDA memcpy Device-to-Host]
979859052,384,365,,,,,,,,,,0.000,666.666,Pageable,Device,NVIDIA L40S (0),1,,7,[CUDA memcpy Host-to-Device]
979861164,1696,366,64,1,1,128,1,1,48,0.000,0.000,,,,,NVIDIA L40S (0),1,,7,"pcg_cuda::<unnamed>::expand_kernel(const pcg_cuda::DpfBlk *, const pcg_cuda::DpfBlk *, const pcg_cuda::DpfBlk *, const pcg_cuda::DpfBlk *, pcg_cuda::DpfBlk *, int, int, int, int, unsigned long, unsigned long)"
979864972,1024,368,,,,,,,,,,0.000,250.000,Device,Device,NVIDIA L40S (0),1,,7,[CUDA memcpy Device-to-Device]
979867116,2112,369,128,1,1,128,1,1,45,0.000,0.002,,,,,NVIDIA L40S (0),1,,7,"pcg_cuda::<unnamed>::hash_kernel_chacha8(const pcg_cuda::DpfBlk *, pcg_cuda::DpfBlk *, pcg_cuda::DpfBlk *, int, int, int, unsigned long, unsigned long)"
979869516,896,371,,,,,,,,,,0.000,285.714,Device,Pageable,NVIDIA L40S (0),1,,7,[CUDA memcpy Device-to-Host]
979878252,384,372,,,,,,,,,,0.000,666.666,Pageable,Device,NVIDIA L40S (0),1,,7,[CUDA memcpy Host-to-Device]
979880268,1792,373,128,1,1,128,1,1,48,0.000,0.000,,,,,NVIDIA L40S (0),1,,7,"pcg_cuda::<unnamed>::expand_kernel(const pcg_cuda::DpfBlk *, const pcg_cuda::DpfBlk *, const pcg_cuda::DpfBlk *, const pcg_cuda::DpfBlk *, pcg_cuda::DpfBlk *, int, int, int, int, unsigned long, unsigned long)"
979883980,1056,375,,,,,,,,,,0.000,242.424,Device,Device,NVIDIA L40S (0),1,,7,[CUDA memcpy Device-to-Device]
979886092,2464,376,256,1,1,128,1,1,45,0.000,0.002,,,,,NVIDIA L40S (0),1,,7,"pcg_cuda::<unnamed>::hash_kernel_chacha8(const pcg_cuda::DpfBlk *, pcg_cuda::DpfBlk *, pcg_cuda::DpfBlk *, int, int, int, unsigned long, unsigned long)"
979888844,864,378,,,,,,,,,,0.000,296.296,Device,Pageable,NVIDIA L40S (0),1,,7,[CUDA memcpy Device-to-Host]
979897196,416,379,,,,,,,,,,0.000,615.385,Pageable,Device,NVIDIA L40S (0),1,,7,[CUDA memcpy Host-to-Device]
979899948,2432,380,256,1,1,128,1,1,48,0.000,0.000,,,,,NVIDIA L40S (0),1,,7,"pcg_cuda::<unnamed>::expand_kernel(const pcg_cuda::DpfBlk *, const pcg_cuda::DpfBlk *, const pcg_cuda::DpfBlk *, const pcg_cuda::DpfBlk *, pcg_cuda::DpfBlk *, int, int, int, int, unsigned long, unsigned long)"
979903532,1056,382,,,,,,,,,,0.000,242.424,Device,Device,NVIDIA L40S (0),1,,7,[CUDA memcpy Device-to-Device]
979905804,3104,383,512,1,1,128,1,1,45,0.000,0.002,,,,,NVIDIA L40S (0),1,,7,"pcg_cuda::<unnamed>::hash_kernel_chacha8(const pcg_cuda::DpfBlk *, pcg_cuda::DpfBlk *, pcg_cuda::DpfBlk *, int, int, int, unsigned long, unsigned long)"
979916396,896,385,,,,,,,,,,0.000,285.714,Device,Pageable,NVIDIA L40S (0),1,,7,[CUDA memcpy Device-to-Host]
979924908,384,386,,,,,,,,,,0.000,666.666,Pageable,Device,NVIDIA L40S (0),1,,7,[CUDA memcpy Host-to-Device]
979926988,3360,387,512,1,1,128,1,1,48,0.000,0.000,,,,,NVIDIA L40S (0),1,,7,"pcg_cuda::<unnamed>::expand_kernel(const pcg_cuda::DpfBlk *, const pcg_cuda::DpfBlk *, const pcg_cuda::DpfBlk *, const pcg_cuda::DpfBlk *, pcg_cuda::DpfBlk *, int, int, int, int, unsigned long, unsigned long)"
979931020,1056,389,,,,,,,,,,0.000,242.424,Device,Device,NVIDIA L40S (0),1,,7,[CUDA memcpy Device-to-Device]
979933036,4800,390,1024,1,1,128,1,1,45,0.000,0.002,,,,,NVIDIA L40S (0),1,,7,"pcg_cuda::<unnamed>::hash_kernel_chacha8(const pcg_cuda::DpfBlk *, pcg_cuda::DpfBlk *, pcg_cuda::DpfBlk *, int, int, int, unsigned long, unsigned long)"
979944044,896,392,,,,,,,,,,0.000,285.714,Device,Pageable,NVIDIA L40S (0),1,,7,[CUDA memcpy Device-to-Host]
979952460,384,393,,,,,,,,,,0.000,666.666,Pageable,Device,NVIDIA L40S (0),1,,7,[CUDA memcpy Host-to-Device]
979954604,6656,394,1024,1,1,128,1,1,48,0.000,0.000,,,,,NVIDIA L40S (0),1,,7,"pcg_cuda::<unnamed>::expand_kernel(const pcg_cuda::DpfBlk *, const pcg_cuda::DpfBlk *, const pcg_cuda::DpfBlk *, const pcg_cuda::DpfBlk *, pcg_cuda::DpfBlk *, int, int, int, int, unsigned long, unsigned long)"
979962060,1056,396,,,,,,,,,,0.000,242.424,Device,Device,NVIDIA L40S (0),1,,7,[CUDA memcpy Device-to-Device]
979963788,7872,397,2048,1,1,128,1,1,45,0.000,0.002,,,,,NVIDIA L40S (0),1,,7,"pcg_cuda::<unnamed>::hash_kernel_chacha8(const pcg_cuda::DpfBlk *, pcg_cuda::DpfBlk *, pcg_cuda::DpfBlk *, int, int, int, unsigned long, unsigned long)"
979979884,896,399,,,,,,,,,,0.000,285.714,Device,Pageable,NVIDIA L40S (0),1,,7,[CUDA memcpy Device-to-Host]
979988332,416,400,,,,,,,,,,0.000,615.385,Pageable,Device,NVIDIA L40S (0),1,,7,[CUDA memcpy Host-to-Device]
979990412,11488,401,2048,1,1,128,1,1,48,0.000,0.000,,,,,NVIDIA L40S (0),1,,7,"pcg_cuda::<unnamed>::expand_kernel(const pcg_cuda::DpfBlk *, const pcg_cuda::DpfBlk *, const pcg_cuda::DpfBlk *, const pcg_cuda::DpfBlk *, pcg_cuda::DpfBlk *, int, int, int, int, unsigned long, unsigned long)"
980002604,1056,403,,,,,,,,,,0.000,242.424,Device,Device,NVIDIA L40S (0),1,,7,[CUDA memcpy Device-to-Device]
980004332,13984,404,4096,1,1,128,1,1,45,0.000,0.002,,,,,NVIDIA L40S (0),1,,7,"pcg_cuda::<unnamed>::hash_kernel_chacha8(const pcg_cuda::DpfBlk *, pcg_cuda::DpfBlk *, pcg_cuda::DpfBlk *, int, int, int, unsigned long, unsigned long)"
980023916,896,406,,,,,,,,,,0.000,285.714,Device,Pageable,NVIDIA L40S (0),1,,7,[CUDA memcpy Device-to-Host]
980032748,384,407,,,,,,,,,,0.000,666.666,Pageable,Device,NVIDIA L40S (0),1,,7,[CUDA memcpy Host-to-Device]
980034924,21920,408,4096,1,1,128,1,1,48,0.000,0.000,,,,,NVIDIA L40S (0),1,,7,"pcg_cuda::<unnamed>::expand_kernel(const pcg_cuda::DpfBlk *, const pcg_cuda::DpfBlk *, const pcg_cuda::DpfBlk *, const pcg_cuda::DpfBlk *, pcg_cuda::DpfBlk *, int, int, int, int, unsigned long, unsigned long)"
980057612,1056,410,,,,,,,,,,0.000,242.424,Device,Device,NVIDIA L40S (0),1,,7,[CUDA memcpy Device-to-Device]
980059372,25184,411,8192,1,1,128,1,1,45,0.000,0.002,,,,,NVIDIA L40S (0),1,,7,"pcg_cuda::<unnamed>::hash_kernel_chacha8(const pcg_cuda::DpfBlk *, pcg_cuda::DpfBlk *, pcg_cuda::DpfBlk *, int, int, int, unsigned long, unsigned long)"
980086828,864,413,,,,,,,,,,0.000,296.296,Device,Pageable,NVIDIA L40S (0),1,,7,[CUDA memcpy Device-to-Host]
980095436,384,414,,,,,,,,,,0.000,666.666,Pageable,Device,NVIDIA L40S (0),1,,7,[CUDA memcpy Host-to-Device]
980098188,43168,415,8192,1,1,128,1,1,48,0.000,0.000,,,,,NVIDIA L40S (0),1,,7,"pcg_cuda::<unnamed>::expand_kernel(const pcg_cuda::DpfBlk *, const pcg_cuda::DpfBlk *, const pcg_cuda::DpfBlk *, const pcg_cuda::DpfBlk *, pcg_cuda::DpfBlk *, int, int, int, int, unsigned long, unsigned long)"
980142252,1792,417,,,,,,,,,,0.000,142.857,Device,Device,NVIDIA L40S (0),1,,7,[CUDA memcpy Device-to-Device]
980144780,50496,418,16384,1,1,128,1,1,45,0.000,0.002,,,,,NVIDIA L40S (0),1,,7,"pcg_cuda::<unnamed>::hash_kernel_chacha8(const pcg_cuda::DpfBlk *, pcg_cuda::DpfBlk *, pcg_cuda::DpfBlk *, int, int, int, unsigned long, unsigned long)"
980199020,896,420,,,,,,,,,,0.000,285.714,Device,Pageable,NVIDIA L40S (0),1,,7,[CUDA memcpy Device-to-Host]
980207308,416,421,,,,,,,,,,0.000,615.385,Pageable,Device,NVIDIA L40S (0),1,,7,[CUDA memcpy Host-to-Device]
980209452,136928,422,16384,1,1,128,1,1,48,0.000,0.000,,,,,NVIDIA L40S (0),1,,7,"pcg_cuda::<unnamed>::expand_kernel(const pcg_cuda::DpfBlk *, const pcg_cuda::DpfBlk *, const pcg_cuda::DpfBlk *, const pcg_cuda::DpfBlk *, pcg_cuda::DpfBlk *, int, int, int, int, unsigned long, unsigned long)"
980347116,2240,424,,,,,,,,,,0.000,114.286,Device,Device,NVIDIA L40S (0),1,,7,[CUDA memcpy Device-to-Device]
980350092,197376,425,32768,1,1,128,1,1,45,0.000,0.002,,,,,NVIDIA L40S (0),1,,7,"pcg_cuda::<unnamed>::hash_kernel_chacha8(const pcg_cuda::DpfBlk *, pcg_cuda::DpfBlk *, pcg_cuda::DpfBlk *, int, int, int, unsigned long, unsigned long)"
980553324,896,427,,,,,,,,,,0.000,285.714,Device,Pageable,NVIDIA L40S (0),1,,7,[CUDA memcpy Device-to-Host]
980561740,416,428,,,,,,,,,,0.000,615.385,Pageable,Device,NVIDIA L40S (0),1,,7,[CUDA memcpy Host-to-Device]
980563884,382432,429,32768,1,1,128,1,1,48,0.000,0.000,,,,,NVIDIA L40S (0),1,,7,"pcg_cuda::<unnamed>::expand_kernel(const pcg_cuda::DpfBlk *, const pcg_cuda::DpfBlk *, const pcg_cuda::DpfBlk *, const pcg_cuda::DpfBlk *, pcg_cuda::DpfBlk *, int, int, int, int, unsigned long, unsigned long)"
980947116,2497,431,,,,,,,,,,0.000,102.523,Device,Device,NVIDIA L40S (0),1,,7,[CUDA memcpy Device-to-Device]
980950380,386881,432,65536,1,1,128,1,1,45,0.000,0.002,,,,,NVIDIA L40S (0),1,,7,"pcg_cuda::<unnamed>::hash_kernel_chacha8(const pcg_cuda::DpfBlk *, pcg_cuda::DpfBlk *, pcg_cuda::DpfBlk *, int, int, int, unsigned long, unsigned long)"
981343853,1023,434,,,,,,,,,,0.000,250.244,Device,Pageable,NVIDIA L40S (0),1,,7,[CUDA memcpy Device-to-Host]
981352428,417,435,,,,,,,,,,0.000,613.909,Pageable,Device,NVIDIA L40S (0),1,,7,[CUDA memcpy Host-to-Device]
981354380,801472,436,65536,1,1,128,1,1,48,0.000,0.000,,,,,NVIDIA L40S (0),1,,7,"pcg_cuda::<unnamed>::expand_kernel(const pcg_cuda::DpfBlk *, const pcg_cuda::DpfBlk *, const pcg_cuda::DpfBlk *, const pcg_cuda::DpfBlk *, pcg_cuda::DpfBlk *, int, int, int, int, unsigned long, unsigned long)"
982156621,1760,438,,,,,,,,,,0.000,145.454,Device,Device,NVIDIA L40S (0),1,,7,[CUDA memcpy Device-to-Device]
982159117,790368,439,131072,1,1,128,1,1,45,0.000,0.002,,,,,NVIDIA L40S (0),1,,7,"pcg_cuda::<unnamed>::hash_kernel_chacha8(const pcg_cuda::DpfBlk *, pcg_cuda::DpfBlk *, pcg_cuda::DpfBlk *, int, int, int, unsigned long, unsigned long)"
982954605,1024,441,,,,,,,,,,0.000,250.000,Device,Pageable,NVIDIA L40S (0),1,,7,[CUDA memcpy Device-to-Host]
982963213,384,442,,,,,,,,,,0.000,666.666,Pageable,Device,NVIDIA L40S (0),1,,7,[CUDA memcpy Host-to-Device]
982965197,1594240,443,131072,1,1,128,1,1,48,0.000,0.000,,,,,NVIDIA L40S (0),1,,7,"pcg_cuda::<unnamed>::expand_kernel(const pcg_cuda::DpfBlk *, const pcg_cuda::DpfBlk *, const pcg_cuda::DpfBlk *, const pcg_cuda::DpfBlk *, pcg_cuda::DpfBlk *, int, int, int, int, unsigned long, unsigned long)"
984560205,815936,445,1024,16,1,256,1,1,34,0.000,0.004,,,,,NVIDIA L40S (0),1,,7,"pcg_cuda::<unnamed>::out_sum_kernel(const pcg_cuda::DpfBlk *, unsigned long *, unsigned long, unsigned long, int)"
985376813,3456,447,16,1,1,256,1,1,22,0.000,0.004,,,,,NVIDIA L40S (0),1,,7,"pcg_cuda::<unnamed>::out_fold_kernel(const unsigned long *, unsigned long *, int, int, unsigned long)"
985381197,896,449,,,,,,,,,,0.000,285.714,Device,Pageable,NVIDIA L40S (0),1,,7,[CUDA memcpy Device-to-Host]
985390317,384,450,,,,,,,,,,0.000,333.333,Pageable,Device,NVIDIA L40S (0),1,,7,[CUDA memcpy Host-to-Device]
985395021,12352,451,,,,,,,,,,33.554,2716499.706,Device,,NVIDIA L40S (0),1,,7,[CUDA memset]
985408141,1126337,452,1024,16,1,256,1,1,38,0.000,0.000,,,,,NVIDIA L40S (0),1,,7,"pcg_cuda::<unnamed>::out_scatter_kernel(const pcg_cuda::DpfBlk *, const unsigned long *, unsigned long *, unsigned long, int, int, unsigned long, int)"
986539597,1594625,454,,,,,,,,,,33.554,21038.629,Device,Pageable,NVIDIA L40S (0),1,,7,[CUDA memcpy Device-to-Host]
988199726,2272,455,,,,,,,,,,0.000,112.676,Pageable,Device,NVIDIA L40S (0),1,,7,[CUDA memcpy Host-to-Device]
988208270,576,456,,,,,,,,,,0.005,9333.333,Pageable,Device,NVIDIA L40S (0),1,,7,[CUDA memcpy Host-to-Device]
988213102,1280,457,,,,,,,,,,0.000,200.000,Device,Device,NVIDIA L40S (0),1,,7,[CUDA memcpy Device-to-Device]
988218350,2016,458,1,1,1,128,1,1,45,0.000,0.002,,,,,NVIDIA L40S (0),1,,7,"pcg_cuda::<unnamed>::hash_kernel_chacha8(const pcg_cuda::DpfBlk *, pcg_cuda::DpfBlk *, pcg_cuda::DpfBlk *, int, int, int, unsigned long, unsigned long)"
988221390,1568,460,,,,,,,,,,0.000,163.265,Device,Pageable,NVIDIA L40S (0),1,,7,[CUDA memcpy Device-to-Host]
988230350,384,461,,,,,,,,,,0.000,666.666,Pageable,Device,NVIDIA L40S (0),1,,7,[CUDA memcpy Host-to-Device]
988232942,1696,462,1,1,1,128,1,1,48,0.000,0.000,,,,,NVIDIA L40S (0),1,,7,"pcg_cuda::<unnamed>::expand_kernel(const pcg_cuda::DpfBlk *, const pcg_cuda::DpfBlk *, const pcg_cuda::DpfBlk *, const pcg_cuda::DpfBlk *, pcg_cuda::DpfBlk *, int, int, int, int, unsigned long, unsigned long)"
988237422,1024,464,,,,,,,,,,0.000,250.000,Device,Device,NVIDIA L40S (0),1,,7,[CUDA memcpy Device-to-Device]
988239918,1600,465,1,1,1,128,1,1,45,0.000,0.002,,,,,NVIDIA L40S (0),1,,7,"pcg_cuda::<unnamed>::hash_kernel_chacha8(const pcg_cuda::DpfBlk *, pcg_cuda::DpfBlk *, pcg_cuda::DpfBlk *, int, int, int, unsigned long, unsigned long)"
988242734,864,467,,,,,,,,,,0.000,296.296,Device,Pageable,NVIDIA L40S (0),1,,7,[CUDA memcpy Device-to-Host]
988251214,416,468,,,,,,,,,,0.000,615.385,Pageable,Device,NVIDIA L40S (0),1,,7,[CUDA memcpy Host-to-Device]
988253742,1504,469,1,1,1,128,1,1,48,0.000,0.000,,,,,NVIDIA L40S (0),1,,7,"pcg_cuda::<unnamed>::expand_kernel(const pcg_cuda::DpfBlk *, const pcg_cuda::DpfBlk *, const pcg_cuda::DpfBlk *, const pcg_cuda::DpfBlk *, pcg_cuda::DpfBlk *, int, int, int, int, unsigned long, unsigned long)"
988257646,1024,471,,,,,,,,,,0.000,250.000,Device,Device,NVIDIA L40S (0),1,,7,[CUDA memcpy Device-to-Device]
988259790,1600,472,1,1,1,128,1,1,45,0.000,0.002,,,,,NVIDIA L40S (0),1,,7,"pcg_cuda::<unnamed>::hash_kernel_chacha8(const pcg_cuda::DpfBlk *, pcg_cuda::DpfBlk *, pcg_cuda::DpfBlk *, int, int, int, unsigned long, unsigned long)"
988262478,960,474,,,,,,,,,,0.000,266.666,Device,Pageable,NVIDIA L40S (0),1,,7,[CUDA memcpy Device-to-Host]
988270734,416,475,,,,,,,,,,0.000,615.385,Pageable,Device,NVIDIA L40S (0),1,,7,[CUDA memcpy Host-to-Device]
988273870,1504,476,1,1,1,128,1,1,48,0.000,0.000,,,,,NVIDIA L40S (0),1,,7,"pcg_cuda::<unnamed>::expand_kernel(const pcg_cuda::DpfBlk *, const pcg_cuda::DpfBlk *, const pcg_cuda::DpfBlk *, const pcg_cuda::DpfBlk *, pcg_cuda::DpfBlk *, int, int, int, int, unsigned long, unsigned long)"
988277422,1024,478,,,,,,,,,,0.000,250.000,Device,Device,NVIDIA L40S (0),1,,7,[CUDA memcpy Device-to-Device]
988279278,1632,479,1,1,1,128,1,1,45,0.000,0.002,,,,,NVIDIA L40S (0),1,,7,"pcg_cuda::<unnamed>::hash_kernel_chacha8(const pcg_cuda::DpfBlk *, pcg_cuda::DpfBlk *, pcg_cuda::DpfBlk *, int, int, int, unsigned long, unsigned long)"
988281646,864,481,,,,,,,,,,0.000,296.296,Device,Pageable,NVIDIA L40S (0),1,,7,[CUDA memcpy Device-to-Host]
988289902,416,482,,,,,,,,,,0.000,615.385,Pageable,Device,NVIDIA L40S (0),1,,7,[CUDA memcpy Host-to-Device]
988295246,1536,483,1,1,1,128,1,1,48,0.000,0.000,,,,,NVIDIA L40S (0),1,,7,"pcg_cuda::<unnamed>::expand_kernel(const pcg_cuda::DpfBlk *, const pcg_cuda::DpfBlk *, const pcg_cuda::DpfBlk *, const pcg_cuda::DpfBlk *, pcg_cuda::DpfBlk *, int, int, int, int, unsigned long, unsigned long)"
988299438,1056,485,,,,,,,,,,0.000,242.424,Device,Device,NVIDIA L40S (0),1,,7,[CUDA memcpy Device-to-Device]
988301390,1824,486,2,1,1,128,1,1,45,0.000,0.002,,,,,NVIDIA L40S (0),1,,7,"pcg_cuda::<unnamed>::hash_kernel_chacha8(const pcg_cuda::DpfBlk *, pcg_cuda::DpfBlk *, pcg_cuda::DpfBlk *, int, int, int, unsigned long, unsigned long)"
988304110,864,488,,,,,,,,,,0.000,296.296,Device,Pageable,NVIDIA L40S (0),1,,7,[CUDA memcpy Device-to-Host]
988312430,416,489,,,,,,,,,,0.000,615.385,Pageable,Device,NVIDIA L40S (0),1,,7,[CUDA memcpy Host-to-Device]
988315054,1536,490,2,1,1,128,1,1,48,0.000,0.000,,,,,NVIDIA L40S (0),1,,7,"pcg_cuda::<unnamed>::expand_kernel(const pcg_cuda::DpfBlk *, const pcg_cuda::DpfBlk *, const pcg_cuda::DpfBlk *, const pcg_cuda::DpfBlk *, pcg_cuda::DpfBlk *, int, int, int, int, unsigned long, unsigned long)"
988318894,1024,492,,,,,,,,,,0.000,250.000,Device,Device,NVIDIA L40S (0),1,,7,[CUDA memcpy Device-to-Device]
988321742,2336,493,4,1,1,128,1,1,45,0.000,0.002,,,,,NVIDIA L40S (0),1,,7,"pcg_cuda::<unnamed>::hash_kernel_chacha8(const pcg_cuda::DpfBlk *, pcg_cuda::DpfBlk *, pcg_cuda::DpfBlk *, int, int, int, unsigned long, unsigned long)"
988331630,896,495,,,,,,,,,,0.000,285.714,Device,Pageable,NVIDIA L40S (0),1,,7,[CUDA memcpy Device-to-Host]
988340110,384,496,,,,,,,,,,0.000,666.666,Pageable,Device,NVIDIA L40S (0),1,,7,[CUDA memcpy Host-to-Device]
988342382,1600,497,4,1,1,128,1,1,48,0.000,0.000,,,,,NVIDIA L40S (0),1,,7,"pcg_cuda::<unnamed>::expand_kernel(const pcg_cuda::DpfBlk *, const pcg_cuda::DpfBlk *, const pcg_cuda::DpfBlk *, const pcg_cuda::DpfBlk *, pcg_cuda::DpfBlk *, int, int, int, int, unsigned long, unsigned long)"
988346030,1056,499,,,,,,,,,,0.000,242.424,Device,Device,NVIDIA L40S (0),1,,7,[CUDA memcpy Device-to-Device]
988348910,2720,500,8,1,1,128,1,1,45,0.000,0.002,,,,,NVIDIA L40S (0),1,,7,"pcg_cuda::<unnamed>::hash_kernel_chacha8(const pcg_cuda::DpfBlk *, pcg_cuda::DpfBlk *, pcg_cuda::DpfBlk *, int, int, int, unsigned long, unsigned long)"
988359278,896,502,,,,,,,,,,0.000,285.714,Device,Pageable,NVIDIA L40S (0),1,,7,[CUDA memcpy Device-to-Host]
988367662,384,503,,,,,,,,,,0.000,666.666,Pageable,Device,NVIDIA L40S (0),1,,7,[CUDA memcpy Host-to-Device]
988369806,1568,504,8,1,1,128,1,1,48,0.000,0.000,,,,,NVIDIA L40S (0),1,,7,"pcg_cuda::<unnamed>::expand_kernel(const pcg_cuda::DpfBlk *, const pcg_cuda::DpfBlk *, const pcg_cuda::DpfBlk *, const pcg_cuda::DpfBlk *, pcg_cuda::DpfBlk *, int, int, int, int, unsigned long, unsigned long)"
988373774,1024,506,,,,,,,,,,0.000,250.000,Device,Device,NVIDIA L40S (0),1,,7,[CUDA memcpy Device-to-Device]
988375758,2016,507,16,1,1,128,1,1,45,0.000,0.002,,,,,NVIDIA L40S (0),1,,7,"pcg_cuda::<unnamed>::hash_kernel_chacha8(const pcg_cuda::DpfBlk *, pcg_cuda::DpfBlk *, pcg_cuda::DpfBlk *, int, int, int, unsigned long, unsigned long)"
988378446,896,509,,,,,,,,,,0.000,285.714,Device,Pageable,NVIDIA L40S (0),1,,7,[CUDA memcpy Device-to-Host]
988386638,384,510,,,,,,,,,,0.000,666.666,Pageable,Device,NVIDIA L40S (0),1,,7,[CUDA memcpy Host-to-Device]
988389550,1600,511,16,1,1,128,1,1,48,0.000,0.000,,,,,NVIDIA L40S (0),1,,7,"pcg_cuda::<unnamed>::expand_kernel(const pcg_cuda::DpfBlk *, const pcg_cuda::DpfBlk *, const pcg_cuda::DpfBlk *, const pcg_cuda::DpfBlk *, pcg_cuda::DpfBlk *, int, int, int, int, unsigned long, unsigned long)"
988393038,1024,513,,,,,,,,,,0.000,250.000,Device,Device,NVIDIA L40S (0),1,,7,[CUDA memcpy Device-to-Device]
988395022,1984,514,32,1,1,128,1,1,45,0.000,0.002,,,,,NVIDIA L40S (0),1,,7,"pcg_cuda::<unnamed>::hash_kernel_chacha8(const pcg_cuda::DpfBlk *, pcg_cuda::DpfBlk *, pcg_cuda::DpfBlk *, int, int, int, unsigned long, unsigned long)"
988397678,864,516,,,,,,,,,,0.000,296.296,Device,Pageable,NVIDIA L40S (0),1,,7,[CUDA memcpy Device-to-Host]
988405902,384,517,,,,,,,,,,0.000,666.666,Pageable,Device,NVIDIA L40S (0),1,,7,[CUDA memcpy Host-to-Device]
988408174,1600,518,32,1,1,128,1,1,48,0.000,0.000,,,,,NVIDIA L40S (0),1,,7,"pcg_cuda::<unnamed>::expand_kernel(const pcg_cuda::DpfBlk *, const pcg_cuda::DpfBlk *, const pcg_cuda::DpfBlk *, const pcg_cuda::DpfBlk *, pcg_cuda::DpfBlk *, int, int, int, int, unsigned long, unsigned long)"
988412558,1056,520,,,,,,,,,,0.000,242.424,Device,Device,NVIDIA L40S (0),1,,7,[CUDA memcpy Device-to-Device]
988414734,2016,521,64,1,1,128,1,1,45,0.000,0.002,,,,,NVIDIA L40S (0),1,,7,"pcg_cuda::<unnamed>::hash_kernel_chacha8(const pcg_cuda::DpfBlk *, pcg_cuda::DpfBlk *, pcg_cuda::DpfBlk *, int, int, int, unsigned long, unsigned long)"
988417134,864,523,,,,,,,,,,0.000,296.296,Device,Pageable,NVIDIA L40S (0),1,,7,[CUDA memcpy Device-to-Host]
988424974,384,524,,,,,,,,,,0.000,666.666,Pageable,Device,NVIDIA L40S (0),1,,7,[CUDA memcpy Host-to-Device]
988427150,1600,525,64,1,1,128,1,1,48,0.000,0.000,,,,,NVIDIA L40S (0),1,,7,"pcg_cuda::<unnamed>::expand_kernel(const pcg_cuda::DpfBlk *, const pcg_cuda::DpfBlk *, const pcg_cuda::DpfBlk *, const pcg_cuda::DpfBlk *, pcg_cuda::DpfBlk *, int, int, int, int, unsigned long, unsigned long)"
988431118,1056,527,,,,,,,,,,0.000,242.424,Device,Device,NVIDIA L40S (0),1,,7,[CUDA memcpy Device-to-Device]
988434318,2112,528,128,1,1,128,1,1,45,0.000,0.002,,,,,NVIDIA L40S (0),1,,7,"pcg_cuda::<unnamed>::hash_kernel_chacha8(const pcg_cuda::DpfBlk *, pcg_cuda::DpfBlk *, pcg_cuda::DpfBlk *, int, int, int, unsigned long, unsigned long)"
988444270,992,530,,,,,,,,,,0.000,258.064,Device,Pageable,NVIDIA L40S (0),1,,7,[CUDA memcpy Device-to-Host]
988452846,384,531,,,,,,,,,,0.000,666.666,Pageable,Device,NVIDIA L40S (0),1,,7,[CUDA memcpy Host-to-Device]
988454958,1792,532,128,1,1,128,1,1,48,0.000,0.000,,,,,NVIDIA L40S (0),1,,7,"pcg_cuda::<unnamed>::expand_kernel(const pcg_cuda::DpfBlk *, const pcg_cuda::DpfBlk *, const pcg_cuda::DpfBlk *, const pcg_cuda::DpfBlk *, pcg_cuda::DpfBlk *, int, int, int, int, unsigned long, unsigned long)"
988458862,1056,534,,,,,,,,,,0.000,242.424,Device,Device,NVIDIA L40S (0),1,,7,[CUDA memcpy Device-to-Device]
988461646,2496,535,256,1,1,128,1,1,45,0.000,0.002,,,,,NVIDIA L40S (0),1,,7,"pcg_cuda::<unnamed>::hash_kernel_chacha8(const pcg_cuda::DpfBlk *, pcg_cuda::DpfBlk *, pcg_cuda::DpfBlk *, int, int, int, unsigned long, unsigned long)"
988471918,896,537,,,,,,,,,,0.000,285.714,Device,Pageable,NVIDIA L40S (0),1,,7,[CUDA memcpy Device-to-Host]
988480206,384,538,,,,,,,,,,0.000,666.666,Pageable,Device,NVIDIA L40S (0),1,,7,[CUDA memcpy Host-to-Device]
988482350,2432,539,256,1,1,128,1,1,48,0.000,0.000,,,,,NVIDIA L40S (0),1,,7,"pcg_cuda::<unnamed>::expand_kernel(const pcg_cuda::DpfBlk *, const pcg_cuda::DpfBlk *, const pcg_cuda::DpfBlk *, const pcg_cuda::DpfBlk *, pcg_cuda::DpfBlk *, int, int, int, int, unsigned long, unsigned long)"
988486222,1024,541,,,,,,,,,,0.000,250.000,Device,Device,NVIDIA L40S (0),1,,7,[CUDA memcpy Device-to-Device]
988488270,3104,542,512,1,1,128,1,1,45,0.000,0.002,,,,,NVIDIA L40S (0),1,,7,"pcg_cuda::<unnamed>::hash_kernel_chacha8(const pcg_cuda::DpfBlk *, pcg_cuda::DpfBlk *, pcg_cuda::DpfBlk *, int, int, int, unsigned long, unsigned long)"
988499566,896,544,,,,,,,,,,0.000,285.714,Device,Pageable,NVIDIA L40S (0),1,,7,[CUDA memcpy Device-to-Host]
988507790,384,545,,,,,,,,,,0.000,666.666,Pageable,Device,NVIDIA L40S (0),1,,7,[CUDA memcpy Host-to-Device]
988510734,3296,546,512,1,1,128,1,1,48,0.000,0.000,,,,,NVIDIA L40S (0),1,,7,"pcg_cuda::<unnamed>::expand_kernel(const pcg_cuda::DpfBlk *, const pcg_cuda::DpfBlk *, const pcg_cuda::DpfBlk *, const pcg_cuda::DpfBlk *, pcg_cuda::DpfBlk *, int, int, int, int, unsigned long, unsigned long)"
988514798,1056,548,,,,,,,,,,0.000,242.424,Device,Device,NVIDIA L40S (0),1,,7,[CUDA memcpy Device-to-Device]
988516654,4832,549,1024,1,1,128,1,1,45,0.000,0.002,,,,,NVIDIA L40S (0),1,,7,"pcg_cuda::<unnamed>::hash_kernel_chacha8(const pcg_cuda::DpfBlk *, pcg_cuda::DpfBlk *, pcg_cuda::DpfBlk *, int, int, int, unsigned long, unsigned long)"
988527214,864,551,,,,,,,,,,0.000,296.296,Device,Pageable,NVIDIA L40S (0),1,,7,[CUDA memcpy Device-to-Host]
988537230,384,552,,,,,,,,,,0.000,666.666,Pageable,Device,NVIDIA L40S (0),1,,7,[CUDA memcpy Host-to-Device]
988539246,6752,553,1024,1,1,128,1,1,48,0.000,0.000,,,,,NVIDIA L40S (0),1,,7,"pcg_cuda::<unnamed>::expand_kernel(const pcg_cuda::DpfBlk *, const pcg_cuda::DpfBlk *, const pcg_cuda::DpfBlk *, const pcg_cuda::DpfBlk *, pcg_cuda::DpfBlk *, int, int, int, int, unsigned long, unsigned long)"
988546670,1056,555,,,,,,,,,,0.000,242.424,Device,Device,NVIDIA L40S (0),1,,7,[CUDA memcpy Device-to-Device]
988548398,7584,556,2048,1,1,128,1,1,45,0.000,0.002,,,,,NVIDIA L40S (0),1,,7,"pcg_cuda::<unnamed>::hash_kernel_chacha8(const pcg_cuda::DpfBlk *, pcg_cuda::DpfBlk *, pcg_cuda::DpfBlk *, int, int, int, unsigned long, unsigned long)"
988556910,864,558,,,,,,,,,,0.000,296.296,Device,Pageable,NVIDIA L40S (0),1,,7,[CUDA memcpy Device-to-Host]
988565134,384,559,,,,,,,,,,0.000,666.666,Pageable,Device,NVIDIA L40S (0),1,,7,[CUDA memcpy Host-to-Device]
988567438,11520,560,2048,1,1,128,1,1,48,0.000,0.000,,,,,NVIDIA L40S (0),1,,7,"pcg_cuda::<unnamed>::expand_kernel(const pcg_cuda::DpfBlk *, const pcg_cuda::DpfBlk *, const pcg_cuda::DpfBlk *, const pcg_cuda::DpfBlk *, pcg_cuda::DpfBlk *, int, int, int, int, unsigned long, unsigned long)"
988579694,1056,562,,,,,,,,,,0.000,242.424,Device,Device,NVIDIA L40S (0),1,,7,[CUDA memcpy Device-to-Device]
988581454,13568,563,4096,1,1,128,1,1,45,0.000,0.002,,,,,NVIDIA L40S (0),1,,7,"pcg_cuda::<unnamed>::hash_kernel_chacha8(const pcg_cuda::DpfBlk *, pcg_cuda::DpfBlk *, pcg_cuda::DpfBlk *, int, int, int, unsigned long, unsigned long)"
988600622,1056,565,,,,,,,,,,0.000,242.424,Device,Pageable,NVIDIA L40S (0),1,,7,[CUDA memcpy Device-to-Host]
988609038,416,566,,,,,,,,,,0.000,615.385,Pageable,Device,NVIDIA L40S (0),1,,7,[CUDA memcpy Host-to-Device]
988611374,21728,567,4096,1,1,128,1,1,48,0.000,0.000,,,,,NVIDIA L40S (0),1,,7,"pcg_cuda::<unnamed>::expand_kernel(const pcg_cuda::DpfBlk *, const pcg_cuda::DpfBlk *, const pcg_cuda::DpfBlk *, const pcg_cuda::DpfBlk *, pcg_cuda::DpfBlk *, int, int, int, int, unsigned long, unsigned long)"
988633870,1056,569,,,,,,,,,,0.000,242.424,Device,Device,NVIDIA L40S (0),1,,7,[CUDA memcpy Device-to-Device]
988635598,25120,570,8192,1,1,128,1,1,45,0.000,0.002,,,,,NVIDIA L40S (0),1,,7,"pcg_cuda::<unnamed>::hash_kernel_chacha8(const pcg_cuda::DpfBlk *, pcg_cuda::DpfBlk *, pcg_cuda::DpfBlk *, int, int, int, unsigned long, unsigned long)"
988661806,864,572,,,,,,,,,,0.000,296.296,Device,Pageable,NVIDIA L40S (0),1,,7,[CUDA memcpy Device-to-Host]
988670126,384,573,,,,,,,,,,0.000,666.666,Pageable,Device,NVIDIA L40S (0),1,,7,[CUDA memcpy Host-to-Device]
988672174,42976,574,8192,1,1,128,1,1,48,0.000,0.000,,,,,NVIDIA L40S (0),1,,7,"pcg_cuda::<unnamed>::expand_kernel(const pcg_cuda::DpfBlk *, const pcg_cuda::DpfBlk *, const pcg_cuda::DpfBlk *, const pcg_cuda::DpfBlk *, pcg_cuda::DpfBlk *, int, int, int, int, unsigned long, unsigned long)"
988716206,1760,576,,,,,,,,,,0.000,145.454,Device,Device,NVIDIA L40S (0),1,,7,[CUDA memcpy Device-to-Device]
988718734,49792,577,16384,1,1,128,1,1,45,0.000,0.002,,,,,NVIDIA L40S (0),1,,7,"pcg_cuda::<unnamed>::hash_kernel_chacha8(const pcg_cuda::DpfBlk *, pcg_cuda::DpfBlk *, pcg_cuda::DpfBlk *, int, int, int, unsigned long, unsigned long)"
988772974,896,579,,,,,,,,,,0.000,285.714,Device,Pageable,NVIDIA L40S (0),1,,7,[CUDA memcpy Device-to-Host]
988781358,416,580,,,,,,,,,,0.000,615.385,Pageable,Device,NVIDIA L40S (0),1,,7,[CUDA memcpy Host-to-Device]
988784334,136576,581,16384,1,1,128,1,1,48,0.000,0.000,,,,,NVIDIA L40S (0),1,,7,"pcg_cuda::<unnamed>::expand_kernel(const pcg_cuda::DpfBlk *, const pcg_cuda::DpfBlk *, const pcg_cuda::DpfBlk *, const pcg_cuda::DpfBlk *, pcg_cuda::DpfBlk *, int, int, int, int, unsigned long, unsigned long)"
988921678,1536,583,,,,,,,,,,0.000,166.666,Device,Device,NVIDIA L40S (0),1,,7,[CUDA memcpy Device-to-Device]
988923886,198432,584,32768,1,1,128,1,1,45,0.000,0.002,,,,,NVIDIA L40S (0),1,,7,"pcg_cuda::<unnamed>::hash_kernel_chacha8(const pcg_cuda::DpfBlk *, pcg_cuda::DpfBlk *, pcg_cuda::DpfBlk *, int, int, int, unsigned long, unsigned long)"
989125230,896,586,,,,,,,,,,0.000,285.714,Device,Pageable,NVIDIA L40S (0),1,,7,[CUDA memcpy Device-to-Host]
989133550,416,587,,,,,,,,,,0.000,615.385,Pageable,Device,NVIDIA L40S (0),1,,7,[CUDA memcpy Host-to-Device]
989136558,381312,588,32768,1,1,128,1,1,48,0.000,0.000,,,,,NVIDIA L40S (0),1,,7,"pcg_cuda::<unnamed>::expand_kernel(const pcg_cuda::DpfBlk *, const pcg_cuda::DpfBlk *, const pcg_cuda::DpfBlk *, const pcg_cuda::DpfBlk *, pcg_cuda::DpfBlk *, int, int, int, int, unsigned long, unsigned long)"
989518574,1856,590,,,,,,,,,,0.000,137.931,Device,Device,NVIDIA L40S (0),1,,7,[CUDA memcpy Device-to-Device]
989521070,387616,591,65536,1,1,128,1,1,45,0.000,0.002,,,,,NVIDIA L40S (0),1,,7,"pcg_cuda::<unnamed>::hash_kernel_chacha8(const pcg_cuda::DpfBlk *, pcg_cuda::DpfBlk *, pcg_cuda::DpfBlk *, int, int, int, unsigned long, unsigned long)"
989915758,1024,593,,,,,,,,,,0.000,250.000,Device,Pageable,NVIDIA L40S (0),1,,7,[CUDA memcpy Device-to-Host]
989924430,416,594,,,,,,,,,,0.000,615.385,Pageable,Device,NVIDIA L40S (0),1,,7,[CUDA memcpy Host-to-Device]
989926478,795904,595,65536,1,1,128,1,1,48,0.000,0.000,,,,,NVIDIA L40S (0),1,,7,"pcg_cuda::<unnamed>::expand_kernel(const pcg_cuda::DpfBlk *, const pcg_cuda::DpfBlk *, const pcg_cuda::DpfBlk *, const pcg_cuda::DpfBlk *, pcg_cuda::DpfBlk *, int, int, int, int, unsigned long, unsigned long)"
990723087,2879,597,,,,,,,,,,0.000,88.920,Device,Device,NVIDIA L40S (0),1,,7,[CUDA memcpy Device-to-Device]
990726670,791169,598,131072,1,1,128,1,1,45,0.000,0.002,,,,,NVIDIA L40S (0),1,,7,"pcg_cuda::<unnamed>::hash_kernel_chacha8(const pcg_cuda::DpfBlk *, pcg_cuda::DpfBlk *, pcg_cuda::DpfBlk *, int, int, int, unsigned long, unsigned long)"
991523439,1184,600,,,,,,,,,,0.000,216.216,Device,Pageable,NVIDIA L40S (0),1,,7,[CUDA memcpy Device-to-Host]
991532143,383,601,,,,,,,,,,0.000,668.407,Pageable,Device,NVIDIA L40S (0),1,,7,[CUDA memcpy Host-to-Device]
991534095,1593408,602,131072,1,1,128,1,1,48,0.000,0.000,,,,,NVIDIA L40S (0),1,,7,"pcg_cuda::<unnamed>::expand_kernel(const pcg_cuda::DpfBlk *, const pcg_cuda::DpfBlk *, const pcg_cuda::DpfBlk *, const pcg_cuda::DpfBlk *, pcg_cuda::DpfBlk *, int, int, int, int, unsigned long, unsigned long)"
993128175,813440,604,1024,16,1,256,1,1,34,0.000,0.004,,,,,NVIDIA L40S (0),1,,7,"pcg_cuda::<unnamed>::out_sum_kernel(const pcg_cuda::DpfBlk *, unsigned long *, unsigned long, unsigned long, int)"
993942287,3552,606,16,1,1,256,1,1,22,0.000,0.004,,,,,NVIDIA L40S (0),1,,7,"pcg_cuda::<unnamed>::out_fold_kernel(const unsigned long *, unsigned long *, int, int, unsigned long)"
993949295,896,608,,,,,,,,,,0.000,285.714,Device,Pageable,NVIDIA L40S (0),1,,7,[CUDA memcpy Device-to-Host]
993958447,384,609,,,,,,,,,,0.000,333.333,Pageable,Device,NVIDIA L40S (0),1,,7,[CUDA memcpy Host-to-Device]
993962447,12352,610,,,,,,,,,,33.554,2716499.706,Device,,NVIDIA L40S (0),1,,7,[CUDA memset]
993975567,1128224,611,1024,16,1,256,1,1,38,0.000,0.000,,,,,NVIDIA L40S (0),1,,7,"pcg_cuda::<unnamed>::out_scatter_kernel(const pcg_cuda::DpfBlk *, const unsigned long *, unsigned long *, unsigned long, int, int, unsigned long, int)"
995104367,1596832,613,,,,,,,,,,33.554,21005.074,Device,Pageable,NVIDIA L40S (0),1,,7,[CUDA memcpy Device-to-Host]
996765743,2241,614,,,,,,,,,,0.000,114.235,Pageable,Device,NVIDIA L40S (0),1,,7,[CUDA memcpy Host-to-Device]
996774352,576,615,,,,,,,,,,0.005,9333.333,Pageable,Device,NVIDIA L40S (0),1,,7,[CUDA memcpy Host-to-Device]
996779632,1312,616,,,,,,,,,,0.000,195.122,Device,Device,NVIDIA L40S (0),1,,7,[CUDA memcpy Device-to-Device]
996784240,2016,617,1,1,1,128,1,1,45,0.000,0.002,,,,,NVIDIA L40S (0),1,,7,"pcg_cuda::<unnamed>::hash_kernel_chacha8(const pcg_cuda::DpfBlk *, pcg_cuda::DpfBlk *, pcg_cuda::DpfBlk *, int, int, int, unsigned long, unsigned long)"
996787024,1472,619,,,,,,,,,,0.000,173.913,Device,Pageable,NVIDIA L40S (0),1,,7,[CUDA memcpy Device-to-Host]
996796111,385,620,,,,,,,,,,0.000,664.935,Pageable,Device,NVIDIA L40S (0),1,,7,[CUDA memcpy Host-to-Device]
996798831,1665,621,1,1,1,128,1,1,48,0.000,0.000,,,,,NVIDIA L40S (0),1,,7,"pcg_cuda::<unnamed>::expand_kernel(const pcg_cuda::DpfBlk *, const pcg_cuda::DpfBlk *, const pcg_cuda::DpfBlk *, const pcg_cuda::DpfBlk *, pcg_cuda::DpfBlk *, int, int, int, int, unsigned long, unsigned long)"
996805552,1056,623,,,,,,,,,,0.000,242.424,Device,Device,NVIDIA L40S (0),1,,7,[CUDA memcpy Device-to-Device]
996808080,1568,624,1,1,1,128,1,1,45,0.000,0.002,,,,,NVIDIA L40S (0),1,,7,"pcg_cuda::<unnamed>::hash_kernel_chacha8(const pcg_cuda::DpfBlk *, pcg_cuda::DpfBlk *, pcg_cuda::DpfBlk *, int, int, int, unsigned long, unsigned long)"
996810608,896,626,,,,,,,,,,0.000,285.714,Device,Pageable,NVIDIA L40S (0),1,,7,[CUDA memcpy Device-to-Host]
996819024,384,627,,,,,,,,,,0.000,666.666,Pageable,Device,NVIDIA L40S (0),1,,7,[CUDA memcpy Host-to-Device]
996821488,1504,628,1,1,1,128,1,1,48,0.000,0.000,,,,,NVIDIA L40S (0),1,,7,"pcg_cuda::<unnamed>::expand_kernel(const pcg_cuda::DpfBlk *, const pcg_cuda::DpfBlk *, const pcg_cuda::DpfBlk *, const pcg_cuda::DpfBlk *, pcg_cuda::DpfBlk *, int, int, int, int, unsigned long, unsigned long)"
996825552,1024,630,,,,,,,,,,0.000,250.000,Device,Device,NVIDIA L40S (0),1,,7,[CUDA memcpy Device-to-Device]
996828560,1600,631,1,1,1,128,1,1,45,0.000,0.002,,,,,NVIDIA L40S (0),1,,7,"pcg_cuda::<unnamed>::hash_kernel_chacha8(const pcg_cuda::DpfBlk *, pcg_cuda::DpfBlk *, pcg_cuda::DpfBlk *, int, int, int, unsigned long, unsigned long)"
996830448,896,633,,,,,,,,,,0.000,285.714,Device,Pageable,NVIDIA L40S (0),1,,7,[CUDA memcpy Device-to-Host]
996838736,416,634,,,,,,,,,,0.000,615.385,Pageable,Device,NVIDIA L40S (0),1,,7,[CUDA memcpy Host-to-Device]
996840911,1505,635,1,1,1,128,1,1,48,0.000,0.000,,,,,NVIDIA L40S (0),1,,7,"pcg_cuda::<unnamed>::expand_kernel(const pcg_cuda::DpfBlk *, const pcg_cuda::DpfBlk *, const pcg_cuda::DpfBlk *, const pcg_cuda::DpfBlk *, pcg_cuda::DpfBlk *, int, int, int, int, unsigned long, unsigned long)"
996844592,1056,637,,,,,,,,,,0.000,242.424,Device,Device,NVIDIA L40S (0),1,,7,[CUDA memcpy Device-to-Device]
996846800,1632,638,1,1,1,128,1,1,45,0.000,0.002,,,,,NVIDIA L40S (0),1,,7,"pcg_cuda::<unnamed>::hash_kernel_chacha8(const pcg_cuda::DpfBlk *, pcg_cuda::DpfBlk *, pcg_cuda::DpfBlk *, int, int, int, unsigned long, unsigned long)"
996849200,928,640,,,,,,,,,,0.000,275.862,Device,Pageable,NVIDIA L40S (0),1,,7,[CUDA memcpy Device-to-Host]
996857615,385,641,,,,,,,,,,0.000,664.935,Pageable,Device,NVIDIA L40S (0),1,,7,[CUDA memcpy Host-to-Device]
996860304,1536,642,1,1,1,128,1,1,48,0.000,0.000,,,,,NVIDIA L40S (0),1,,7,"pcg_cuda::<unnamed>::expand_kernel(const pcg_cuda::DpfBlk *, const pcg_cuda::DpfBlk *, const pcg_cuda::DpfBlk *, const pcg_cuda::DpfBlk *, pcg_cuda::DpfBlk *, int, int, int, int, unsigned long, unsigned long)"
996863824,1024,644,,,,,,,,,,0.000,250.000,Device,Device,NVIDIA L40S (0),1,,7,[CUDA memcpy Device-to-Device]
996866032,1792,645,2,1,1,128,1,1,45,0.000,0.002,,,,,NVIDIA L40S (0),1,,7,"pcg_cuda::<unnamed>::hash_kernel_chacha8(const pcg_cuda::DpfBlk *, pcg_cuda::DpfBlk *, pcg_cuda::DpfBlk *, int, int, int, unsigned long, unsigned long)"
996868720,896,647,,,,,,,,,,0.000,285.714,Device,Pageable,NVIDIA L40S (0),1,,7,[CUDA memcpy Device-to-Host]
996876944,384,648,,,,,,,,,,0.000,666.666,Pageable,Device,NVIDIA L40S (0),1,,7,[CUDA memcpy Host-to-Device]
996879248,1568,649,2,1,1,128,1,1,48,0.000,0.000,,,,,NVIDIA L40S (0),1,,7,"pcg_cuda::<unnamed>::expand_kernel(const pcg_cuda::DpfBlk *, const pcg_cuda::DpfBlk *, const pcg_cuda::DpfBlk *, const pcg_cuda::DpfBlk *, pcg_cuda::DpfBlk *, int, int, int, int, unsigned long, unsigned long)"
996883568,1023,651,,,,,,,,,,0.000,250.244,Device,Device,NVIDIA L40S (0),1,,7,[CUDA memcpy Device-to-Device]
996885744,2336,652,4,1,1,128,1,1,45,0.000,0.002,,,,,NVIDIA L40S (0),1,,7,"pcg_cuda::<unnamed>::hash_kernel_chacha8(const pcg_cuda::DpfBlk *, pcg_cuda::DpfBlk *, pcg_cuda::DpfBlk *, int, int, int, unsigned long, unsigned long)"
996888336,864,654,,,,,,,,,,0.000,296.296,Device,Pageable,NVIDIA L40S (0),1,,7,[CUDA memcpy Device-to-Host]
996896720,384,655,,,,,,,,,,0.000,666.666,Pageable,Device,NVIDIA L40S (0),1,,7,[CUDA memcpy Host-to-Device]
996898736,1600,656,4,1,1,128,1,1,48,0.000,0.000,,,,,NVIDIA L40S (0),1,,7,"pcg_cuda::<unnamed>::expand_kernel(const pcg_cuda::DpfBlk *, const pcg_cuda::DpfBlk *, const pcg_cuda::DpfBlk *, const pcg_cuda::DpfBlk *, pcg_cuda::DpfBlk *, int, int, int, int, unsigned long, unsigned long)"
996902895,1057,658,,,,,,,,,,0.000,242.195,Device,Device,NVIDIA L40S (0),1,,7,[CUDA memcpy Device-to-Device]
996904912,2816,659,8,1,1,128,1,1,45,0.000,0.002,,,,,NVIDIA L40S (0),1,,7,"pcg_cuda::<unnamed>::hash_kernel_chacha8(const pcg_cuda::DpfBlk *, pcg_cuda::DpfBlk *, pcg_cuda::DpfBlk *, int, int, int, unsigned long, unsigned long)"
996915824,928,661,,,,,,,,,,0.000,275.862,Device,Pageable,NVIDIA L40S (0),1,,7,[CUDA memcpy Device-to-Host]
996924176,384,662,,,,,,,,,,0.000,666.666,Pageable,Device,NVIDIA L40S (0),1,,7,[CUDA memcpy Host-to-Device]
996926256,1600,663,8,1,1,128,1,1,48,0.000,0.000,,,,,NVIDIA L40S (0),1,,7,"pcg_cuda::<unnamed>::expand_kernel(const pcg_cuda::DpfBlk *, const pcg_cuda::DpfBlk *, const pcg_cuda::DpfBlk *, const pcg_cuda::DpfBlk *, pcg_cuda::DpfBlk *, int, int, int, int, unsigned long, unsigned long)"
996929968,1056,665,,,,,,,,,,0.000,242.424,Device,Device,NVIDIA L40S (0),1,,7,[CUDA memcpy Device-to-Device]
996932400,1984,666,16,1,1,128,1,1,45,0.000,0.002,,,,,NVIDIA L40S (0),1,,7,"pcg_cuda::<unnamed>::hash_kernel_chacha8(const pcg_cuda::DpfBlk *, pcg_cuda::DpfBlk *, pcg_cuda::DpfBlk *, int, int, int, unsigned long, unsigned long)"
996934832,864,668,,,,,,,,,,0.000,296.296,Device,Pageable,NVIDIA L40S (0),1,,7,[CUDA memcpy Device-to-Host]
996943216,384,669,,,,,,,,,,0.000,666.666,Pageable,Device,NVIDIA L40S (0),1,,7,[CUDA memcpy Host-to-Device]
996945360,1600,670,16,1,1,128,1,1,48,0.000,0.000,,,,,NVIDIA L40S (0),1,,7,"pcg_cuda::<unnamed>::expand_kernel(const pcg_cuda::DpfBlk *, const pcg_cuda::DpfBlk *, const pcg_cuda::DpfBlk *, const pcg_cuda::DpfBlk *, pcg_cuda::DpfBlk *, int, int, int, int, unsigned long, unsigned long)"
996948912,1056,672,,,,,,,,,,0.000,242.424,Device,Device,NVIDIA L40S (0),1,,7,[CUDA memcpy Device-to-Device]
996951248,1984,673,32,1,1,128,1,1,45,0.000,0.002,,,,,NVIDIA L40S (0),1,,7,"pcg_cuda::<unnamed>::hash_kernel_chacha8(const pcg_cuda::DpfBlk *, pcg_cuda::DpfBlk *, pcg_cuda::DpfBlk *, int, int, int, unsigned long, unsigned long)"
996953616,896,675,,,,,,,,,,0.000,285.714,Device,Pageable,NVIDIA L40S (0),1,,7,[CUDA memcpy Device-to-Host]
996961808,384,676,,,,,,,,,,0.000,666.666,Pageable,Device,NVIDIA L40S (0),1,,7,[CUDA memcpy Host-to-Device]
996964688,1600,677,32,1,1,128,1,1,48,0.000,0.000,,,,,NVIDIA L40S (0),1,,7,"pcg_cuda::<unnamed>::expand_kernel(const pcg_cuda::DpfBlk *, const pcg_cuda::DpfBlk *, const pcg_cuda::DpfBlk *, const pcg_cuda::DpfBlk *, pcg_cuda::DpfBlk *, int, int, int, int, unsigned long, unsigned long)"
996968080,1056,679,,,,,,,,,,0.000,242.424,Device,Device,NVIDIA L40S (0),1,,7,[CUDA memcpy Device-to-Device]
996970544,2047,680,64,1,1,128,1,1,45,0.000,0.002,,,,,NVIDIA L40S (0),1,,7,"pcg_cuda::<unnamed>::hash_kernel_chacha8(const pcg_cuda::DpfBlk *, pcg_cuda::DpfBlk *, pcg_cuda::DpfBlk *, int, int, int, unsigned long, unsigned long)"
996973200,864,682,,,,,,,,,,0.000,296.296,Device,Pageable,NVIDIA L40S (0),1,,7,[CUDA memcpy Device-to-Host]
996981423,385,683,,,,,,,,,,0.000,664.935,Pageable,Device,NVIDIA L40S (0),1,,7,[CUDA memcpy Host-to-Device]
996984464,1632,684,64,1,1,128,1,1,48,0.000,0.000,,,,,NVIDIA L40S (0),1,,7,"pcg_cuda::<unnamed>::expand_kernel(const pcg_cuda::DpfBlk *, const pcg_cuda::DpfBlk *, const pcg_cuda::DpfBlk *, const pcg_cuda::DpfBlk *, pcg_cuda::DpfBlk *, int, int, int, int, unsigned long, unsigned long)"
996987696,1056,686,,,,,,,,,,0.000,242.424,Device,Device,NVIDIA L40S (0),1,,7,[CUDA memcpy Device-to-Device]
996989872,2112,687,128,1,1,128,1,1,45,0.000,0.002,,,,,NVIDIA L40S (0),1,,7,"pcg_cuda::<unnamed>::hash_kernel_chacha8(const pcg_cuda::DpfBlk *, pcg_cuda::DpfBlk *, pcg_cuda::DpfBlk *, int, int, int, unsigned long, unsigned long)"
996992304,896,689,,,,,,,,,,0.000,285.714,Device,Pageable,NVIDIA L40S (0),1,,7,[CUDA memcpy Device-to-Host]
997000624,384,690,,,,,,,,,,0.000,666.666,Pageable,Device,NVIDIA L40S (0),1,,7,[CUDA memcpy Host-to-Device]
997004336,1792,691,128,1,1,128,1,1,48,0.000,0.000,,,,,NVIDIA L40S (0),1,,7,"pcg_cuda::<unnamed>::expand_kernel(const pcg_cuda::DpfBlk *, const pcg_cuda::DpfBlk *, const pcg_cuda::DpfBlk *, const pcg_cuda::DpfBlk *, pcg_cuda::DpfBlk *, int, int, int, int, unsigned long, unsigned long)"
997008272,1024,693,,,,,,,,,,0.000,250.000,Device,Device,NVIDIA L40S (0),1,,7,[CUDA memcpy Device-to-Device]
997010416,2496,694,256,1,1,128,1,1,45,0.000,0.002,,,,,NVIDIA L40S (0),1,,7,"pcg_cuda::<unnamed>::hash_kernel_chacha8(const pcg_cuda::DpfBlk *, pcg_cuda::DpfBlk *, pcg_cuda::DpfBlk *, int, int, int, unsigned long, unsigned long)"
997013200,896,696,,,,,,,,,,0.000,285.714,Device,Pageable,NVIDIA L40S (0),1,,7,[CUDA memcpy Device-to-Host]
997021296,384,697,,,,,,,,,,0.000,666.666,Pageable,Device,NVIDIA L40S (0),1,,7,[CUDA memcpy Host-to-Device]
997023376,2432,698,256,1,1,128,1,1,48,0.000,0.000,,,,,NVIDIA L40S (0),1,,7,"pcg_cuda::<unnamed>::expand_kernel(const pcg_cuda::DpfBlk *, const pcg_cuda::DpfBlk *, const pcg_cuda::DpfBlk *, const pcg_cuda::DpfBlk *, pcg_cuda::DpfBlk *, int, int, int, int, unsigned long, unsigned long)"
997027024,1024,700,,,,,,,,,,0.000,250.000,Device,Device,NVIDIA L40S (0),1,,7,[CUDA memcpy Device-to-Device]
997030096,3104,701,512,1,1,128,1,1,45,0.000,0.002,,,,,NVIDIA L40S (0),1,,7,"pcg_cuda::<unnamed>::hash_kernel_chacha8(const pcg_cuda::DpfBlk *, pcg_cuda::DpfBlk *, pcg_cuda::DpfBlk *, int, int, int, unsigned long, unsigned long)"
997040752,896,703,,,,,,,,,,0.000,285.714,Device,Pageable,NVIDIA L40S (0),1,,7,[CUDA memcpy Device-to-Host]
997049200,416,704,,,,,,,,,,0.000,615.385,Pageable,Device,NVIDIA L40S (0),1,,7,[CUDA memcpy Host-to-Device]
997051152,3328,705,512,1,1,128,1,1,48,0.000,0.000,,,,,NVIDIA L40S (0),1,,7,"pcg_cuda::<unnamed>::expand_kernel(const pcg_cuda::DpfBlk *, const pcg_cuda::DpfBlk *, const pcg_cuda::DpfBlk *, const pcg_cuda::DpfBlk *, pcg_cuda::DpfBlk *, int, int, int, int, unsigned long, unsigned long)"
997055216,1024,707,,,,,,,,,,0.000,250.000,Device,Device,NVIDIA L40S (0),1,,7,[CUDA memcpy Device-to-Device]
997056976,4992,708,1024,1,1,128,1,1,45,0.000,0.002,,,,,NVIDIA L40S (0),1,,7,"pcg_cuda::<unnamed>::hash_kernel_chacha8(const pcg_cuda::DpfBlk *, pcg_cuda::DpfBlk *, pcg_cuda::DpfBlk *, int, int, int, unsigned long, unsigned long)"
997068400,896,710,,,,,,,,,,0.000,285.714,Device,Pageable,NVIDIA L40S (0),1,,7,[CUDA memcpy Device-to-Host]
997077488,384,711,,,,,,,,,,0.000,666.666,Pageable,Device,NVIDIA L40S (0),1,,7,[CUDA memcpy Host-to-Device]
997079728,6624,712,1024,1,1,128,1,1,48,0.000,0.000,,,,,NVIDIA L40S (0),1,,7,"pcg_cuda::<unnamed>::expand_kernel(const pcg_cuda::DpfBlk *, const pcg_cuda::DpfBlk *, const pcg_cuda::DpfBlk *, const pcg_cuda::DpfBlk *, pcg_cuda::DpfBlk *, int, int, int, int, unsigned long, unsigned long)"
997086992,1056,714,,,,,,,,,,0.000,242.424,Device,Device,NVIDIA L40S (0),1,,7,[CUDA memcpy Device-to-Device]
997088720,7872,715,2048,1,1,128,1,1,45,0.000,0.002,,,,,NVIDIA L40S (0),1,,7,"pcg_cuda::<unnamed>::hash_kernel_chacha8(const pcg_cuda::DpfBlk *, pcg_cuda::DpfBlk *, pcg_cuda::DpfBlk *, int, int, int, unsigned long, unsigned long)"
997097264,896,717,,,,,,,,,,0.000,285.714,Device,Pageable,NVIDIA L40S (0),1,,7,[CUDA memcpy Device-to-Host]
997105520,384,718,,,,,,,,,,0.000,666.666,Pageable,Device,NVIDIA L40S (0),1,,7,[CUDA memcpy Host-to-Device]
997108496,11328,719,2048,1,1,128,1,1,48,0.000,0.000,,,,,NVIDIA L40S (0),1,,7,"pcg_cuda::<unnamed>::expand_kernel(const pcg_cuda::DpfBlk *, const pcg_cuda::DpfBlk *, const pcg_cuda::DpfBlk *, const pcg_cuda::DpfBlk *, pcg_cuda::DpfBlk *, int, int, int, int, unsigned long, unsigned long)"
997120496,1056,721,,,,,,,,,,0.000,242.424,Device,Device,NVIDIA L40S (0),1,,7,[CUDA memcpy Device-to-Device]
997122288,13440,722,4096,1,1,128,1,1,45,0.000,0.002,,,,,NVIDIA L40S (0),1,,7,"pcg_cuda::<unnamed>::hash_kernel_chacha8(const pcg_cuda::DpfBlk *, pcg_cuda::DpfBlk *, pcg_cuda::DpfBlk *, int, int, int, unsigned long, unsigned long)"
997141104,896,724,,,,,,,,,,0.000,285.714,Device,Pageable,NVIDIA L40S (0),1,,7,[CUDA memcpy Device-to-Host]
997149552,384,725,,,,,,,,,,0.000,666.666,Pageable,Device,NVIDIA L40S (0),1,,7,[CUDA memcpy Host-to-Device]
997151792,22304,726,4096,1,1,128,1,1,48,0.000,0.000,,,,,NVIDIA L40S (0),1,,7,"pcg_cuda::<unnamed>::expand_kernel(const pcg_cuda::DpfBlk *, const pcg_cuda::DpfBlk *, const pcg_cuda::DpfBlk *, const pcg_cuda::DpfBlk *, pcg_cuda::DpfBlk *, int, int, int, int, unsigned long, unsigned long)"
997174800,1056,728,,,,,,,,,,0.000,242.424,Device,Device,NVIDIA L40S (0),1,,7,[CUDA memcpy Device-to-Device]
997176496,25184,729,8192,1,1,128,1,1,45,0.000,0.002,,,,,NVIDIA L40S (0),1,,7,"pcg_cuda::<unnamed>::hash_kernel_chacha8(const pcg_cuda::DpfBlk *, pcg_cuda::DpfBlk *, pcg_cuda::DpfBlk *, int, int, int, unsigned long, unsigned long)"
997202992,928,731,,,,,,,,,,0.000,275.862,Device,Pageable,NVIDIA L40S (0),1,,7,[CUDA memcpy Device-to-Host]
997211472,416,732,,,,,,,,,,0.000,615.385,Pageable,Device,NVIDIA L40S (0),1,,7,[CUDA memcpy Host-to-Device]
997213520,43360,733,8192,1,1,128,1,1,48,0.000,0.000,,,,,NVIDIA L40S (0),1,,7,"pcg_cuda::<unnamed>::expand_kernel(const pcg_cuda::DpfBlk *, const pcg_cuda::DpfBlk *, const pcg_cuda::DpfBlk *, const pcg_cuda::DpfBlk *, pcg_cuda::DpfBlk *, int, int, int, int, unsigned long, unsigned long)"
997257680,1728,735,,,,,,,,,,0.000,148.148,Device,Device,NVIDIA L40S (0),1,,7,[CUDA memcpy Device-to-Device]
997260176,50592,736,16384,1,1,128,1,1,45,0.000,0.002,,,,,NVIDIA L40S (0),1,,7,"pcg_cuda::<unnamed>::hash_kernel_chacha8(const pcg_cuda::DpfBlk *, pcg_cuda::DpfBlk *, pcg_cuda::DpfBlk *, int, int, int, unsigned long, unsigned long)"
997314160,896,738,,,,,,,,,,0.000,285.714,Device,Pageable,NVIDIA L40S (0),1,,7,[CUDA memcpy Device-to-Host]
997322448,416,739,,,,,,,,,,0.000,615.385,Pageable,Device,NVIDIA L40S (0),1,,7,[CUDA memcpy Host-to-Device]
997324496,135456,740,16384,1,1,128,1,1,48,0.000,0.000,,,,,NVIDIA L40S (0),1,,7,"pcg_cuda::<unnamed>::expand_kernel(const pcg_cuda::DpfBlk *, const pcg_cuda::DpfBlk *, const pcg_cuda::DpfBlk *, const pcg_cuda::DpfBlk *, pcg_cuda::DpfBlk *, int, int, int, int, unsigned long, unsigned long)"
997460688,1920,742,,,,,,,,,,0.000,133.333,Device,Device,NVIDIA L40S (0),1,,7,[CUDA memcpy Device-to-Device]
997463344,199648,743,32768,1,1,128,1,1,45,0.000,0.002,,,,,NVIDIA L40S (0),1,,7,"pcg_cuda::<unnamed>::hash_kernel_chacha8(const pcg_cuda::DpfBlk *, pcg_cuda::DpfBlk *, pcg_cuda::DpfBlk *, int, int, int, unsigned long, unsigned long)"
997665392,896,745,,,,,,,,,,0.000,285.714,Device,Pageable,NVIDIA L40S (0),1,,7,[CUDA memcpy Device-to-Host]
997674224,384,746,,,,,,,,,,0.000,666.666,Pageable,Device,NVIDIA L40S (0),1,,7,[CUDA memcpy Host-to-Device]
997676304,383264,747,32768,1,1,128,1,1,48,0.000,0.000,,,,,NVIDIA L40S (0),1,,7,"pcg_cuda::<unnamed>::expand_kernel(const pcg_cuda::DpfBlk *, const pcg_cuda::DpfBlk *, const pcg_cuda::DpfBlk *, const pcg_cuda::DpfBlk *, pcg_cuda::DpfBlk *, int, int, int, int, unsigned long, unsigned long)"
998060240,2464,749,,,,,,,,,,0.000,103.896,Device,Device,NVIDIA L40S (0),1,,7,[CUDA memcpy Device-to-Device]
998063376,385088,750,65536,1,1,128,1,1,45,0.000,0.002,,,,,NVIDIA L40S (0),1,,7,"pcg_cuda::<unnamed>::hash_kernel_chacha8(const pcg_cuda::DpfBlk *, pcg_cuda::DpfBlk *, pcg_cuda::DpfBlk *, int, int, int, unsigned long, unsigned long)"
998453872,1024,752,,,,,,,,,,0.000,250.000,Device,Pageable,NVIDIA L40S (0),1,,7,[CUDA memcpy Device-to-Host]
998462256,416,753,,,,,,,,,,0.000,615.385,Pageable,Device,NVIDIA L40S (0),1,,7,[CUDA memcpy Host-to-Device]
998464912,805088,754,65536,1,1,128,1,1,48,0.000,0.000,,,,,NVIDIA L40S (0),1,,7,"pcg_cuda::<unnamed>::expand_kernel(const pcg_cuda::DpfBlk *, const pcg_cuda::DpfBlk *, const pcg_cuda::DpfBlk *, const pcg_cuda::DpfBlk *, pcg_cuda::DpfBlk *, int, int, int, int, unsigned long, unsigned long)"
999270640,2688,756,,,,,,,,,,0.000,95.238,Device,Device,NVIDIA L40S (0),1,,7,[CUDA memcpy Device-to-Device]
999274096,788640,757,131072,1,1,128,1,1,45,0.000,0.002,,,,,NVIDIA L40S (0),1,,7,"pcg_cuda::<unnamed>::hash_kernel_chacha8(const pcg_cuda::DpfBlk *, pcg_cuda::DpfBlk *, pcg_cuda::DpfBlk *, int, int, int, unsigned long, unsigned long)"
1000068720,1024,759,,,,,,,,,,0.000,250.000,Device,Pageable,NVIDIA L40S (0),1,,7,[CUDA memcpy Device-to-Host]
1000078992,384,760,,,,,,,,,,0.000,666.666,Pageable,Device,NVIDIA L40S (0),1,,7,[CUDA memcpy Host-to-Device]
1000080688,1590913,761,131072,1,1,128,1,1,48,0.000,0.000,,,,,NVIDIA L40S (0),1,,7,"pcg_cuda::<unnamed>::expand_kernel(const pcg_cuda::DpfBlk *, const pcg_cuda::DpfBlk *, const pcg_cuda::DpfBlk *, const pcg_cuda::DpfBlk *, pcg_cuda::DpfBlk *, int, int, int, int, unsigned long, unsigned long)"
1001672305,814720,763,1024,16,1,256,1,1,34,0.000,0.004,,,,,NVIDIA L40S (0),1,,7,"pcg_cuda::<unnamed>::out_sum_kernel(const pcg_cuda::DpfBlk *, unsigned long *, unsigned long, unsigned long, int)"
1002487761,3456,765,16,1,1,256,1,1,22,0.000,0.004,,,,,NVIDIA L40S (0),1,,7,"pcg_cuda::<unnamed>::out_fold_kernel(const unsigned long *, unsigned long *, int, int, unsigned long)"
1002493553,896,767,,,,,,,,,,0.000,285.714,Device,Pageable,NVIDIA L40S (0),1,,7,[CUDA memcpy Device-to-Host]
1002502417,384,768,,,,,,,,,,0.000,333.333,Pageable,Device,NVIDIA L40S (0),1,,7,[CUDA memcpy Host-to-Device]
1002505681,12224,769,,,,,,,,,,33.554,2744953.864,Device,,NVIDIA L40S (0),1,,7,[CUDA memset]
1002518577,1127072,770,1024,16,1,256,1,1,38,0.000,0.000,,,,,NVIDIA L40S (0),1,,7,"pcg_cuda::<unnamed>::out_scatter_kernel(const pcg_cuda::DpfBlk *, const unsigned long *, unsigned long *, unsigned long, int, int, unsigned long, int)"
1003647601,1593025,772,,,,,,,,,,33.554,21038.629,Device,Pageable,NVIDIA L40S (0),1,,7,[CUDA memcpy Device-to-Host]
1005303857,2305,773,,,,,,,,,,0.000,111.063,Pageable,Device,NVIDIA L40S (0),1,,7,[CUDA memcpy Host-to-Device]
1005312849,608,774,,,,,,,,,,0.005,8842.101,Pageable,Device,NVIDIA L40S (0),1,,7,[CUDA memcpy Host-to-Device]
1005317554,1247,775,,,,,,,,,,0.000,205.293,Device,Device,NVIDIA L40S (0),1,,7,[CUDA memcpy Device-to-Device]
1005321874,2015,776,1,1,1,128,1,1,45,0.000,0.002,,,,,NVIDIA L40S (0),1,,7,"pcg_cuda::<unnamed>::hash_kernel_chacha8(const pcg_cuda::DpfBlk *, pcg_cuda::DpfBlk *, pcg_cuda::DpfBlk *, int, int, int, unsigned long, unsigned long)"
1005324466,1440,778,,,,,,,,,,0.000,177.778,Device,Pageable,NVIDIA L40S (0),1,,7,[CUDA memcpy Device-to-Host]
1005333393,416,779,,,,,,,,,,0.000,615.385,Pageable,Device,NVIDIA L40S (0),1,,7,[CUDA memcpy Host-to-Device]
1005336465,1665,780,1,1,1,128,1,1,48,0.000,0.000,,,,,NVIDIA L40S (0),1,,7,"pcg_cuda::<unnamed>::expand_kernel(const pcg_cuda::DpfBlk *, const pcg_cuda::DpfBlk *, const pcg_cuda::DpfBlk *, const pcg_cuda::DpfBlk *, pcg_cuda::DpfBlk *, int, int, int, int, unsigned long, unsigned long)"
1005340850,1055,782,,,,,,,,,,0.000,242.654,Device,Device,NVIDIA L40S (0),1,,7,[CUDA memcpy Device-to-Device]
1005343121,1569,783,1,1,1,128,1,1,45,0.000,0.002,,,,,NVIDIA L40S (0),1,,7,"pcg_cuda::<unnamed>::hash_kernel_chacha8(const pcg_cuda::DpfBlk *, pcg_cuda::DpfBlk *, pcg_cuda::DpfBlk *, int, int, int, unsigned long, unsigned long)"
1005344945,897,785,,,,,,,,,,0.000,285.396,Device,Pageable,NVIDIA L40S (0),1,,7,[CUDA memcpy Device-to-Host]
1005353522,383,786,,,,,,,,,,0.000,668.407,Pageable,Device,NVIDIA L40S (0),1,,7,[CUDA memcpy Host-to-Device]
1005355889,1505,787,1,1,1,128,1,1,48,0.000,0.000,,,,,NVIDIA L40S (0),1,,7,"pcg_cuda::<unnamed>::expand_kernel(const pcg_cuda::DpfBlk *, const pcg_cuda::DpfBlk *, const pcg_cuda::DpfBlk *, const pcg_cuda::DpfBlk *, pcg_cuda::DpfBlk *, int, int, int, int, unsigned long, unsigned long)"
1005361041,1025,789,,,,,,,,,,0.000,249.756,Device,Device,NVIDIA L40S (0),1,,7,[CUDA memcpy Device-to-Device]
1005362801,1600,790,1,1,1,128,1,1,45,0.000,0.002,,,,,NVIDIA L40S (0),1,,7,"pcg_cuda::<unnamed>::hash_kernel_chacha8(const pcg_cuda::DpfBlk *, pcg_cuda::DpfBlk *, pcg_cuda::DpfBlk *, int, int, int, unsigned long, unsigned long)"
1005364721,896,792,,,,,,,,,,0.000,285.714,Device,Pageable,NVIDIA L40S (0),1,,7,[CUDA memcpy Device-to-Host]
1005372818,383,793,,,,,,,,,,0.000,668.407,Pageable,Device,NVIDIA L40S (0),1,,7,[CUDA memcpy Host-to-Device]
1005375026,1503,794,1,1,1,128,1,1,48,0.000,0.000,,,,,NVIDIA L40S (0),1,,7,"pcg_cuda::<unnamed>::expand_kernel(const pcg_cuda::DpfBlk *, const pcg_cuda::DpfBlk *, const pcg_cuda::DpfBlk *, const pcg_cuda::DpfBlk *, pcg_cuda::DpfBlk *, int, int, int, int, unsigned long, unsigned long)"
1005378898,1023,796,,,,,,,,,,0.000,250.244,Device,Device,NVIDIA L40S (0),1,,7,[CUDA memcpy Device-to-Device]
1005381745,1633,797,1,1,1,128,1,1,45,0.000,0.002,,,,,NVIDIA L40S (0),1,,7,"pcg_cuda::<unnamed>::hash_kernel_chacha8(const pcg_cuda::DpfBlk *, pcg_cuda::DpfBlk *, pcg_cuda::DpfBlk *, int, int, int, unsigned long, unsigned long)"
1005383665,896,799,,,,,,,,,,0.000,285.714,Device,Pageable,NVIDIA L40S (0),1,,7,[CUDA memcpy Device-to-Host]
1005391857,385,800,,,,,,,,,,0.000,664.935,Pageable,Device,NVIDIA L40S (0),1,,7,[CUDA memcpy Host-to-Device]
1005394225,1504,801,1,1,1,128,1,1,48,0.000,0.000,,,,,NVIDIA L40S (0),1,,7,"pcg_cuda::<unnamed>::expand_kernel(const pcg_cuda::DpfBlk *, const pcg_cuda::DpfBlk *, const pcg_cuda::DpfBlk *, const pcg_cuda::DpfBlk *, pcg_cuda::DpfBlk *, int, int, int, int, unsigned long, unsigned long)"
1005397617,1057,803,,,,,,,,,,0.000,242.195,Device,Device,NVIDIA L40S (0),1,,7,[CUDA memcpy Device-to-Device]
1005399985,1792,804,2,1,1,128,1,1,45,0.000,0.002,,,,,NVIDIA L40S (0),1,,7,"pcg_cuda::<unnamed>::hash_kernel_chacha8(const pcg_cuda::DpfBlk *, pcg_cuda::DpfBlk *, pcg_cuda::DpfBlk *, int, int, int, unsigned long, unsigned long)"
1005402225,864,806,,,,,,,,,,0.000,296.296,Device,Pageable,NVIDIA L40S (0),1,,7,[CUDA memcpy Device-to-Host]
1005410674,383,807,,,,,,,,,,0.000,668.407,Pageable,Device,NVIDIA L40S (0),1,,7,[CUDA memcpy Host-to-Device]
1005412913,1568,808,2,1,1,128,1,1,48,0.000,0.000,,,,,NVIDIA L40S (0),1,,7,"pcg_cuda::<unnamed>::expand_kernel(const pcg_cuda::DpfBlk *, const pcg_cuda::DpfBlk *, const pcg_cuda::DpfBlk *, const pcg_cuda::DpfBlk *, pcg_cuda::DpfBlk *, int, int, int, int, unsigned long, unsigned long)"
1005416721,1025,810,,,,,,,,,,0.000,249.756,Device,Device,NVIDIA L40S (0),1,,7,[CUDA memcpy Device-to-Device]
1005419346,2079,811,4,1,1,128,1,1,45,0.000,0.002,,,,,NVIDIA L40S (0),1,,7,"pcg_cuda::<unnamed>::hash_kernel_chacha8(const pcg_cuda::DpfBlk *, pcg_cuda::DpfBlk *, pcg_cuda::DpfBlk *, int, int, int, unsigned long, unsigned long)"
1005421713,897,813,,,,,,,,,,0.000,285.396,Device,Pageable,NVIDIA L40S (0),1,,7,[CUDA memcpy Device-to-Host]
1005429457,384,814,,,,,,,,,,0.000,666.666,Pageable,Device,NVIDIA L40S (0),1,,7,[CUDA memcpy Host-to-Device]
1005432113,1600,815,4,1,1,128,1,1,48,0.000,0.000,,,,,NVIDIA L40S (0),1,,7,"pcg_cuda::<unnamed>::expand_kernel(const pcg_cuda::DpfBlk *, const pcg_cuda::DpfBlk *, const pcg_cuda::DpfBlk *, const pcg_cuda::DpfBlk *, pcg_cuda::DpfBlk *, int, int, int, int, unsigned long, unsigned long)"
1005435633,1057,817,,,,,,,,,,0.000,242.195,Device,Device,NVIDIA L40S (0),1,,7,[CUDA memcpy Device-to-Device]
1005437969,2688,818,8,1,1,128,1,1,45,0.000,0.002,,,,,NVIDIA L40S (0),1,,7,"pcg_cuda::<unnamed>::hash_kernel_chacha8(const pcg_cuda::DpfBlk *, pcg_cuda::DpfBlk *, pcg_cuda::DpfBlk *, int, int, int, unsigned long, unsigned long)"
1005440914,895,820,,,,,,,,,,0.000,286.033,Device,Pageable,NVIDIA L40S (0),1,,7,[CUDA memcpy Device-to-Host]
1005448817,384,821,,,,,,,,,,0.000,666.666,Pageable,Device,NVIDIA L40S (0),1,,7,[CUDA memcpy Host-to-Device]
1005450897,1600,822,8,1,1,128,1,1,48,0.000,0.000,,,,,NVIDIA L40S (0),1,,7,"pcg_cuda::<unnamed>::expand_kernel(const pcg_cuda::DpfBlk *, const pcg_cuda::DpfBlk *, const pcg_cuda::DpfBlk *, const pcg_cuda::DpfBlk *, pcg_cuda::DpfBlk *, int, int, int, int, unsigned long, unsigned long)"
1005454834,1055,824,,,,,,,,,,0.000,242.654,Device,Device,NVIDIA L40S (0),1,,7,[CUDA memcpy Device-to-Device]
1005457361,2017,825,16,1,1,128,1,1,45,0.000,0.002,,,,,NVIDIA L40S (0),1,,7,"pcg_cuda::<unnamed>::hash_kernel_chacha8(const pcg_cuda::DpfBlk *, pcg_cuda::DpfBlk *, pcg_cuda::DpfBlk *, int, int, int, unsigned long, unsigned long)"
1005459729,897,827,,,,,,,,,,0.000,285.396,Device,Pageable,NVIDIA L40S (0),1,,7,[CUDA memcpy Device-to-Host]
1005467761,384,828,,,,,,,,,,0.000,666.666,Pageable,Device,NVIDIA L40S (0),1,,7,[CUDA memcpy Host-to-Device]
1005470033,1632,829,16,1,1,128,1,1,48,0.000,0.000,,,,,NVIDIA L40S (0),1,,7,"pcg_cuda::<unnamed>::expand_kernel(const pcg_cuda::DpfBlk *, const pcg_cuda::DpfBlk *, const pcg_cuda::DpfBlk *, const pcg_cuda::DpfBlk *, pcg_cuda::DpfBlk *, int, int, int, int, unsigned long, unsigned long)"
1005475922,1055,831,,,,,,,,,,0.000,242.654,Device,Device,NVIDIA L40S (0),1,,7,[CUDA memcpy Device-to-Device]
1005478865,2017,832,32,1,1,128,1,1,45,0.000,0.002,,,,,NVIDIA L40S (0),1,,7,"pcg_cuda::<unnamed>::hash_kernel_chacha8(const pcg_cuda::DpfBlk *, pcg_cuda::DpfBlk *, pcg_cuda::DpfBlk *, int, int, int, unsigned long, unsigned long)"
1005481170,895,834,,,,,,,,,,0.000,286.033,Device,Pageable,NVIDIA L40S (0),1,,7,[CUDA memcpy Device-to-Host]
1005488914,383,835,,,,,,,,,,0.000,668.407,Pageable,Device,NVIDIA L40S (0),1,,7,[CUDA memcpy Host-to-Device]
1005491217,1600,836,32,1,1,128,1,1,48,0.000,0.000,,,,,NVIDIA L40S (0),1,,7,"pcg_cuda::<unnamed>::expand_kernel(const pcg_cuda::DpfBlk *, const pcg_cuda::DpfBlk *, const pcg_cuda::DpfBlk *, const pcg_cuda::DpfBlk *, pcg_cuda::DpfBlk *, int, int, int, int, unsigned long, unsigned long)"
1005494609,1057,838,,,,,,,,,,0.000,242.195,Device,Device,NVIDIA L40S (0),1,,7,[CUDA memcpy Device-to-Device]
1005497009,2017,839,64,1,1,128,1,1,45,0.000,0.002,,,,,NVIDIA L40S (0),1,,7,"pcg_cuda::<unnamed>::hash_kernel_chacha8(const pcg_cuda::DpfBlk *, pcg_cuda::DpfBlk *, pcg_cuda::DpfBlk *, int, int, int, unsigned long, unsigned long)"
1005499377,896,841,,,,,,,,,,0.000,285.714,Device,Pageable,NVIDIA L40S (0),1,,7,[CUDA memcpy Device-to-Host]
1005507921,417,842,,,,,,,,,,0.000,613.909,Pageable,Device,NVIDIA L40S (0),1,,7,[CUDA memcpy Host-to-Device]
1005510130,1631,843,64,1,1,128,1,1,48,0.000,0.000,,,,,NVIDIA L40S (0),1,,7,"pcg_cuda::<unnamed>::expand_kernel(const pcg_cuda::DpfBlk *, const pcg_cuda::DpfBlk *, const pcg_cuda::DpfBlk *, const pcg_cuda::DpfBlk *, pcg_cuda::DpfBlk *, int, int, int, int, unsigned long, unsigned long)"
1005513553,1057,845,,,,,,,,,,0.000,242.195,Device,Device,NVIDIA L40S (0),1,,7,[CUDA memcpy Device-to-Device]
1005516113,2144,846,128,1,1,128,1,1,45,0.000,0.002,,,,,NVIDIA L40S (0),1,,7,"pcg_cuda::<unnamed>::hash_kernel_chacha8(const pcg_cuda::DpfBlk *, pcg_cuda::DpfBlk *, pcg_cuda::DpfBlk *, int, int, int, unsigned long, unsigned long)"
1005518545,897,848,,,,,,,,,,0.000,285.396,Device,Pageable,NVIDIA L40S (0),1,,7,[CUDA memcpy Device-to-Host]
1005526577,385,849,,,,,,,,,,0.000,664.935,Pageable,Device,NVIDIA L40S (0),1,,7,[CUDA memcpy Host-to-Device]
1005529105,1792,850,128,1,1,128,1,1,48,0.000,0.000,,,,,NVIDIA L40S (0),1,,7,"pcg_cuda::<unnamed>::expand_kernel(const pcg_cuda::DpfBlk *, const pcg_cuda::DpfBlk *, const pcg_cuda::DpfBlk *, const pcg_cuda::DpfBlk *, pcg_cuda::DpfBlk *, int, int, int, int, unsigned long, unsigned long)"
1005532722,1055,852,,,,,,,,,,0.000,242.654,Device,Device,NVIDIA L40S (0),1,,7,[CUDA memcpy Device-to-Device]
1005534929,2497,853,256,1,1,128,1,1,45,0.000,0.002,,,,,NVIDIA L40S (0),1,,7,"pcg_cuda::<unnamed>::hash_kernel_chacha8(const pcg_cuda::DpfBlk *, pcg_cuda::DpfBlk *, pcg_cuda::DpfBlk *, int, int, int, unsigned long, unsigned long)"
1005537681,865,855,,,,,,,,,,0.000,295.954,Device,Pageable,NVIDIA L40S (0),1,,7,[CUDA memcpy Device-to-Host]
1005545969,384,856,,,,,,,,,,0.000,666.666,Pageable,Device,NVIDIA L40S (0),1,,7,[CUDA memcpy Host-to-Device]
1005548113,2465,857,256,1,1,128,1,1,48,0.000,0.000,,,,,NVIDIA L40S (0),1,,7,"pcg_cuda::<unnamed>::expand_kernel(const pcg_cuda::DpfBlk *, const pcg_cuda::DpfBlk *, const pcg_cuda::DpfBlk *, const pcg_cuda::DpfBlk *, pcg_cuda::DpfBlk *, int, int, int, int, unsigned long, unsigned long)"
1005552433,1057,859,,,,,,,,,,0.000,242.195,Device,Device,NVIDIA L40S (0),1,,7,[CUDA memcpy Device-to-Device]
1005554193,3105,860,512,1,1,128,1,1,45,0.000,0.002,,,,,NVIDIA L40S (0),1,,7,"pcg_cuda::<unnamed>::hash_kernel_chacha8(const pcg_cuda::DpfBlk *, pcg_cuda::DpfBlk *, pcg_cuda::DpfBlk *, int, int, int, unsigned long, unsigned long)"
1005565553,897,862,,,,,,,,,,0.000,285.396,Device,Pageable,NVIDIA L40S (0),1,,7,[CUDA memcpy Device-to-Host]
1005573905,384,863,,,,,,,,,,0.000,666.666,Pageable,Device,NVIDIA L40S (0),1,,7,[CUDA memcpy Host-to-Device]
1005576114,3295,864,512,1,1,128,1,1,48,0.000,0.000,,,,,NVIDIA L40S (0),1,,7,"pcg_cuda::<unnamed>::expand_kernel(const pcg_cuda::DpfBlk *, const pcg_cuda::DpfBlk *, const pcg_cuda::DpfBlk *, const pcg_cuda::DpfBlk *, pcg_cuda::DpfBlk *, int, int, int, int, unsigned long, unsigned long)"
1005580049,1057,866,,,,,,,,,,0.000,242.195,Device,Device,NVIDIA L40S (0),1,,7,[CUDA memcpy Device-to-Device]
1005582257,4992,867,1024,1,1,128,1,1,45,0.000,0.002,,,,,NVIDIA L40S (0),1,,7,"pcg_cuda::<unnamed>::hash_kernel_chacha8(const pcg_cuda::DpfBlk *, pcg_cuda::DpfBlk *, pcg_cuda::DpfBlk *, int, int, int, unsigned long, unsigned long)"
1005592913,865,869,,,,,,,,,,0.000,295.954,Device,Pageable,NVIDIA L40S (0),1,,7,[CUDA memcpy Device-to-Host]
1005600945,385,870,,,,,,,,,,0.000,664.935,Pageable,Device,NVIDIA L40S (0),1,,7,[CUDA memcpy Host-to-Device]
1005603313,6432,871,1024,1,1,128,1,1,48,0.000,0.000,,,,,NVIDIA L40S (0),1,,7,"pcg_cuda::<unnamed>::expand_kernel(const pcg_cuda::DpfBlk *, const pcg_cuda::DpfBlk *, const pcg_cuda::DpfBlk *, const pcg_cuda::DpfBlk *, pcg_cuda::DpfBlk *, int, int, int, int, unsigned long, unsigned long)"
1005610513,1057,873,,,,,,,,,,0.000,242.195,Device,Device,NVIDIA L40S (0),1,,7,[CUDA memcpy Device-to-Device]
1005612242,7743,874,2048,1,1,128,1,1,45,0.000,0.002,,,,,NVIDIA L40S (0),1,,7,"pcg_cuda::<unnamed>::hash_kernel_chacha8(const pcg_cuda::DpfBlk *, pcg_cuda::DpfBlk *, pcg_cuda::DpfBlk *, int, int, int, unsigned long, unsigned long)"
1005627697,897,876,,,,,,,,,,0.000,285.396,Device,Pageable,NVIDIA L40S (0),1,,7,[CUDA memcpy Device-to-Host]
1005635889,384,877,,,,,,,,,,0.000,666.666,Pageable,Device,NVIDIA L40S (0),1,,7,[CUDA memcpy Host-to-Device]
1005638130,11775,878,2048,1,1,128,1,1,48,0.000,0.000,,,,,NVIDIA L40S (0),1,,7,"pcg_cuda::<unnamed>::expand_kernel(const pcg_cuda::DpfBlk *, const pcg_cuda::DpfBlk *, const pcg_cuda::DpfBlk *, const pcg_cuda::DpfBlk *, pcg_cuda::DpfBlk *, int, int, int, int, unsigned long, unsigned long)"
1005650673,1057,880,,,,,,,,,,0.000,242.195,Device,Device,NVIDIA L40S (0),1,,7,[CUDA memcpy Device-to-Device]
1005652402,13535,881,4096,1,1,128,1,1,45,0.000,0.002,,,,,NVIDIA L40S (0),1,,7,"pcg_cuda::<unnamed>::hash_kernel_chacha8(const pcg_cuda::DpfBlk *, pcg_cuda::DpfBlk *, pcg_cuda::DpfBlk *, int, int, int, unsigned long, unsigned long)"
1005671729,897,883,,,,,,,,,,0.000,285.396,Device,Pageable,NVIDIA L40S (0),1,,7,[CUDA memcpy Device-to-Host]
1005679569,384,884,,,,,,,,,,0.000,666.666,Pageable,Device,NVIDIA L40S (0),1,,7,[CUDA memcpy Host-to-Device]
1005682161,22048,885,4096,1,1,128,1,1,48,0.000,0.000,,,,,NVIDIA L40S (0),1,,7,"pcg_cuda::<unnamed>::expand_kernel(const pcg_cuda::DpfBlk *, const pcg_cuda::DpfBlk *, const pcg_cuda::DpfBlk *, const pcg_cuda::DpfBlk *, pcg_cuda::DpfBlk *, int, int, int, int, unsigned long, unsigned long)"
1005704977,1025,887,,,,,,,,,,0.000,249.756,Device,Device,NVIDIA L40S (0),1,,7,[CUDA memcpy Device-to-Device]
1005706674,25696,888,8192,1,1,128,1,1,45,0.000,0.002,,,,,NVIDIA L40S (0),1,,7,"pcg_cuda::<unnamed>::hash_kernel_chacha8(const pcg_cuda::DpfBlk *, pcg_cuda::DpfBlk *, pcg_cuda::DpfBlk *, int, int, int, unsigned long, unsigned long)"
1005739633,897,890,,,,,,,,,,0.000,285.396,Device,Pageable,NVIDIA L40S (0),1,,7,[CUDA memcpy Device-to-Host]
1005748017,417,891,,,,,,,,,,0.000,613.909,Pageable,Device,NVIDIA L40S (0),1,,7,[CUDA memcpy Host-to-Device]
1005750194,43615,892,8192,1,1,128,1,1,48,0.000,0.000,,,,,NVIDIA L40S (0),1,,7,"pcg_cuda::<unnamed>::expand_kernel(const pcg_cuda::DpfBlk *, const pcg_cuda::DpfBlk *, const pcg_cuda::DpfBlk *, const pcg_cuda::DpfBlk *, pcg_cuda::DpfBlk *, int, int, int, int, unsigned long, unsigned long)"
1005794642,1727,894,,,,,,,,,,0.000,148.234,Device,Device,NVIDIA L40S (0),1,,7,[CUDA memcpy Device-to-Device]
1005797137,50624,895,16384,1,1,128,1,1,45,0.000,0.002,,,,,NVIDIA L40S (0),1,,7,"pcg_cuda::<unnamed>::hash_kernel_chacha8(const pcg_cuda::DpfBlk *, pcg_cuda::DpfBlk *, pcg_cuda::DpfBlk *, int, int, int, unsigned long, unsigned long)"
1005850961,897,897,,,,,,,,,,0.000,285.396,Device,Pageable,NVIDIA L40S (0),1,,7,[CUDA memcpy Device-to-Host]
1005858993,417,898,,,,,,,,,,0.000,613.909,Pageable,Device,NVIDIA L40S (0),1,,7,[CUDA memcpy Host-to-Device]
1005862770,134495,899,16384,1,1,128,1,1,48,0.000,0.000,,,,,NVIDIA L40S (0),1,,7,"pcg_cuda::<unnamed>::expand_kernel(const pcg_cuda::DpfBlk *, const pcg_cuda::DpfBlk *, const pcg_cuda::DpfBlk *, const pcg_cuda::DpfBlk *, pcg_cuda::DpfBlk *, int, int, int, int, unsigned long, unsigned long)"
1005997938,1727,901,,,,,,,,,,0.000,148.234,Device,Device,NVIDIA L40S (0),1,,7,[CUDA memcpy Device-to-Device]
1006000433,200033,902,32768,1,1,128,1,1,45,0.000,0.002,,,,,NVIDIA L40S (0),1,,7,"pcg_cuda::<unnamed>::hash_kernel_chacha8(const pcg_cuda::DpfBlk *, pcg_cuda::DpfBlk *, pcg_cuda::DpfBlk *, int, int, int, unsigned long, unsigned long)"
1006207313,865,904,,,,,,,,,,0.000,295.954,Device,Pageable,NVIDIA L40S (0),1,,7,[CUDA memcpy Device-to-Host]
1006215218,384,905,,,,,,,,,,0.000,666.666,Pageable,Device,NVIDIA L40S (0),1,,7,[CUDA memcpy Host-to-Device]
1006218450,386336,906,32768,1,1,128,1,1,48,0.000,0.000,,,,,NVIDIA L40S (0),1,,7,"pcg_cuda::<unnamed>::expand_kernel(const pcg_cuda::DpfBlk *, const pcg_cuda::DpfBlk *, const pcg_cuda::DpfBlk *, const pcg_cuda::DpfBlk *, pcg_cuda::DpfBlk *, int, int, int, int, unsigned long, unsigned long)"
1006605458,1792,908,,,,,,,,,,0.000,142.857,Device,Device,NVIDIA L40S (0),1,,7,[CUDA memcpy Device-to-Device]
1006607954,386368,909,65536,1,1,128,1,1,45,0.000,0.002,,,,,NVIDIA L40S (0),1,,7,"pcg_cuda::<unnamed>::hash_kernel_chacha8(const pcg_cuda::DpfBlk *, pcg_cuda::DpfBlk *, pcg_cuda::DpfBlk *, int, int, int, unsigned long, unsigned long)"
1007000178,1056,911,,,,,,,,,,0.000,242.424,Device,Pageable,NVIDIA L40S (0),1,,7,[CUDA memcpy Device-to-Host]
1007008914,384,912,,,,,,,,,,0.000,666.666,Pageable,Device,NVIDIA L40S (0),1,,7,[CUDA memcpy Host-to-Device]
1007010834,800640,913,65536,1,1,128,1,1,48,0.000,0.000,,,,,NVIDIA L40S (0),1,,7,"pcg_cuda::<unnamed>::expand_kernel(const pcg_cuda::DpfBlk *, const pcg_cuda::DpfBlk *, const pcg_cuda::DpfBlk *, const pcg_cuda::DpfBlk *, pcg_cuda::DpfBlk *, int, int, int, int, unsigned long, unsigned long)"
1007812178,2112,915,,,,,,,,,,0.000,121.212,Device,Device,NVIDIA L40S (0),1,,7,[CUDA memcpy Device-to-Device]
1007814994,800192,916,131072,1,1,128,1,1,45,0.000,0.002,,,,,NVIDIA L40S (0),1,,7,"pcg_cuda::<unnamed>::hash_kernel_chacha8(const pcg_cuda::DpfBlk *, pcg_cuda::DpfBlk *, pcg_cuda::DpfBlk *, int, int, int, unsigned long, unsigned long)"
1008619122,1024,918,,,,,,,,,,0.000,250.000,Device,Pageable,NVIDIA L40S (0),1,,7,[CUDA memcpy Device-to-Host]
1008627954,384,919,,,,,,,,,,0.000,666.666,Pageable,Device,NVIDIA L40S (0),1,,7,[CUDA memcpy Host-to-Device]
1008630610,1594977,920,131072,1,1,128,1,1,48,0.000,0.000,,,,,NVIDIA L40S (0),1,,7,"pcg_cuda::<unnamed>::expand_kernel(const pcg_cuda::DpfBlk *, const pcg_cuda::DpfBlk *, const pcg_cuda::DpfBlk *, const pcg_cuda::DpfBlk *, pcg_cuda::DpfBlk *, int, int, int, int, unsigned long, unsigned long)"
1010226290,815873,922,1024,16,1,256,1,1,34,0.000,0.004,,,,,NVIDIA L40S (0),1,,7,"pcg_cuda::<unnamed>::out_sum_kernel(const pcg_cuda::DpfBlk *, unsigned long *, unsigned long, unsigned long, int)"
1011042898,3553,924,16,1,1,256,1,1,22,0.000,0.004,,,,,NVIDIA L40S (0),1,,7,"pcg_cuda::<unnamed>::out_fold_kernel(const unsigned long *, unsigned long *, int, int, unsigned long)"
1011054195,895,926,,,,,,,,,,0.000,286.033,Device,Pageable,NVIDIA L40S (0),1,,7,[CUDA memcpy Device-to-Host]
1011063091,384,927,,,,,,,,,,0.000,333.333,Pageable,Device,NVIDIA L40S (0),1,,7,[CUDA memcpy Host-to-Device]
1011066162,12449,928,,,,,,,,,,33.554,2695326.859,Device,,NVIDIA L40S (0),1,,7,[CUDA memset]
1011079315,1127136,929,1024,16,1,256,1,1,38,0.000,0.000,,,,,NVIDIA L40S (0),1,,7,"pcg_cuda::<unnamed>::out_scatter_kernel(const pcg_cuda::DpfBlk *, const unsigned long *, unsigned long *, unsigned long, int, int, unsigned long, int)"
1012207219,1591232,931,,,,,,,,,,33.554,21072.183,Device,Pageable,NVIDIA L40S (0),1,,7,[CUDA memcpy Device-to-Host]
1013865331,2528,932,,,,,,,,,,0.000,101.266,Pageable,Device,NVIDIA L40S (0),1,,7,[CUDA memcpy Host-to-Device]
1013874163,608,933,,,,,,,,,,0.005,8842.101,Pageable,Device,NVIDIA L40S (0),1,,7,[CUDA memcpy Host-to-Device]
1013878963,1280,934,,,,,,,,,,0.000,200.000,Device,Device,NVIDIA L40S (0),1,,7,[CUDA memcpy Device-to-Device]
1013883795,2016,935,1,1,1,128,1,1,45,0.000,0.002,,,,,NVIDIA L40S (0),1,,7,"pcg_cuda::<unnamed>::hash_kernel_chacha8(const pcg_cuda::DpfBlk *, pcg_cuda::DpfBlk *, pcg_cuda::DpfBlk *, int, int, int, unsigned long, unsigned long)"
1013886195,1504,937,,,,,,,,,,0.000,170.213,Device,Pageable,NVIDIA L40S (0),1,,7,[CUDA memcpy Device-to-Host]
1013895379,416,938,,,,,,,,,,0.000,615.385,Pageable,Device,NVIDIA L40S (0),1,,7,[CUDA memcpy Host-to-Device]
1013898323,1696,939,1,1,1,128,1,1,48,0.000,0.000,,,,,NVIDIA L40S (0),1,,7,"pcg_cuda::<unnamed>::expand_kernel(const pcg_cuda::DpfBlk *, const pcg_cuda::DpfBlk *, const pcg_cuda::DpfBlk *, const pcg_cuda::DpfBlk *, pcg_cuda::DpfBlk *, int, int, int, int, unsigned long, unsigned long)"
1013902323,1056,941,,,,,,,,,,0.000,242.424,Device,Device,NVIDIA L40S (0),1,,7,[CUDA memcpy Device-to-Device]
1013905043,1600,942,1,1,1,128,1,1,45,0.000,0.002,,,,,NVIDIA L40S (0),1,,7,"pcg_cuda::<unnamed>::hash_kernel_chacha8(const pcg_cuda::DpfBlk *, pcg_cuda::DpfBlk *, pcg_cuda::DpfBlk *, int, int, int, unsigned long, unsigned long)"
1013907251,928,944,,,,,,,,,,0.000,275.862,Device,Pageable,NVIDIA L40S (0),1,,7,[CUDA memcpy Device-to-Host]
1013915763,384,945,,,,,,,,,,0.000,666.666,Pageable,Device,NVIDIA L40S (0),1,,7,[CUDA memcpy Host-to-Device]
1013918675,1536,946,1,1,1,128,1,1,48,0.000,0.000,,,,,NVIDIA L40S (0),1,,7,"pcg_cuda::<unnamed>::expand_kernel(const pcg_cuda::DpfBlk *, const pcg_cuda::DpfBlk *, const pcg_cuda::DpfBlk *, const pcg_cuda::DpfBlk *, pcg_cuda::DpfBlk *, int, int, int, int, unsigned long, unsigned long)"
1013922099,1024,948,,,,,,,,,,0.000,250.000,Device,Device,NVIDIA L40S (0),1,,7,[CUDA memcpy Device-to-Device]
1013924275,1568,949,1,1,1,128,1,1,45,0.000,0.002,,,,,NVIDIA L40S (0),1,,7,"pcg_cuda::<unnamed>::hash_kernel_chacha8(const pcg_cuda::DpfBlk *, pcg_cuda::DpfBlk *, pcg_cuda::DpfBlk *, int, int, int, unsigned long, unsigned long)"
1013926771,864,951,,,,,,,,,,0.000,296.296,Device,Pageable,NVIDIA L40S (0),1,,7,[CUDA memcpy Device-to-Host]
1013935059,384,952,,,,,,,,,,0.000,666.666,Pageable,Device,NVIDIA L40S (0),1,,7,[CUDA memcpy Host-to-Device]
1013937107,1504,953,1,1,1,128,1,1,48,0.000,0.000,,,,,NVIDIA L40S (0),1,,7,"pcg_cuda::<unnamed>::expand_kernel(const pcg_cuda::DpfBlk *, const pcg_cuda::DpfBlk *, const pcg_cuda::DpfBlk *, const pcg_cuda::DpfBlk *, pcg_cuda::DpfBlk *, int, int, int, int, unsigned long, unsigned long)"
1013941267,1056,955,,,,,,,,,,0.000,242.424,Device,Device,NVIDIA L40S (0),1,,7,[CUDA memcpy Device-to-Device]
1013943411,1632,956,1,1,1,128,1,1,45,0.000,0.002,,,,,NVIDIA L40S (0),1,,7,"pcg_cuda::<unnamed>::hash_kernel_chacha8(const pcg_cuda::DpfBlk *, pcg_cuda::DpfBlk *, pcg_cuda::DpfBlk *, int, int, int, unsigned long, unsigned long)"
1013945971,896,958,,,,,,,,,,0.000,285.714,Device,Pageable,NVIDIA L40S (0),1,,7,[CUDA memcpy Device-to-Host]
1013954099,384,959,,,,,,,,,,0.000,666.666,Pageable,Device,NVIDIA L40S (0),1,,7,[CUDA memcpy Host-to-Device]
1013956339,1504,960,1,1,1,128,1,1,48,0.000,0.000,,,,,NVIDIA L40S (0),1,,7,"pcg_cuda::<unnamed>::expand_kernel(const pcg_cuda::DpfBlk *, const pcg_cuda::DpfBlk *, const pcg_cuda::DpfBlk *, const pcg_cuda::DpfBlk *, pcg_cuda::DpfBlk *, int, int, int, int, unsigned long, unsigned long)"
1013960019,1056,962,,,,,,,,,,0.000,242.424,Device,Device,NVIDIA L40S (0),1,,7,[CUDA memcpy Device-to-Device]
1013962803,1824,963,2,1,1,128,1,1,45,0.000,0.002,,,,,NVIDIA L40S (0),1,,7,"pcg_cuda::<unnamed>::hash_kernel_chacha8(const pcg_cuda::DpfBlk *, pcg_cuda::DpfBlk *, pcg_cuda::DpfBlk *, int, int, int, unsigned long, unsigned long)"
1013964915,896,965,,,,,,,,,,0.000,285.714,Device,Pageable,NVIDIA L40S (0),1,,7,[CUDA memcpy Device-to-Host]
1013973203,384,966,,,,,,,,,,0.000,666.666,Pageable,Device,NVIDIA L40S (0),1,,7,[CUDA memcpy Host-to-Device]
1013975443,1536,967,2,1,1,128,1,1,48,0.000,0.000,,,,,NVIDIA L40S (0),1,,7,"pcg_cuda::<unnamed>::expand_kernel(const pcg_cuda::DpfBlk *, const pcg_cuda::DpfBlk *, const pcg_cuda::DpfBlk *, const pcg_cuda::DpfBlk *, pcg_cuda::DpfBlk *, int, int, int, int, unsigned long, unsigned long)"
1013983059,1056,969,,,,,,,,,,0.000,242.424,Device,Device,NVIDIA L40S (0),1,,7,[CUDA memcpy Device-to-Device]
1013986451,2112,970,4,1,1,128,1,1,45,0.000,0.002,,,,,NVIDIA L40S (0),1,,7,"pcg_cuda::<unnamed>::hash_kernel_chacha8(const pcg_cuda::DpfBlk *, pcg_cuda::DpfBlk *, pcg_cuda::DpfBlk *, int, int, int, unsigned long, unsigned long)"
1013997171,896,972,,,,,,,,,,0.000,285.714,Device,Pageable,NVIDIA L40S (0),1,,7,[CUDA memcpy Device-to-Host]
1014005587,384,973,,,,,,,,,,0.000,666.666,Pageable,Device,NVIDIA L40S (0),1,,7,[CUDA memcpy Host-to-Device]
1014007731,1568,974,4,1,1,128,1,1,48,0.000,0.000,,,,,NVIDIA L40S (0),1,,7,"pcg_cuda::<unnamed>::expand_kernel(const pcg_cuda::DpfBlk *, const pcg_cuda::DpfBlk *, const pcg_cuda::DpfBlk *, const pcg_cuda::DpfBlk *, pcg_cuda::DpfBlk *, int, int, int, int, unsigned long, unsigned long)"
1014011635,1056,976,,,,,,,,,,0.000,242.424,Device,Device,NVIDIA L40S (0),1,,7,[CUDA memcpy Device-to-Device]
1014013939,2816,977,8,1,1,128,1,1,45,0.000,0.002,,,,,NVIDIA L40S (0),1,,7,"pcg_cuda::<unnamed>::hash_kernel_chacha8(const pcg_cuda::DpfBlk *, pcg_cuda::DpfBlk *, pcg_cuda::DpfBlk *, int, int, int, unsigned long, unsigned long)"
1014024819,896,979,,,,,,,,,,0.000,285.714,Device,Pageable,NVIDIA L40S (0),1,,7,[CUDA memcpy Device-to-Host]
1014033203,384,980,,,,,,,,,,0.000,666.666,Pageable,Device,NVIDIA L40S (0),1,,7,[CUDA memcpy Host-to-Device]
1014036211,1600,981,8,1,1,128,1,1,48,0.000,0.000,,,,,NVIDIA L40S (0),1,,7,"pcg_cuda::<unnamed>::expand_kernel(const pcg_cuda::DpfBlk *, const pcg_cuda::DpfBlk *, const pcg_cuda::DpfBlk *, const pcg_cuda::DpfBlk *, pcg_cuda::DpfBlk *, int, int, int, int, unsigned long, unsigned long)"
1014039571,1024,983,,,,,,,,,,0.000,250.000,Device,Device,NVIDIA L40S (0),1,,7,[CUDA memcpy Device-to-Device]
1014041747,2016,984,16,1,1,128,1,1,45,0.000,0.002,,,,,NVIDIA L40S (0),1,,7,"pcg_cuda::<unnamed>::hash_kernel_chacha8(const pcg_cuda::DpfBlk *, pcg_cuda::DpfBlk *, pcg_cuda::DpfBlk *, int, int, int, unsigned long, unsigned long)"
1014044243,896,986,,,,,,,,,,0.000,285.714,Device,Pageable,NVIDIA L40S (0),1,,7,[CUDA memcpy Device-to-Host]
1014052595,384,987,,,,,,,,,,0.000,666.666,Pageable,Device,NVIDIA L40S (0),1,,7,[CUDA memcpy Host-to-Device]
1014054739,1600,988,16,1,1,128,1,1,48,0.000,0.000,,,,,NVIDIA L40S (0),1,,7,"pcg_cuda::<unnamed>::expand_kernel(const pcg_cuda::DpfBlk *, const pcg_cuda::DpfBlk *, const pcg_cuda::DpfBlk *, const pcg_cuda::DpfBlk *, pcg_cuda::DpfBlk *, int, int, int, int, unsigned long, unsigned long)"
1014059571,1056,990,,,,,,,,,,0.000,242.424,Device,Device,NVIDIA L40S (0),1,,7,[CUDA memcpy Device-to-Device]
1014061267,2016,991,32,1,1,128,1,1,45,0.000,0.002,,,,,NVIDIA L40S (0),1,,7,"pcg_cuda::<unnamed>::hash_kernel_chacha8(const pcg_cuda::DpfBlk *, pcg_cuda::DpfBlk *, pcg_cuda::DpfBlk *, int, int, int, unsigned long, unsigned long)"
1014063763,864,993,,,,,,,,,,0.000,296.296,Device,Pageable,NVIDIA L40S (0),1,,7,[CUDA memcpy Device-to-Host]
1014071987,416,994,,,,,,,,,,0.000,615.385,Pageable,Device,NVIDIA L40S (0),1,,7,[CUDA memcpy Host-to-Device]
1014074323,1600,995,32,1,1,128,1,1,48,0.000,0.000,,,,,NVIDIA L40S (0),1,,7,"pcg_cuda::<unnamed>::expand_kernel(const pcg_cuda::DpfBlk *, const pcg_cuda::DpfBlk *, const pcg_cuda::DpfBlk *, const pcg_cuda::DpfBlk *, pcg_cuda::DpfBlk *, int, int, int, int, unsigned long, unsigned long)"
1014078355,1024,997,,,,,,,,,,0.000,250.000,Device,Device,NVIDIA L40S (0),1,,7,[CUDA memcpy Device-to-Device]
1014080627,2016,998,64,1,1,128,1,1,45,0.000,0.002,,,,,NVIDIA L40S (0),1,,7,"pcg_cuda::<unnamed>::hash_kernel_chacha8(const pcg_cuda::DpfBlk *, pcg_cuda::DpfBlk *, pcg_cuda::DpfBlk *, int, int, int, unsigned long, unsigned long)"
1014083155,896,1000,,,,,,,,,,0.000,285.714,Device,Pageable,NVIDIA L40S (0),1,,7,[CUDA memcpy Device-to-Host]
1014091475,384,1001,,,,,,,,,,0.000,666.666,Pageable,Device,NVIDIA L40S (0),1,,7,[CUDA memcpy Host-to-Device]
1014093683,1632,1002,64,1,1,128,1,1,48,0.000,0.000,,,,,NVIDIA L40S (0),1,,7,"pcg_cuda::<unnamed>::expand_kernel(const pcg_cuda::DpfBlk *, const pcg_cuda::DpfBlk *, const pcg_cuda::DpfBlk *, const pcg_cuda::DpfBlk *, pcg_cuda::DpfBlk *, int, int, int, int, unsigned long, unsigned long)"
1014097363,1056,1004,,,,,,,,,,0.000,242.424,Device,Device,NVIDIA L40S (0),1,,7,[CUDA memcpy Device-to-Device]
1014100275,2112,1005,128,1,1,128,1,1,45,0.000,0.002,,,,,NVIDIA L40S (0),1,,7,"pcg_cuda::<unnamed>::hash_kernel_chacha8(const pcg_cuda::DpfBlk *, pcg_cuda::DpfBlk *, pcg_cuda::DpfBlk *, int, int, int, unsigned long, unsigned long)"
1014102675,896,1007,,,,,,,,,,0.000,285.714,Device,Pageable,NVIDIA L40S (0),1,,7,[CUDA memcpy Device-to-Host]
1014111027,416,1008,,,,,,,,,,0.000,615.385,Pageable,Device,NVIDIA L40S (0),1,,7,[CUDA memcpy Host-to-Device]
1014113139,1760,1009,128,1,1,128,1,1,48,0.000,0.000,,,,,NVIDIA L40S (0),1,,7,"pcg_cuda::<unnamed>::expand_kernel(const pcg_cuda::DpfBlk *, const pcg_cuda::DpfBlk *, const pcg_cuda::DpfBlk *, const pcg_cuda::DpfBlk *, pcg_cuda::DpfBlk *, int, int, int, int, unsigned long, unsigned long)"
1014116723,1056,1011,,,,,,,,,,0.000,242.424,Device,Device,NVIDIA L40S (0),1,,7,[CUDA memcpy Device-to-Device]
1014118771,2464,1012,256,1,1,128,1,1,45,0.000,0.002,,,,,NVIDIA L40S (0),1,,7,"pcg_cuda::<unnamed>::hash_kernel_chacha8(const pcg_cuda::DpfBlk *, pcg_cuda::DpfBlk *, pcg_cuda::DpfBlk *, int, int, int, unsigned long, unsigned long)"
1014121587,896,1014,,,,,,,,,,0.000,285.714,Device,Pageable,NVIDIA L40S (0),1,,7,[CUDA memcpy Device-to-Host]
1014129715,384,1015,,,,,,,,,,0.000,666.666,Pageable,Device,NVIDIA L40S (0),1,,7,[CUDA memcpy Host-to-Device]
1014132531,2464,1016,256,1,1,128,1,1,48,0.000,0.000,,,,,NVIDIA L40S (0),1,,7,"pcg_cuda::<unnamed>::expand_kernel(const pcg_cuda::DpfBlk *, const pcg_cuda::DpfBlk *, const pcg_cuda::DpfBlk *, const pcg_cuda::DpfBlk *, pcg_cuda::DpfBlk *, int, int, int, int, unsigned long, unsigned long)"
1014135859,1056,1018,,,,,,,,,,0.000,242.424,Device,Device,NVIDIA L40S (0),1,,7,[CUDA memcpy Device-to-Device]
1014138067,3136,1019,512,1,1,128,1,1,45,0.000,0.002,,,,,NVIDIA L40S (0),1,,7,"pcg_cuda::<unnamed>::hash_kernel_chacha8(const pcg_cuda::DpfBlk *, pcg_cuda::DpfBlk *, pcg_cuda::DpfBlk *, int, int, int, unsigned long, unsigned long)"
1014148723,896,1021,,,,,,,,,,0.000,285.714,Device,Pageable,NVIDIA L40S (0),1,,7,[CUDA memcpy Device-to-Host]
1014157043,416,1022,,,,,,,,,,0.000,615.385,Pageable,Device,NVIDIA L40S (0),1,,7,[CUDA memcpy Host-to-Device]
1014159859,3424,1023,512,1,1,128,1,1,48,0.000,0.000,,,,,NVIDIA L40S (0),1,,7,"pcg_cuda::<unnamed>::expand_kernel(const pcg_cuda::DpfBlk *, const pcg_cuda::DpfBlk *, const pcg_cuda::DpfBlk *, const pcg_cuda::DpfBlk *, pcg_cuda::DpfBlk *, int, int, int, int, unsigned long, unsigned long)"
1014163987,1056,1025,,,,,,,,,,0.000,242.424,Device,Device,NVIDIA L40S (0),1,,7,[CUDA memcpy Device-to-Device]
1014165779,4832,1026,1024,1,1,128,1,1,45,0.000,0.002,,,,,NVIDIA L40S (0),1,,7,"pcg_cuda::<unnamed>::hash_kernel_chacha8(const pcg_cuda::DpfBlk *, pcg_cuda::DpfBlk *, pcg_cuda::DpfBlk *, int, int, int, unsigned long, unsigned long)"
1014176371,896,1028,,,,,,,,,,0.000,285.714,Device,Pageable,NVIDIA L40S (0),1,,7,[CUDA memcpy Device-to-Host]
1014184723,384,1029,,,,,,,,,,0.000,666.666,Pageable,Device,NVIDIA L40S (0),1,,7,[CUDA memcpy Host-to-Device]
1014186963,6688,1030,1024,1,1,128,1,1,48,0.000,0.000,,,,,NVIDIA L40S (0),1,,7,"pcg_cuda::<unnamed>::expand_kernel(const pcg_cuda::DpfBlk *, const pcg_cuda::DpfBlk *, const pcg_cuda::DpfBlk *, const pcg_cuda::DpfBlk *, pcg_cuda::DpfBlk *, int, int, int, int, unsigned long, unsigned long)"
1014194419,1056,1032,,,,,,,,,,0.000,242.424,Device,Device,NVIDIA L40S (0),1,,7,[CUDA memcpy Device-to-Device]
1014196147,7680,1033,2048,1,1,128,1,1,45,0.000,0.002,,,,,NVIDIA L40S (0),1,,7,"pcg_cuda::<unnamed>::hash_kernel_chacha8(const pcg_cuda::DpfBlk *, pcg_cuda::DpfBlk *, pcg_cuda::DpfBlk *, int, int, int, unsigned long, unsigned long)"
1014212211,928,1035,,,,,,,,,,0.000,275.862,Device,Pageable,NVIDIA L40S (0),1,,7,[CUDA memcpy Device-to-Host]
1014220499,416,1036,,,,,,,,,,0.000,615.385,Pageable,Device,NVIDIA L40S (0),1,,7,[CUDA memcpy Host-to-Device]
1014222867,11520,1037,2048,1,1,128,1,1,48,0.000,0.000,,,,,NVIDIA L40S (0),1,,7,"pcg_cuda::<unnamed>::expand_kernel(const pcg_cuda::DpfBlk *, const pcg_cuda::DpfBlk *, const pcg_cuda::DpfBlk *, const pcg_cuda::DpfBlk *, pcg_cuda::DpfBlk *, int, int, int, int, unsigned long, unsigned long)"
1014235187,1056,1039,,,,,,,,,,0.000,242.424,Device,Device,NVIDIA L40S (0),1,,7,[CUDA memcpy Device-to-Device]
1014236915,13568,1040,4096,1,1,128,1,1,45,0.000,0.002,,,,,NVIDIA L40S (0),1,,7,"pcg_cuda::<unnamed>::hash_kernel_chacha8(const pcg_cuda::DpfBlk *, pcg_cuda::DpfBlk *, pcg_cuda::DpfBlk *, int, int, int, unsigned long, unsigned long)"
1014251123,928,1042,,,,,,,,,,0.000,275.862,Device,Pageable,NVIDIA L40S (0),1,,7,[CUDA memcpy Device-to-Host]
1014259603,384,1043,,,,,,,,,,0.000,666.666,Pageable,Device,NVIDIA L40S (0),1,,7,[CUDA memcpy Host-to-Device]
1014261651,21760,1044,4096,1,1,128,1,1,48,0.000,0.000,,,,,NVIDIA L40S (0),1,,7,"pcg_cuda::<unnamed>::expand_kernel(const pcg_cuda::DpfBlk *, const pcg_cuda::DpfBlk *, const pcg_cuda::DpfBlk *, const pcg_cuda::DpfBlk *, pcg_cuda::DpfBlk *, int, int, int, int, unsigned long, unsigned long)"
1014284083,1056,1046,,,,,,,,,,0.000,242.424,Device,Device,NVIDIA L40S (0),1,,7,[CUDA memcpy Device-to-Device]
1014285811,25152,1047,8192,1,1,128,1,1,45,0.000,0.002,,,,,NVIDIA L40S (0),1,,7,"pcg_cuda::<unnamed>::hash_kernel_chacha8(const pcg_cuda::DpfBlk *, pcg_cuda::DpfBlk *, pcg_cuda::DpfBlk *, int, int, int, unsigned long, unsigned long)"
1014312019,896,1049,,,,,,,,,,0.000,285.714,Device,Pageable,NVIDIA L40S (0),1,,7,[CUDA memcpy Device-to-Host]
1014320883,384,1050,,,,,,,,,,0.000,666.666,Pageable,Device,NVIDIA L40S (0),1,,7,[CUDA memcpy Host-to-Device]
1014322963,43296,1051,8192,1,1,128,1,1,48,0.000,0.000,,,,,NVIDIA L40S (0),1,,7,"pcg_cuda::<unnamed>::expand_kernel(const pcg_cuda::DpfBlk *, const pcg_cuda::DpfBlk *, const pcg_cuda::DpfBlk *, const pcg_cuda::DpfBlk *, pcg_cuda::DpfBlk *, int, int, int, int, unsigned long, unsigned long)"
1014367027,2272,1053,,,,,,,,,,0.000,112.676,Device,Device,NVIDIA L40S (0),1,,7,[CUDA memcpy Device-to-Device]
1014369971,49920,1054,16384,1,1,128,1,1,45,0.000,0.002,,,,,NVIDIA L40S (0),1,,7,"pcg_cuda::<unnamed>::hash_kernel_chacha8(const pcg_cuda::DpfBlk *, pcg_cuda::DpfBlk *, pcg_cuda::DpfBlk *, int, int, int, unsigned long, unsigned long)"
1014423155,928,1056,,,,,,,,,,0.000,275.862,Device,Pageable,NVIDIA L40S (0),1,,7,[CUDA memcpy Device-to-Host]
1014431059,384,1057,,,,,,,,,,0.000,666.666,Pageable,Device,NVIDIA L40S (0),1,,7,[CUDA memcpy Host-to-Device]
1014434003,137280,1058,16384,1,1,128,1,1,48,0.000,0.000,,,,,NVIDIA L40S (0),1,,7,"pcg_cuda::<unnamed>::expand_kernel(const pcg_cuda::DpfBlk *, const pcg_cuda::DpfBlk *, const pcg_cuda::DpfBlk *, const pcg_cuda::DpfBlk *, pcg_cuda::DpfBlk *, int, int, int, int, unsigned long, unsigned long)"
1014572083,1728,1060,,,,,,,,,,0.000,148.148,Device,Device,NVIDIA L40S (0),1,,7,[CUDA memcpy Device-to-Device]
1014574580,198176,1061,32768,1,1,128,1,1,45,0.000,0.002,,,,,NVIDIA L40S (0),1,,7,"pcg_cuda::<unnamed>::hash_kernel_chacha8(const pcg_cuda::DpfBlk *, pcg_cuda::DpfBlk *, pcg_cuda::DpfBlk *, int, int, int, unsigned long, unsigned long)"
1014777459,897,1063,,,,,,,,,,0.000,285.396,Device,Pageable,NVIDIA L40S (0),1,,7,[CUDA memcpy Device-to-Host]
1014785811,384,1064,,,,,,,,,,0.000,666.666,Pageable,Device,NVIDIA L40S (0),1,,7,[CUDA memcpy Host-to-Device]
1014787860,383583,1065,32768,1,1,128,1,1,48,0.000,0.000,,,,,NVIDIA L40S (0),1,,7,"pcg_cuda::<unnamed>::expand_kernel(const pcg_cuda::DpfBlk *, const pcg_cuda::DpfBlk *, const pcg_cuda::DpfBlk *, const pcg_cuda::DpfBlk *, pcg_cuda::DpfBlk *, int, int, int, int, unsigned long, unsigned long)"
1015172243,2016,1067,,,,,,,,,,0.000,126.984,Device,Device,NVIDIA L40S (0),1,,7,[CUDA memcpy Device-to-Device]
1015174900,386111,1068,65536,1,1,128,1,1,45,0.000,0.002,,,,,NVIDIA L40S (0),1,,7,"pcg_cuda::<unnamed>::hash_kernel_chacha8(const pcg_cuda::DpfBlk *, pcg_cuda::DpfBlk *, pcg_cuda::DpfBlk *, int, int, int, unsigned long, unsigned long)"
1015565940,1023,1070,,,,,,,,,,0.000,250.244,Device,Pageable,NVIDIA L40S (0),1,,7,[CUDA memcpy Device-to-Host]
1015574740,383,1071,,,,,,,,,,0.000,668.407,Pageable,Device,NVIDIA L40S (0),1,,7,[CUDA memcpy Host-to-Device]
1015576852,801984,1072,65536,1,1,128,1,1,48,0.000,0.000,,,,,NVIDIA L40S (0),1,,7,"pcg_cuda::<unnamed>::expand_kernel(const pcg_cuda::DpfBlk *, const pcg_cuda::DpfBlk *, const pcg_cuda::DpfBlk *, const pcg_cuda::DpfBlk *, pcg_cuda::DpfBlk *, int, int, int, int, unsigned long, unsigned long)"
1016379508,2784,1074,,,,,,,,,,0.000,91.954,Device,Device,NVIDIA L40S (0),1,,7,[CUDA memcpy Device-to-Device]
1016383092,790944,1075,131072,1,1,128,1,1,45,0.000,0.002,,,,,NVIDIA L40S (0),1,,7,"pcg_cuda::<unnamed>::hash_kernel_chacha8(const pcg_cuda::DpfBlk *, pcg_cuda::DpfBlk *, pcg_cuda::DpfBlk *, int, int, int, unsigned long, unsigned long)"
1017181812,1024,1077,,,,,,,,,,0.000,250.000,Device,Pageable,NVIDIA L40S (0),1,,7,[CUDA memcpy Device-to-Host]
1017190548,416,1078,,,,,,,,,,0.000,615.385,Pageable,Device,NVIDIA L40S (0),1,,7,[CUDA memcpy Host-to-Device]
1017192660,1595616,1079,131072,1,1,128,1,1,48,0.000,0.000,,,,,NVIDIA L40S (0),1,,7,"pcg_cuda::<unnamed>::expand_kernel(const pcg_cuda::DpfBlk *, const pcg_cuda::DpfBlk *, const pcg_cuda::DpfBlk *, const pcg_cuda::DpfBlk *, pcg_cuda::DpfBlk *, int, int, int, int, unsigned long, unsigned long)"
1018788980,813601,1081,1024,16,1,256,1,1,34,0.000,0.004,,,,,NVIDIA L40S (0),1,,7,"pcg_cuda::<unnamed>::out_sum_kernel(const pcg_cuda::DpfBlk *, unsigned long *, unsigned long, unsigned long, int)"
1019603316,3520,1083,16,1,1,256,1,1,22,0.000,0.004,,,,,NVIDIA L40S (0),1,,7,"pcg_cuda::<unnamed>::out_fold_kernel(const unsigned long *, unsigned long *, int, int, unsigned long)"
1019612788,896,1085,,,,,,,,,,0.000,285.714,Device,Pageable,NVIDIA L40S (0),1,,7,[CUDA memcpy Device-to-Host]
1019621780,385,1086,,,,,,,,,,0.000,332.467,Pageable,Device,NVIDIA L40S (0),1,,7,[CUDA memcpy Host-to-Device]
1019625045,12319,1087,,,,,,,,,,33.554,2723781.018,Device,,NVIDIA L40S (0),1,,7,[CUDA memset]
1019638037,1124832,1088,1024,16,1,256,1,1,38,0.000,0.000,,,,,NVIDIA L40S (0),1,,7,"pcg_cuda::<unnamed>::out_scatter_kernel(const pcg_cuda::DpfBlk *, const unsigned long *, unsigned long *, unsigned long, int, int, unsigned long, int)"
1020764789,1589568,1090,,,,,,,,,,33.554,21105.738,Device,Pageable,NVIDIA L40S (0),1,,7,[CUDA memcpy Device-to-Host]
1022418421,2432,1091,,,,,,,,,,0.000,105.263,Pageable,Device,NVIDIA L40S (0),1,,7,[CUDA memcpy Host-to-Device]
1022426837,608,1092,,,,,,,,,,0.005,8842.101,Pageable,Device,NVIDIA L40S (0),1,,7,[CUDA memcpy Host-to-Device]
1022431541,1280,1093,,,,,,,,,,0.000,200.000,Device,Device,NVIDIA L40S (0),1,,7,[CUDA memcpy Device-to-Device]
1022435509,2080,1094,1,1,1,128,1,1,45,0.000,0.002,,,,,NVIDIA L40S (0),1,,7,"pcg_cuda::<unnamed>::hash_kernel_chacha8(const pcg_cuda::DpfBlk *, pcg_cuda::DpfBlk *, pcg_cuda::DpfBlk *, int, int, int, unsigned long, unsigned long)"
1022437973,1440,1096,,,,,,,,,,0.000,177.778,Device,Pageable,NVIDIA L40S (0),1,,7,[CUDA memcpy Device-to-Host]
1022446741,384,1097,,,,,,,,,,0.000,666.666,Pageable,Device,NVIDIA L40S (0),1,,7,[CUDA memcpy Host-to-Device]
1022449589,1664,1098,1,1,1,128,1,1,48,0.000,0.000,,,,,NVIDIA L40S (0),1,,7,"pcg_cuda::<unnamed>::expand_kernel(const pcg_cuda::DpfBlk *, const pcg_cuda::DpfBlk *, const pcg_cuda::DpfBlk *, const pcg_cuda::DpfBlk *, pcg_cuda::DpfBlk *, int, int, int, int, unsigned long, unsigned long)"
1022453365,1056,1100,,,,,,,,,,0.000,242.424,Device,Device,NVIDIA L40S (0),1,,7,[CUDA memcpy Device-to-Device]
1022456117,1568,1101,1,1,1,128,1,1,45,0.000,0.002,,,,,NVIDIA L40S (0),1,,7,"pcg_cuda::<unnamed>::hash_kernel_chacha8(const pcg_cuda::DpfBlk *, pcg_cuda::DpfBlk *, pcg_cuda::DpfBlk *, int, int, int, unsigned long, unsigned long)"
1022459029,896,1103,,,,,,,,,,0.000,285.714,Device,Pageable,NVIDIA L40S (0),1,,7,[CUDA memcpy Device-to-Host]
1022467189,384,1104,,,,,,,,,,0.000,666.666,Pageable,Device,NVIDIA L40S (0),1,,7,[CUDA memcpy Host-to-Device]
1022469589,1536,1105,1,1,1,128,1,1,48,0.000,0.000,,,,,NVIDIA L40S (0),1,,7,"pcg_cuda::<unnamed>::expand_kernel(const pcg_cuda::DpfBlk *, const pcg_cuda::DpfBlk *, const pcg_cuda::DpfBlk *, const pcg_cuda::DpfBlk *, pcg_cuda::DpfBlk *, int, int, int, int, unsigned long, unsigned long)"
1022473397,1056,1107,,,,,,,,,,0.000,242.424,Device,Device,NVIDIA L40S (0),1,,7,[CUDA memcpy Device-to-Device]
1022477813,1568,1108,1,1,1,128,1,1,45,0.000,0.002,,,,,NVIDIA L40S (0),1,,7,"pcg_cuda::<unnamed>::hash_kernel_chacha8(const pcg_cuda::DpfBlk *, pcg_cuda::DpfBlk *, pcg_cuda::DpfBlk *, int, int, int, unsigned long, unsigned long)"
1022479893,992,1110,,,,,,,,,,0.000,258.064,Device,Pageable,NVIDIA L40S (0),1,,7,[CUDA memcpy Device-to-Host]
1022488181,384,1111,,,,,,,,,,0.000,666.666,Pageable,Device,NVIDIA L40S (0),1,,7,[CUDA memcpy Host-to-Device]
1022491093,1504,1112,1,1,1,128,1,1,48,0.000,0.000,,,,,NVIDIA L40S (0),1,,7,"pcg_cuda::<unnamed>::expand_kernel(const pcg_cuda::DpfBlk *, const pcg_cuda::DpfBlk *, const pcg_cuda::DpfBlk *, const pcg_cuda::DpfBlk *, pcg_cuda::DpfBlk *, int, int, int, int, unsigned long, unsigned long)"
1022494485,1024,1114,,,,,,,,,,0.000,250.000,Device,Device,NVIDIA L40S (0),1,,7,[CUDA memcpy Device-to-Device]
1022496565,1632,1115,1,1,1,128,1,1,45,0.000,0.002,,,,,NVIDIA L40S (0),1,,7,"pcg_cuda::<unnamed>::hash_kernel_chacha8(const pcg_cuda::DpfBlk *, pcg_cuda::DpfBlk *, pcg_cuda::DpfBlk *, int, int, int, unsigned long, unsigned long)"
1022499221,864,1117,,,,,,,,,,0.000,296.296,Device,Pageable,NVIDIA L40S (0),1,,7,[CUDA memcpy Device-to-Host]
1022507509,384,1118,,,,,,,,,,0.000,666.666,Pageable,Device,NVIDIA L40S (0),1,,7,[CUDA memcpy Host-to-Device]
1022511189,1504,1119,1,1,1,128,1,1,48,0.000,0.000,,,,,NVIDIA L40S (0),1,,7,"pcg_cuda::<unnamed>::expand_kernel(const pcg_cuda::DpfBlk *, const pcg_cuda::DpfBlk *, const pcg_cuda::DpfBlk *, const pcg_cuda::DpfBlk *, pcg_cuda::DpfBlk *, int, int, int, int, unsigned long, unsigned long)"
1022514773,1024,1121,,,,,,,,,,0.000,250.000,Device,Device,NVIDIA L40S (0),1,,7,[CUDA memcpy Device-to-Device]
1022517077,1824,1122,2,1,1,128,1,1,45,0.000,0.002,,,,,NVIDIA L40S (0),1,,7,"pcg_cuda::<unnamed>::hash_kernel_chacha8(const pcg_cuda::DpfBlk *, pcg_cuda::DpfBlk *, pcg_cuda::DpfBlk *, int, int, int, unsigned long, unsigned long)"
1022519509,864,1124,,,,,,,,,,0.000,296.296,Device,Pageable,NVIDIA L40S (0),1,,7,[CUDA memcpy Device-to-Host]
1022527573,384,1125,,,,,,,,,,0.000,666.666,Pageable,Device,NVIDIA L40S (0),1,,7,[CUDA memcpy Host-to-Device]
1022529909,1536,1126,2,1,1,128,1,1,48,0.000,0.000,,,,,NVIDIA L40S (0),1,,7,"pcg_cuda::<unnamed>::expand_kernel(const pcg_cuda::DpfBlk *, const pcg_cuda::DpfBlk *, const pcg_cuda::DpfBlk *, const pcg_cuda::DpfBlk *, pcg_cuda::DpfBlk *, int, int, int, int, unsigned long, unsigned long)"
1022534293,1024,1128,,,,,,,,,,0.000,250.000,Device,Device,NVIDIA L40S (0),1,,7,[CUDA memcpy Device-to-Device]
1022536533,2336,1129,4,1,1,128,1,1,45,0.000,0.002,,,,,NVIDIA L40S (0),1,,7,"pcg_cuda::<unnamed>::hash_kernel_chacha8(const pcg_cuda::DpfBlk *, pcg_cuda::DpfBlk *, pcg_cuda::DpfBlk *, int, int, int, unsigned long, unsigned long)"
1022539125,864,1131,,,,,,,,,,0.000,296.296,Device,Pageable,NVIDIA L40S (0),1,,7,[CUDA memcpy Device-to-Host]
1022547253,384,1132,,,,,,,,,,0.000,666.666,Pageable,Device,NVIDIA L40S (0),1,,7,[CUDA memcpy Host-to-Device]
1022549429,1536,1133,4,1,1,128,1,1,48,0.000,0.000,,,,,NVIDIA L40S (0),1,,7,"pcg_cuda::<unnamed>::expand_kernel(const pcg_cuda::DpfBlk *, const pcg_cuda::DpfBlk *, const pcg_cuda::DpfBlk *, const pcg_cuda::DpfBlk *, pcg_cuda::DpfBlk *, int, int, int, int, unsigned long, unsigned long)"
1022553653,1024,1135,,,,,,,,,,0.000,250.000,Device,Device,NVIDIA L40S (0),1,,7,[CUDA memcpy Device-to-Device]
1022556597,2688,1136,8,1,1,128,1,1,45,0.000,0.002,,,,,NVIDIA L40S (0),1,,7,"pcg_cuda::<unnamed>::hash_kernel_chacha8(const pcg_cuda::DpfBlk *, pcg_cuda::DpfBlk *, pcg_cuda::DpfBlk *, int, int, int, unsigned long, unsigned long)"
1022567029,896,1138,,,,,,,,,,0.000,285.714,Device,Pageable,NVIDIA L40S (0),1,,7,[CUDA memcpy Device-to-Host]
1022575445,384,1139,,,,,,,,,,0.000,666.666,Pageable,Device,NVIDIA L40S (0),1,,7,[CUDA memcpy Host-to-Device]
1022577493,1600,1140,8,1,1,128,1,1,48,0.000,0.000,,,,,NVIDIA L40S (0),1,,7,"pcg_cuda::<unnamed>::expand_kernel(const pcg_cuda::DpfBlk *, const pcg_cuda::DpfBlk *, const pcg_cuda::DpfBlk *, const pcg_cuda::DpfBlk *, pcg_cuda::DpfBlk *, int, int, int, int, unsigned long, unsigned long)"
1022581269,1056,1142,,,,,,,,,,0.000,242.424,Device,Device,NVIDIA L40S (0),1,,7,[CUDA memcpy Device-to-Device]
1022583381,1984,1143,16,1,1,128,1,1,45,0.000,0.002,,,,,NVIDIA L40S (0),1,,7,"pcg_cuda::<unnamed>::hash_kernel_chacha8(const pcg_cuda::DpfBlk *, pcg_cuda::DpfBlk *, pcg_cuda::DpfBlk *, int, int, int, unsigned long, unsigned long)"
1022585909,864,1145,,,,,,,,,,0.000,296.296,Device,Pageable,NVIDIA L40S (0),1,,7,[CUDA memcpy Device-to-Host]
1022594357,384,1146,,,,,,,,,,0.000,666.666,Pageable,Device,NVIDIA L40S (0),1,,7,[CUDA memcpy Host-to-Device]
1022596533,1600,1147,16,1,1,128,1,1,48,0.000,0.000,,,,,NVIDIA L40S (0),1,,7,"pcg_cuda::<unnamed>::expand_kernel(const pcg_cuda::DpfBlk *, const pcg_cuda::DpfBlk *, const pcg_cuda::DpfBlk *, const pcg_cuda::DpfBlk *, pcg_cuda::DpfBlk *, int, int, int, int, unsigned long, unsigned long)"
1022600405,1056,1149,,,,,,,,,,0.000,242.424,Device,Device,NVIDIA L40S (0),1,,7,[CUDA memcpy Device-to-Device]
1022602453,2016,1150,32,1,1,128,1,1,45,0.000,0.002,,,,,NVIDIA L40S (0),1,,7,"pcg_cuda::<unnamed>::hash_kernel_chacha8(const pcg_cuda::DpfBlk *, pcg_cuda::DpfBlk *, pcg_cuda::DpfBlk *, int, int, int, unsigned long, unsigned long)"
1022604821,864,1152,,,,,,,,,,0.000,296.296,Device,Pageable,NVIDIA L40S (0),1,,7,[CUDA memcpy Device-to-Host]
1022613045,384,1153,,,,,,,,,,0.000,666.666,Pageable,Device,NVIDIA L40S (0),1,,7,[CUDA memcpy Host-to-Device]
1022616053,1600,1154,32,1,1,128,1,1,48,0.000,0.000,,,,,NVIDIA L40S (0),1,,7,"pcg_cuda::<unnamed>::expand_kernel(const pcg_cuda::DpfBlk *, const pcg_cuda::DpfBlk *, const pcg_cuda::DpfBlk *, const pcg_cuda::DpfBlk *, pcg_cuda::DpfBlk *, int, int, int, int, unsigned long, unsigned long)"
1022619701,1056,1156,,,,,,,,,,0.000,242.424,Device,Device,NVIDIA L40S (0),1,,7,[CUDA memcpy Device-to-Device]
1022621749,2048,1157,64,1,1,128,1,1,45,0.000,0.002,,,,,NVIDIA L40S (0),1,,7,"pcg_cuda::<unnamed>::hash_kernel_chacha8(const pcg_cuda::DpfBlk *, pcg_cuda::DpfBlk *, pcg_cuda::DpfBlk *, int, int, int, unsigned long, unsigned long)"
1022624117,896,1159,,,,,,,,,,0.000,285.714,Device,Pageable,NVIDIA L40S (0),1,,7,[CUDA memcpy Device-to-Host]
1022632213,384,1160,,,,,,,,,,0.000,666.666,Pageable,Device,NVIDIA L40S (0),1,,7,[CUDA memcpy Host-to-Device]
1022634549,1600,1161,64,1,1,128,1,1,48,0.000,0.000,,,,,NVIDIA L40S (0),1,,7,"pcg_cuda::<unnamed>::expand_kernel(const pcg_cuda::DpfBlk *, const pcg_cuda::DpfBlk *, const pcg_cuda::DpfBlk *, const pcg_cuda::DpfBlk *, pcg_cuda::DpfBlk *, int, int, int, int, unsigned long, unsigned long)"
1022638741,1056,1163,,,,,,,,,,0.000,242.424,Device,Device,NVIDIA L40S (0),1,,7,[CUDA memcpy Device-to-Device]
1022640629,2112,1164,128,1,1,128,1,1,45,0.000,0.002,,,,,NVIDIA L40S (0),1,,7,"pcg_cuda::<unnamed>::hash_kernel_chacha8(const pcg_cuda::DpfBlk *, pcg_cuda::DpfBlk *, pcg_cuda::DpfBlk *, int, int, int, unsigned long, unsigned long)"
1022643189,896,1166,,,,,,,,,,0.000,285.714,Device,Pageable,NVIDIA L40S (0),1,,7,[CUDA memcpy Device-to-Host]
1022651605,384,1167,,,,,,,,,,0.000,666.666,Pageable,Device,NVIDIA L40S (0),1,,7,[CUDA memcpy Host-to-Device]
1022653941,1760,1168,128,1,1,128,1,1,48,0.000,0.000,,,,,NVIDIA L40S (0),1,,7,"pcg_cuda::<unnamed>::expand_kernel(const pcg_cuda::DpfBlk *, const pcg_cuda::DpfBlk *, const pcg_cuda::DpfBlk *, const pcg_cuda::DpfBlk *, pcg_cuda::DpfBlk *, int, int, int, int, unsigned long, unsigned long)"
1022657717,1056,1170,,,,,,,,,,0.000,242.424,Device,Device,NVIDIA L40S (0),1,,7,[CUDA memcpy Device-to-Device]
1022660501,2496,1171,256,1,1,128,1,1,45,0.000,0.002,,,,,NVIDIA L40S (0),1,,7,"pcg_cuda::<unnamed>::hash_kernel_chacha8(const pcg_cuda::DpfBlk *, pcg_cuda::DpfBlk *, pcg_cuda::DpfBlk *, int, int, int, unsigned long, unsigned long)"
1022670453,896,1173,,,,,,,,,,0.000,285.714,Device,Pageable,NVIDIA L40S (0),1,,7,[CUDA memcpy Device-to-Host]
1022678613,384,1174,,,,,,,,,,0.000,666.666,Pageable,Device,NVIDIA L40S (0),1,,7,[CUDA memcpy Host-to-Device]
1022680821,2400,1175,256,1,1,128,1,1,48,0.000,0.000,,,,,NVIDIA L40S (0),1,,7,"pcg_cuda::<unnamed>::expand_kernel(const pcg_cuda::DpfBlk *, const pcg_cuda::DpfBlk *, const pcg_cuda::DpfBlk *, const pcg_cuda::DpfBlk *, pcg_cuda::DpfBlk *, int, int, int, int, unsigned long, unsigned long)"
1022685941,1056,1177,,,,,,,,,,0.000,242.424,Device,Device,NVIDIA L40S (0),1,,7,[CUDA memcpy Device-to-Device]
1022688085,3136,1178,512,1,1,128,1,1,45,0.000,0.002,,,,,NVIDIA L40S (0),1,,7,"pcg_cuda::<unnamed>::hash_kernel_chacha8(const pcg_cuda::DpfBlk *, pcg_cuda::DpfBlk *, pcg_cuda::DpfBlk *, int, int, int, unsigned long, unsigned long)"
1022699125,896,1180,,,,,,,,,,0.000,285.714,Device,Pageable,NVIDIA L40S (0),1,,7,[CUDA memcpy Device-to-Host]
1022707797,384,1181,,,,,,,,,,0.000,666.666,Pageable,Device,NVIDIA L40S (0),1,,7,[CUDA memcpy Host-to-Device]
1022709941,3360,1182,512,1,1,128,1,1,48,0.000,0.000,,,,,NVIDIA L40S (0),1,,7,"pcg_cuda::<unnamed>::expand_kernel(const pcg_cuda::DpfBlk *, const pcg_cuda::DpfBlk *, const pcg_cuda::DpfBlk *, const pcg_cuda::DpfBlk *, pcg_cuda::DpfBlk *, int, int, int, int, unsigned long, unsigned long)"
1022714037,1056,1184,,,,,,,,,,0.000,242.424,Device,Device,NVIDIA L40S (0),1,,7,[CUDA memcpy Device-to-Device]
1022715893,4896,1185,1024,1,1,128,1,1,45,0.000,0.002,,,,,NVIDIA L40S (0),1,,7,"pcg_cuda::<unnamed>::hash_kernel_chacha8(const pcg_cuda::DpfBlk *, pcg_cuda::DpfBlk *, pcg_cuda::DpfBlk *, int, int, int, unsigned long, unsigned long)"
1022726773,896,1187,,,,,,,,,,0.000,285.714,Device,Pageable,NVIDIA L40S (0),1,,7,[CUDA memcpy Device-to-Host]
1022734805,384,1188,,,,,,,,,,0.000,666.666,Pageable,Device,NVIDIA L40S (0),1,,7,[CUDA memcpy Host-to-Device]
1022737909,6464,1189,1024,1,1,128,1,1,48,0.000,0.000,,,,,NVIDIA L40S (0),1,,7,"pcg_cuda::<unnamed>::expand_kernel(const pcg_cuda::DpfBlk *, const pcg_cuda::DpfBlk *, const pcg_cuda::DpfBlk *, const pcg_cuda::DpfBlk *, pcg_cuda::DpfBlk *, int, int, int, int, unsigned long, unsigned long)"
1022745109,1056,1191,,,,,,,,,,0.000,242.424,Device,Device,NVIDIA L40S (0),1,,7,[CUDA memcpy Device-to-Device]
1022746869,7904,1192,2048,1,1,128,1,1,45,0.000,0.002,,,,,NVIDIA L40S (0),1,,7,"pcg_cuda::<unnamed>::hash_kernel_chacha8(const pcg_cuda::DpfBlk *, pcg_cuda::DpfBlk *, pcg_cuda::DpfBlk *, int, int, int, unsigned long, unsigned long)"
1022757493,1024,1194,,,,,,,,,,0.000,250.000,Device,Pageable,NVIDIA L40S (0),1,,7,[CUDA memcpy Device-to-Host]
1022765845,416,1195,,,,,,,,,,0.000,615.385,Pageable,Device,NVIDIA L40S (0),1,,7,[CUDA memcpy Host-to-Device]
1022768149,11456,1196,2048,1,1,128,1,1,48,0.000,0.000,,,,,NVIDIA L40S (0),1,,7,"pcg_cuda::<unnamed>::expand_kernel(const pcg_cuda::DpfBlk *, const pcg_cuda::DpfBlk *, const pcg_cuda::DpfBlk *, const pcg_cuda::DpfBlk *, pcg_cuda::DpfBlk *, int, int, int, int, unsigned long, unsigned long)"
1022780309,1024,1198,,,,,,,,,,0.000,250.000,Device,Device,NVIDIA L40S (0),1,,7,[CUDA memcpy Device-to-Device]
1022782005,13568,1199,4096,1,1,128,1,1,45,0.000,0.002,,,,,NVIDIA L40S (0),1,,7,"pcg_cuda::<unnamed>::hash_kernel_chacha8(const pcg_cuda::DpfBlk *, pcg_cuda::DpfBlk *, pcg_cuda::DpfBlk *, int, int, int, unsigned long, unsigned long)"
1022802549,928,1201,,,,,,,,,,0.000,275.862,Device,Pageable,NVIDIA L40S (0),1,,7,[CUDA memcpy Device-to-Host]
1022811061,384,1202,,,,,,,,,,0.000,666.666,Pageable,Device,NVIDIA L40S (0),1,,7,[CUDA memcpy Host-to-Device]
1022813205,21888,1203,4096,1,1,128,1,1,48,0.000,0.000,,,,,NVIDIA L40S (0),1,,7,"pcg_cuda::<unnamed>::expand_kernel(const pcg_cuda::DpfBlk *, const pcg_cuda::DpfBlk *, const pcg_cuda::DpfBlk *, const pcg_cuda::DpfBlk *, pcg_cuda::DpfBlk *, int, int, int, int, unsigned long, unsigned long)"
1022835797,1056,1205,,,,,,,,,,0.000,242.424,Device,Device,NVIDIA L40S (0),1,,7,[CUDA memcpy Device-to-Device]
1022837557,25344,1206,8192,1,1,128,1,1,45,0.000,0.002,,,,,NVIDIA L40S (0),1,,7,"pcg_cuda::<unnamed>::hash_kernel_chacha8(const pcg_cuda::DpfBlk *, pcg_cuda::DpfBlk *, pcg_cuda::DpfBlk *, int, int, int, unsigned long, unsigned long)"
1022863573,896,1208,,,,,,,,,,0.000,285.714,Device,Pageable,NVIDIA L40S (0),1,,7,[CUDA memcpy Device-to-Host]
1022871733,384,1209,,,,,,,,,,0.000,666.666,Pageable,Device,NVIDIA L40S (0),1,,7,[CUDA memcpy Host-to-Device]
1022873909,42976,1210,8192,1,1,128,1,1,48,0.000,0.000,,,,,NVIDIA L40S (0),1,,7,"pcg_cuda::<unnamed>::expand_kernel(const pcg_cuda::DpfBlk *, const pcg_cuda::DpfBlk *, const pcg_cuda::DpfBlk *, const pcg_cuda::DpfBlk *, pcg_cuda::DpfBlk *, int, int, int, int, unsigned long, unsigned long)"
1022917525,1792,1212,,,,,,,,,,0.000,142.857,Device,Device,NVIDIA L40S (0),1,,7,[CUDA memcpy Device-to-Device]
1022920053,49568,1213,16384,1,1,128,1,1,45,0.000,0.002,,,,,NVIDIA L40S (0),1,,7,"pcg_cuda::<unnamed>::hash_kernel_chacha8(const pcg_cuda::DpfBlk *, pcg_cuda::DpfBlk *, pcg_cuda::DpfBlk *, int, int, int, unsigned long, unsigned long)"
1022974581,960,1215,,,,,,,,,,0.000,266.666,Device,Pageable,NVIDIA L40S (0),1,,7,[CUDA memcpy Device-to-Host]
1022983125,448,1216,,,,,,,,,,0.000,571.428,Pageable,Device,NVIDIA L40S (0),1,,7,[CUDA memcpy Host-to-Device]
1022985269,136192,1217,16384,1,1,128,1,1,48,0.000,0.000,,,,,NVIDIA L40S (0),1,,7,"pcg_cuda::<unnamed>::expand_kernel(const pcg_cuda::DpfBlk *, const pcg_cuda::DpfBlk *, const pcg_cuda::DpfBlk *, const pcg_cuda::DpfBlk *, pcg_cuda::DpfBlk *, int, int, int, int, unsigned long, unsigned long)"
1023122165,1632,1219,,,,,,,,,,0.000,156.863,Device,Device,NVIDIA L40S (0),1,,7,[CUDA memcpy Device-to-Device]
1023124533,198784,1220,32768,1,1,128,1,1,45,0.000,0.002,,,,,NVIDIA L40S (0),1,,7,"pcg_cuda::<unnamed>::hash_kernel_chacha8(const pcg_cuda::DpfBlk *, pcg_cuda::DpfBlk *, pcg_cuda::DpfBlk *, int, int, int, unsigned long, unsigned long)"
1023324789,896,1222,,,,,,,,,,0.000,285.714,Device,Pageable,NVIDIA L40S (0),1,,7,[CUDA memcpy Device-to-Host]
1023333109,384,1223,,,,,,,,,,0.000,666.666,Pageable,Device,NVIDIA L40S (0),1,,7,[CUDA memcpy Host-to-Device]
1023336053,384704,1224,32768,1,1,128,1,1,48,0.000,0.000,,,,,NVIDIA L40S (0),1,,7,"pcg_cuda::<unnamed>::expand_kernel(const pcg_cuda::DpfBlk *, const pcg_cuda::DpfBlk *, const pcg_cuda::DpfBlk *, const pcg_cuda::DpfBlk *, pcg_cuda::DpfBlk *, int, int, int, int, unsigned long, unsigned long)"
1023721493,1632,1226,,,,,,,,,,0.000,156.863,Device,Device,NVIDIA L40S (0),1,,7,[CUDA memcpy Device-to-Device]
1023723861,387296,1227,65536,1,1,128,1,1,45,0.000,0.002,,,,,NVIDIA L40S (0),1,,7,"pcg_cuda::<unnamed>::hash_kernel_chacha8(const pcg_cuda::DpfBlk *, pcg_cuda::DpfBlk *, pcg_cuda::DpfBlk *, int, int, int, unsigned long, unsigned long)"
1024114293,1152,1229,,,,,,,,,,0.000,222.222,Device,Pageable,NVIDIA L40S (0),1,,7,[CUDA memcpy Device-to-Host]
1024123157,384,1230,,,,,,,,,,0.000,666.666,Pageable,Device,NVIDIA L40S (0),1,,7,[CUDA memcpy Host-to-Device]
1024125077,803393,1231,65536,1,1,128,1,1,48,0.000,0.000,,,,,NVIDIA L40S (0),1,,7,"pcg_cuda::<unnamed>::expand_kernel(const pcg_cuda::DpfBlk *, const pcg_cuda::DpfBlk *, const pcg_cuda::DpfBlk *, const pcg_cuda::DpfBlk *, pcg_cuda::DpfBlk *, int, int, int, int, unsigned long, unsigned long)"
1024929238,2432,1233,,,,,,,,,,0.000,105.263,Device,Device,NVIDIA L40S (0),1,,7,[CUDA memcpy Device-to-Device]
1024932341,794849,1234,131072,1,1,128,1,1,45,0.000,0.002,,,,,NVIDIA L40S (0),1,,7,"pcg_cuda::<unnamed>::hash_kernel_chacha8(const pcg_cuda::DpfBlk *, pcg_cuda::DpfBlk *, pcg_cuda::DpfBlk *, int, int, int, unsigned long, unsigned long)"
1025732214,1024,1236,,,,,,,,,,0.000,250.000,Device,Pageable,NVIDIA L40S (0),1,,7,[CUDA memcpy Device-to-Host]
1025740630,416,1237,,,,,,,,,,0.000,615.385,Pageable,Device,NVIDIA L40S (0),1,,7,[CUDA memcpy Host-to-Device]
1025742742,1599072,1238,131072,1,1,128,1,1,48,0.000,0.000,,,,,NVIDIA L40S (0),1,,7,"pcg_cuda::<unnamed>::expand_kernel(const pcg_cuda::DpfBlk *, const pcg_cuda::DpfBlk *, const pcg_cuda::DpfBlk *, const pcg_cuda::DpfBlk *, pcg_cuda::DpfBlk *, int, int, int, int, unsigned long, unsigned long)"
1027342582,814432,1240,1024,16,1,256,1,1,34,0.000,0.004,,,,,NVIDIA L40S (0),1,,7,"pcg_cuda::<unnamed>::out_sum_kernel(const pcg_cuda::DpfBlk *, unsigned long *, unsigned long, unsigned long, int)"
1028157654,3488,1242,16,1,1,256,1,1,22,0.000,0.004,,,,,NVIDIA L40S (0),1,,7,"pcg_cuda::<unnamed>::out_fold_kernel(const unsigned long *, unsigned long *, int, int, unsigned long)"
1028168310,896,1244,,,,,,,,,,0.000,285.714,Device,Pageable,NVIDIA L40S (0),1,,7,[CUDA memcpy Device-to-Host]
1028177110,384,1245,,,,,,,,,,0.000,333.333,Pageable,Device,NVIDIA L40S (0),1,,7,[CUDA memcpy Host-to-Device]
1028180278,12320,1246,,,,,,,,,,33.554,2723546.137,Device,,NVIDIA L40S (0),1,,7,[CUDA memset]
1028193366,1125088,1247,1024,16,1,256,1,1,38,0.000,0.000,,,,,NVIDIA L40S (0),1,,7,"pcg_cuda::<unnamed>::out_scatter_kernel(const pcg_cuda::DpfBlk *, const unsigned long *, unsigned long *, unsigned long, int, int, unsigned long, int)"
1029320311,1594240,1249,,,,,,,,,,33.554,21038.629,Device,Pageable,NVIDIA L40S (0),1,,7,[CUDA memcpy Device-to-Host]
1030978391,2368,1250,,,,,,,,,,0.000,108.108,Pageable,Device,NVIDIA L40S (0),1,,7,[CUDA memcpy Host-to-Device]
1030987383,576,1251,,,,,,,,,,0.005,9333.333,Pageable,Device,NVIDIA L40S (0),1,,7,[CUDA memcpy Host-to-Device]
1030991383,1312,1252,,,,,,,,,,0.000,195.122,Device,Device,NVIDIA L40S (0),1,,7,[CUDA memcpy Device-to-Device]
1030995383,2080,1253,1,1,1,128,1,1,45,0.000,0.002,,,,,NVIDIA L40S (0),1,,7,"pcg_cuda::<unnamed>::hash_kernel_chacha8(const pcg_cuda::DpfBlk *, pcg_cuda::DpfBlk *, pcg_cuda::DpfBlk *, int, int, int, unsigned long, unsigned long)"
1030998007,1568,1255,,,,,,,,,,0.000,163.265,Device,Pageable,NVIDIA L40S (0),1,,7,[CUDA memcpy Device-to-Host]
1031007031,384,1256,,,,,,,,,,0.000,666.666,Pageable,Device,NVIDIA L40S (0),1,,7,[CUDA memcpy Host-to-Device]
1031009655,1728,1257,1,1,1,128,1,1,48,0.000,0.000,,,,,NVIDIA L40S (0),1,,7,"pcg_cuda::<unnamed>::expand_kernel(const pcg_cuda::DpfBlk *, const pcg_cuda::DpfBlk *, const pcg_cuda::DpfBlk *, const pcg_cuda::DpfBlk *, pcg_cuda::DpfBlk *, int, int, int, int, unsigned long, unsigned long)"
1031013591,1056,1259,,,,,,,,,,0.000,242.424,Device,Device,NVIDIA L40S (0),1,,7,[CUDA memcpy Device-to-Device]
1031015799,1600,1260,1,1,1,128,1,1,45,0.000,0.002,,,,,NVIDIA L40S (0),1,,7,"pcg_cuda::<unnamed>::hash_kernel_chacha8(const pcg_cuda::DpfBlk *, pcg_cuda::DpfBlk *, pcg_cuda::DpfBlk *, int, int, int, unsigned long, unsigned long)"
1031018327,896,1262,,,,,,,,,,0.000,285.714,Device,Pageable,NVIDIA L40S (0),1,,7,[CUDA memcpy Device-to-Host]
1031026647,416,1263,,,,,,,,,,0.000,615.385,Pageable,Device,NVIDIA L40S (0),1,,7,[CUDA memcpy Host-to-Device]
1031028855,1504,1264,1,1,1,128,1,1,48,0.000,0.000,,,,,NVIDIA L40S (0),1,,7,"pcg_cuda::<unnamed>::expand_kernel(const pcg_cuda::DpfBlk *, const pcg_cuda::DpfBlk *, const pcg_cuda::DpfBlk *, const pcg_cuda::DpfBlk *, pcg_cuda::DpfBlk *, int, int, int, int, unsigned long, unsigned long)"
1031032759,1024,1266,,,,,,,,,,0.000,250.000,Device,Device,NVIDIA L40S (0),1,,7,[CUDA memcpy Device-to-Device]
1031035863,1600,1267,1,1,1,128,1,1,45,0.000,0.002,,,,,NVIDIA L40S (0),1,,7,"pcg_cuda::<unnamed>::hash_kernel_chacha8(const pcg_cuda::DpfBlk *, pcg_cuda::DpfBlk *, pcg_cuda::DpfBlk *, int, int, int, unsigned long, unsigned long)"
1031038359,864,1269,,,,,,,,,,0.000,296.296,Device,Pageable,NVIDIA L40S (0),1,,7,[CUDA memcpy Device-to-Host]
1031046583,384,1270,,,,,,,,,,0.000,666.666,Pageable,Device,NVIDIA L40S (0),1,,7,[CUDA memcpy Host-to-Device]
1031048503,1472,1271,1,1,1,128,1,1,48,0.000,0.000,,,,,NVIDIA L40S (0),1,,7,"pcg_cuda::<unnamed>::expand_kernel(const pcg_cuda::DpfBlk *, const pcg_cuda::DpfBlk *, const pcg_cuda::DpfBlk *, const pcg_cuda::DpfBlk *, pcg_cuda::DpfBlk *, int, int, int, int, unsigned long, unsigned long)"
1031052279,1024,1273,,,,,,,,,,0.000,250.000,Device,Device,NVIDIA L40S (0),1,,7,[CUDA memcpy Device-to-Device]
1031054327,1632,1274,1,1,1,128,1,1,45,0.000,0.002,,,,,NVIDIA L40S (0),1,,7,"pcg_cuda::<unnamed>::hash_kernel_chacha8(const pcg_cuda::DpfBlk *, pcg_cuda::DpfBlk *, pcg_cuda::DpfBlk *, int, int, int, unsigned long, unsigned long)"
1031056695,1088,1276,,,,,,,,,,0.000,235.294,Device,Pageable,NVIDIA L40S (0),1,,7,[CUDA memcpy Device-to-Host]
1031065623,384,1277,,,,,,,,,,0.000,666.666,Pageable,Device,NVIDIA L40S (0),1,,7,[CUDA memcpy Host-to-Device]
1031067575,1504,1278,1,1,1,128,1,1,48,0.000,0.000,,,,,NVIDIA L40S (0),1,,7,"pcg_cuda::<unnamed>::expand_kernel(const pcg_cuda::DpfBlk *, const pcg_cuda::DpfBlk *, const pcg_cuda::DpfBlk *, const pcg_cuda::DpfBlk *, pcg_cuda::DpfBlk *, int, int, int, int, unsigned long, unsigned long)"
1031071383,1024,1280,,,,,,,,,,0.000,250.000,Device,Device,NVIDIA L40S (0),1,,7,[CUDA memcpy Device-to-Device]
1031073367,1824,1281,2,1,1,128,1,1,45,0.000,0.002,,,,,NVIDIA L40S (0),1,,7,"pcg_cuda::<unnamed>::hash_kernel_chacha8(const pcg_cuda::DpfBlk *, pcg_cuda::DpfBlk *, pcg_cuda::DpfBlk *, int, int, int, unsigned long, unsigned long)"
1031075831,864,1283,,,,,,,,,,0.000,296.296,Device,Pageable,NVIDIA L40S (0),1,,7,[CUDA memcpy Device-to-Host]
1031084087,384,1284,,,,,,,,,,0.000,666.666,Pageable,Device,NVIDIA L40S (0),1,,7,[CUDA memcpy Host-to-Device]
1031086871,1536,1285,2,1,1,128,1,1,48,0.000,0.000,,,,,NVIDIA L40S (0),1,,7,"pcg_cuda::<unnamed>::expand_kernel(const pcg_cuda::DpfBlk *, const pcg_cuda::DpfBlk *, const pcg_cuda::DpfBlk *, const pcg_cuda::DpfBlk *, pcg_cuda::DpfBlk *, int, int, int, int, unsigned long, unsigned long)"
1031090263,1056,1287,,,,,,,,,,0.000,242.424,Device,Device,NVIDIA L40S (0),1,,7,[CUDA memcpy Device-to-Device]
1031092375,2304,1288,4,1,1,128,1,1,45,0.000,0.002,,,,,NVIDIA L40S (0),1,,7,"pcg_cuda::<unnamed>::hash_kernel_chacha8(const pcg_cuda::DpfBlk *, pcg_cuda::DpfBlk *, pcg_cuda::DpfBlk *, int, int, int, unsigned long, unsigned long)"
1031095031,864,1290,,,,,,,,,,0.000,296.296,Device,Pageable,NVIDIA L40S (0),1,,7,[CUDA memcpy Device-to-Host]
1031103223,384,1291,,,,,,,,,,0.000,666.666,Pageable,Device,NVIDIA L40S (0),1,,7,[CUDA memcpy Host-to-Device]
1031105431,1568,1292,4,1,1,128,1,1,48,0.000,0.000,,,,,NVIDIA L40S (0),1,,7,"pcg_cuda::<unnamed>::expand_kernel(const pcg_cuda::DpfBlk *, const pcg_cuda::DpfBlk *, const pcg_cuda::DpfBlk *, const pcg_cuda::DpfBlk *, pcg_cuda::DpfBlk *, int, int, int, int, unsigned long, unsigned long)"
1031109463,1056,1294,,,,,,,,,,0.000,242.424,Device,Device,NVIDIA L40S (0),1,,7,[CUDA memcpy Device-to-Device]
1031111767,2816,1295,8,1,1,128,1,1,45,0.000,0.002,,,,,NVIDIA L40S (0),1,,7,"pcg_cuda::<unnamed>::hash_kernel_chacha8(const pcg_cuda::DpfBlk *, pcg_cuda::DpfBlk *, pcg_cuda::DpfBlk *, int, int, int, unsigned long, unsigned long)"
1031122551,896,1297,,,,,,,,,,0.000,285.714,Device,Pageable,NVIDIA L40S (0),1,,7,[CUDA memcpy Device-to-Host]
1031130839,384,1298,,,,,,,,,,0.000,666.666,Pageable,Device,NVIDIA L40S (0),1,,7,[CUDA memcpy Host-to-Device]
1031132887,1600,1299,8,1,1,128,1,1,48,0.000,0.000,,,,,NVIDIA L40S (0),1,,7,"pcg_cuda::<unnamed>::expand_kernel(const pcg_cuda::DpfBlk *, const pcg_cuda::DpfBlk *, const pcg_cuda::DpfBlk *, const pcg_cuda::DpfBlk *, pcg_cuda::DpfBlk *, int, int, int, int, unsigned long, unsigned long)"
1031136567,1056,1301,,,,,,,,,,0.000,242.424,Device,Device,NVIDIA L40S (0),1,,7,[CUDA memcpy Device-to-Device]
1031139159,2016,1302,16,1,1,128,1,1,45,0.000,0.002,,,,,NVIDIA L40S (0),1,,7,"pcg_cuda::<unnamed>::hash_kernel_chacha8(const pcg_cuda::DpfBlk *, pcg_cuda::DpfBlk *, pcg_cuda::DpfBlk *, int, int, int, unsigned long, unsigned long)"
1031141591,896,1304,,,,,,,,,,0.000,285.714,Device,Pageable,NVIDIA L40S (0),1,,7,[CUDA memcpy Device-to-Host]
1031150039,384,1305,,,,,,,,,,0.000,666.666,Pageable,Device,NVIDIA L40S (0),1,,7,[CUDA memcpy Host-to-Device]
1031151959,1600,1306,16,1,1,128,1,1,48,0.000,0.000,,,,,NVIDIA L40S (0),1,,7,"pcg_cuda::<unnamed>::expand_kernel(const pcg_cuda::DpfBlk *, const pcg_cuda::DpfBlk *, const pcg_cuda::DpfBlk *, const pcg_cuda::DpfBlk *, pcg_cuda::DpfBlk *, int, int, int, int, unsigned long, unsigned long)"
1031155639,1056,1308,,,,,,,,,,0.000,242.424,Device,Device,NVIDIA L40S (0),1,,7,[CUDA memcpy Device-to-Device]
1031158359,1984,1309,32,1,1,128,1,1,45,0.000,0.002,,,,,NVIDIA L40S (0),1,,7,"pcg_cuda::<unnamed>::hash_kernel_chacha8(const pcg_cuda::DpfBlk *, pcg_cuda::DpfBlk *, pcg_cuda::DpfBlk *, int, int, int, unsigned long, unsigned long)"
1031168631,928,1311,,,,,,,,,,0.000,275.862,Device,Pageable,NVIDIA L40S (0),1,,7,[CUDA memcpy Device-to-Host]
1031177047,384,1312,,,,,,,,,,0.000,666.666,Pageable,Device,NVIDIA L40S (0),1,,7,[CUDA memcpy Host-to-Device]
1031179319,1568,1313,32,1,1,128,1,1,48,0.000,0.000,,,,,NVIDIA L40S (0),1,,7,"pcg_cuda::<unnamed>::expand_kernel(const pcg_cuda::DpfBlk *, const pcg_cuda::DpfBlk *, const pcg_cuda::DpfBlk *, const pcg_cuda::DpfBlk *, pcg_cuda::DpfBlk *, int, int, int, int, unsigned long, unsigned long)"
1031182935,1024,1315,,,,,,,,,,0.000,250.000,Device,Device,NVIDIA L40S (0),1,,7,[CUDA memcpy Device-to-Device]
1031187639,2016,1316,64,1,1,128,1,1,45,0.000,0.002,,,,,NVIDIA L40S (0),1,,7,"pcg_cuda::<unnamed>::hash_kernel_chacha8(const pcg_cuda::DpfBlk *, pcg_cuda::DpfBlk *, pcg_cuda::DpfBlk *, int, int, int, unsigned long, unsigned long)"
1031189943,864,1318,,,,,,,,,,0.000,296.296,Device,Pageable,NVIDIA L40S (0),1,,7,[CUDA memcpy Device-to-Host]
1031198263,384,1319,,,,,,,,,,0.000,666.666,Pageable,Device,NVIDIA L40S (0),1,,7,[CUDA memcpy Host-to-Device]
1031201239,1600,1320,64,1,1,128,1,1,48,0.000,0.000,,,,,NVIDIA L40S (0),1,,7,"pcg_cuda::<unnamed>::expand_kernel(const pcg_cuda::DpfBlk *, const pcg_cuda::DpfBlk *, const pcg_cuda::DpfBlk *, const pcg_cuda::DpfBlk *, pcg_cuda::DpfBlk *, int, int, int, int, unsigned long, unsigned long)"
1031204439,1056,1322,,,,,,,,,,0.000,242.424,Device,Device,NVIDIA L40S (0),1,,7,[CUDA memcpy Device-to-Device]
1031206551,2144,1323,128,1,1,128,1,1,45,0.000,0.002,,,,,NVIDIA L40S (0),1,,7,"pcg_cuda::<unnamed>::hash_kernel_chacha8(const pcg_cuda::DpfBlk *, pcg_cuda::DpfBlk *, pcg_cuda::DpfBlk *, int, int, int, unsigned long, unsigned long)"
1031209015,864,1325,,,,,,,,,,0.000,296.296,Device,Pageable,NVIDIA L40S (0),1,,7,[CUDA memcpy Device-to-Host]
1031217367,384,1326,,,,,,,,,,0.000,666.666,Pageable,Device,NVIDIA L40S (0),1,,7,[CUDA memcpy Host-to-Device]
1031219351,1792,1327,128,1,1,128,1,1,48,0.000,0.000,,,,,NVIDIA L40S (0),1,,7,"pcg_cuda::<unnamed>::expand_kernel(const pcg_cuda::DpfBlk *, const pcg_cuda::DpfBlk *, const pcg_cuda::DpfBlk *, const pcg_cuda::DpfBlk *, pcg_cuda::DpfBlk *, int, int, int, int, unsigned long, unsigned long)"
1031223863,1024,1329,,,,,,,,,,0.000,250.000,Device,Device,NVIDIA L40S (0),1,,7,[CUDA memcpy Device-to-Device]
1031226295,2464,1330,256,1,1,128,1,1,45,0.000,0.002,,,,,NVIDIA L40S (0),1,,7,"pcg_cuda::<unnamed>::hash_kernel_chacha8(const pcg_cuda::DpfBlk *, pcg_cuda::DpfBlk *, pcg_cuda::DpfBlk *, int, int, int, unsigned long, unsigned long)"
1031237239,896,1332,,,,,,,,,,0.000,285.714,Device,Pageable,NVIDIA L40S (0),1,,7,[CUDA memcpy Device-to-Host]
1031245623,416,1333,,,,,,,,,,0.000,615.385,Pageable,Device,NVIDIA L40S (0),1,,7,[CUDA memcpy Host-to-Device]
1031247671,2432,1334,256,1,1,128,1,1,48,0.000,0.000,,,,,NVIDIA L40S (0),1,,7,"pcg_cuda::<unnamed>::expand_kernel(const pcg_cuda::DpfBlk *, const pcg_cuda::DpfBlk *, const pcg_cuda::DpfBlk *, const pcg_cuda::DpfBlk *, pcg_cuda::DpfBlk *, int, int, int, int, unsigned long, unsigned long)"
1031251671,1056,1336,,,,,,,,,,0.000,242.424,Device,Device,NVIDIA L40S (0),1,,7,[CUDA memcpy Device-to-Device]
1031254007,3104,1337,512,1,1,128,1,1,45,0.000,0.002,,,,,NVIDIA L40S (0),1,,7,"pcg_cuda::<unnamed>::hash_kernel_chacha8(const pcg_cuda::DpfBlk *, pcg_cuda::DpfBlk *, pcg_cuda::DpfBlk *, int, int, int, unsigned long, unsigned long)"
1031264887,896,1339,,,,,,,,,,0.000,285.714,Device,Pageable,NVIDIA L40S (0),1,,7,[CUDA memcpy Device-to-Host]
1031273239,384,1340,,,,,,,,,,0.000,666.666,Pageable,Device,NVIDIA L40S (0),1,,7,[CUDA memcpy Host-to-Device]
1031275479,3328,1341,512,1,1,128,1,1,48,0.000,0.000,,,,,NVIDIA L40S (0),1,,7,"pcg_cuda::<unnamed>::expand_kernel(const pcg_cuda::DpfBlk *, const pcg_cuda::DpfBlk *, const pcg_cuda::DpfBlk *, const pcg_cuda::DpfBlk *, pcg_cuda::DpfBlk *, int, int, int, int, unsigned long, unsigned long)"
1031279575,1024,1343,,,,,,,,,,0.000,250.000,Device,Device,NVIDIA L40S (0),1,,7,[CUDA memcpy Device-to-Device]
1031282007,4864,1344,1024,1,1,128,1,1,45,0.000,0.002,,,,,NVIDIA L40S (0),1,,7,"pcg_cuda::<unnamed>::hash_kernel_chacha8(const pcg_cuda::DpfBlk *, pcg_cuda::DpfBlk *, pcg_cuda::DpfBlk *, int, int, int, unsigned long, unsigned long)"
1031292535,896,1346,,,,,,,,,,0.000,285.714,Device,Pageable,NVIDIA L40S (0),1,,7,[CUDA memcpy Device-to-Host]
1031300951,384,1347,,,,,,,,,,0.000,666.666,Pageable,Device,NVIDIA L40S (0),1,,7,[CUDA memcpy Host-to-Device]
1031302999,7008,1348,1024,1,1,128,1,1,48,0.000,0.000,,,,,NVIDIA L40S (0),1,,7,"pcg_cuda::<unnamed>::expand_kernel(const pcg_cuda::DpfBlk *, const pcg_cuda::DpfBlk *, const pcg_cuda::DpfBlk *, const pcg_cuda::DpfBlk *, pcg_cuda::DpfBlk *, int, int, int, int, unsigned long, unsigned long)"
1031310711,1056,1350,,,,,,,,,,0.000,242.424,Device,Device,NVIDIA L40S (0),1,,7,[CUDA memcpy Device-to-Device]
1031312439,7552,1351,2048,1,1,128,1,1,45,0.000,0.002,,,,,NVIDIA L40S (0),1,,7,"pcg_cuda::<unnamed>::hash_kernel_chacha8(const pcg_cuda::DpfBlk *, pcg_cuda::DpfBlk *, pcg_cuda::DpfBlk *, int, int, int, unsigned long, unsigned long)"
1031328375,896,1353,,,,,,,,,,0.000,285.714,Device,Pageable,NVIDIA L40S (0),1,,7,[CUDA memcpy Device-to-Host]
1031336759,384,1354,,,,,,,,,,0.000,666.666,Pageable,Device,NVIDIA L40S (0),1,,7,[CUDA memcpy Host-to-Device]
1031339575,11488,1355,2048,1,1,128,1,1,48,0.000,0.000,,,,,NVIDIA L40S (0),1,,7,"pcg_cuda::<unnamed>::expand_kernel(const pcg_cuda::DpfBlk *, const pcg_cuda::DpfBlk *, const pcg_cuda::DpfBlk *, const pcg_cuda::DpfBlk *, pcg_cuda::DpfBlk *, int, int, int, int, unsigned long, unsigned long)"
1031351799,1056,1357,,,,,,,,,,0.000,242.424,Device,Device,NVIDIA L40S (0),1,,7,[CUDA memcpy Device-to-Device]
1031353591,13536,1358,4096,1,1,128,1,1,45,0.000,0.002,,,,,NVIDIA L40S (0),1,,7,"pcg_cuda::<unnamed>::hash_kernel_chacha8(const pcg_cuda::DpfBlk *, pcg_cuda::DpfBlk *, pcg_cuda::DpfBlk *, int, int, int, unsigned long, unsigned long)"
1031372407,896,1360,,,,,,,,,,0.000,285.714,Device,Pageable,NVIDIA L40S (0),1,,7,[CUDA memcpy Device-to-Host]
1031380695,416,1361,,,,,,,,,,0.000,615.385,Pageable,Device,NVIDIA L40S (0),1,,7,[CUDA memcpy Host-to-Device]
1031383575,22080,1362,4096,1,1,128,1,1,48,0.000,0.000,,,,,NVIDIA L40S (0),1,,7,"pcg_cuda::<unnamed>::expand_kernel(const pcg_cuda::DpfBlk *, const pcg_cuda::DpfBlk *, const pcg_cuda::DpfBlk *, const pcg_cuda::DpfBlk *, pcg_cuda::DpfBlk *, int, int, int, int, unsigned long, unsigned long)"
1031406391,1056,1364,,,,,,,,,,0.000,242.424,Device,Device,NVIDIA L40S (0),1,,7,[CUDA memcpy Device-to-Device]
1031408151,25280,1365,8192,1,1,128,1,1,45,0.000,0.002,,,,,NVIDIA L40S (0),1,,7,"pcg_cuda::<unnamed>::hash_kernel_chacha8(const pcg_cuda::DpfBlk *, pcg_cuda::DpfBlk *, pcg_cuda::DpfBlk *, int, int, int, unsigned long, unsigned long)"
1031441015,896,1367,,,,,,,,,,0.000,285.714,Device,Pageable,NVIDIA L40S (0),1,,7,[CUDA memcpy Device-to-Host]
1031449431,384,1368,,,,,,,,,,0.000,666.666,Pageable,Device,NVIDIA L40S (0),1,,7,[CUDA memcpy Host-to-Device]
1031451351,42944,1369,8192,1,1,128,1,1,48,0.000,0.000,,,,,NVIDIA L40S (0),1,,7,"pcg_cuda::<unnamed>::expand_kernel(const pcg_cuda::DpfBlk *, const pcg_cuda::DpfBlk *, const pcg_cuda::DpfBlk *, const pcg_cuda::DpfBlk *, pcg_cuda::DpfBlk *, int, int, int, int, unsigned long, unsigned long)"
1031494967,1760,1371,,,,,,,,,,0.000,145.454,Device,Device,NVIDIA L40S (0),1,,7,[CUDA memcpy Device-to-Device]
1031497463,51808,1372,16384,1,1,128,1,1,45,0.000,0.002,,,,,NVIDIA L40S (0),1,,7,"pcg_cuda::<unnamed>::hash_kernel_chacha8(const pcg_cuda::DpfBlk *, pcg_cuda::DpfBlk *, pcg_cuda::DpfBlk *, int, int, int, unsigned long, unsigned long)"
1031551607,928,1374,,,,,,,,,,0.000,275.862,Device,Pageable,NVIDIA L40S (0),1,,7,[CUDA memcpy Device-to-Host]
1031560311,416,1375,,,,,,,,,,0.000,615.385,Pageable,Device,NVIDIA L40S (0),1,,7,[CUDA memcpy Host-to-Device]
1031562199,137600,1376,16384,1,1,128,1,1,48,0.000,0.000,,,,,NVIDIA L40S (0),1,,7,"pcg_cuda::<unnamed>::expand_kernel(const pcg_cuda::DpfBlk *, const pcg_cuda::DpfBlk *, const pcg_cuda::DpfBlk *, const pcg_cuda::DpfBlk *, pcg_cuda::DpfBlk *, int, int, int, int, unsigned long, unsigned long)"
1031700503,2240,1378,,,,,,,,,,0.000,114.286,Device,Device,NVIDIA L40S (0),1,,7,[CUDA memcpy Device-to-Device]
1031703479,195424,1379,32768,1,1,128,1,1,45,0.000,0.002,,,,,NVIDIA L40S (0),1,,7,"pcg_cuda::<unnamed>::hash_kernel_chacha8(const pcg_cuda::DpfBlk *, pcg_cuda::DpfBlk *, pcg_cuda::DpfBlk *, int, int, int, unsigned long, unsigned long)"
1031906935,896,1381,,,,,,,,,,0.000,285.714,Device,Pageable,NVIDIA L40S (0),1,,7,[CUDA memcpy Device-to-Host]
1031915287,416,1382,,,,,,,,,,0.000,615.385,Pageable,Device,NVIDIA L40S (0),1,,7,[CUDA memcpy Host-to-Device]
1031917303,381728,1383,32768,1,1,128,1,1,48,0.000,0.000,,,,,NVIDIA L40S (0),1,,7,"pcg_cuda::<unnamed>::expand_kernel(const pcg_cuda::DpfBlk *, const pcg_cuda::DpfBlk *, const pcg_cuda::DpfBlk *, const pcg_cuda::DpfBlk *, pcg_cuda::DpfBlk *, int, int, int, int, unsigned long, unsigned long)"
1032299831,1856,1385,,,,,,,,,,0.000,137.931,Device,Device,NVIDIA L40S (0),1,,7,[CUDA memcpy Device-to-Device]
1032302487,389344,1386,65536,1,1,128,1,1,45,0.000,0.002,,,,,NVIDIA L40S (0),1,,7,"pcg_cuda::<unnamed>::hash_kernel_chacha8(const pcg_cuda::DpfBlk *, pcg_cuda::DpfBlk *, pcg_cuda::DpfBlk *, int, int, int, unsigned long, unsigned long)"
1032698487,1152,1388,,,,,,,,,,0.000,222.222,Device,Pageable,NVIDIA L40S (0),1,,7,[CUDA memcpy Device-to-Host]
1032707287,384,1389,,,,,,,,,,0.000,666.666,Pageable,Device,NVIDIA L40S (0),1,,7,[CUDA memcpy Host-to-Device]
1032710007,791520,1390,65536,1,1,128,1,1,48,0.000,0.000,,,,,NVIDIA L40S (0),1,,7,"pcg_cuda::<unnamed>::expand_kernel(const pcg_cuda::DpfBlk *, const pcg_cuda::DpfBlk *, const pcg_cuda::DpfBlk *, const pcg_cuda::DpfBlk *, pcg_cuda::DpfBlk *, int, int, int, int, unsigned long, unsigned long)"
1033502199,2016,1392,,,,,,,,,,0.000,126.984,Device,Device,NVIDIA L40S (0),1,,7,[CUDA memcpy Device-to-Device]
1033504855,793888,1393,131072,1,1,128,1,1,45,0.000,0.002,,,,,NVIDIA L40S (0),1,,7,"pcg_cuda::<unnamed>::hash_kernel_chacha8(const pcg_cuda::DpfBlk *, pcg_cuda::DpfBlk *, pcg_cuda::DpfBlk *, int, int, int, unsigned long, unsigned long)"
1034303095,1025,1395,,,,,,,,,,0.000,249.756,Device,Pageable,NVIDIA L40S (0),1,,7,[CUDA memcpy Device-to-Host]
1034312024,415,1396,,,,,,,,,,0.000,616.867,Pageable,Device,NVIDIA L40S (0),1,,7,[CUDA memcpy Host-to-Device]
1034314679,1595681,1397,131072,1,1,128,1,1,48,0.000,0.000,,,,,NVIDIA L40S (0),1,,7,"pcg_cuda::<unnamed>::expand_kernel(const pcg_cuda::DpfBlk *, const pcg_cuda::DpfBlk *, const pcg_cuda::DpfBlk *, const pcg_cuda::DpfBlk *, pcg_cuda::DpfBlk *, int, int, int, int, unsigned long, unsigned long)"
1035911128,815392,1399,1024,16,1,256,1,1,34,0.000,0.004,,,,,NVIDIA L40S (0),1,,7,"pcg_cuda::<unnamed>::out_sum_kernel(const pcg_cuda::DpfBlk *, unsigned long *, unsigned long, unsigned long, int)"
1036727192,3520,1401,16,1,1,256,1,1,22,0.000,0.004,,,,,NVIDIA L40S (0),1,,7,"pcg_cuda::<unnamed>::out_fold_kernel(const unsigned long *, unsigned long *, int, int, unsigned long)"
1036733048,896,1403,,,,,,,,,,0.000,285.714,Device,Pageable,NVIDIA L40S (0),1,,7,[CUDA memcpy Device-to-Host]
1036741816,384,1404,,,,,,,,,,0.000,333.333,Pageable,Device,NVIDIA L40S (0),1,,7,[CUDA memcpy Host-to-Device]
1036744984,12288,1405,,,,,,,,,,33.554,2730659.676,Device,,NVIDIA L40S (0),1,,7,[CUDA memset]
1036757944,1125568,1406,1024,16,1,256,1,1,38,0.000,0.000,,,,,NVIDIA L40S (0),1,,7,"pcg_cuda::<unnamed>::out_scatter_kernel(const pcg_cuda::DpfBlk *, const unsigned long *, unsigned long *, unsigned long, int, int, unsigned long, int)"
1037888120,1595105,1408,,,,,,,,,,33.554,21005.074,Device,Pageable,NVIDIA L40S (0),1,,7,[CUDA memcpy Device-to-Host]
1042536473,6722850,1409,8192,1,64,8,32,1,36,0.000,0.004,,,,,NVIDIA L40S (0),1,,13,"void gpuntt::ForwardCore<unsigned long>(T1 *, std::make_unsigned<T1>::type *, const std::conditional<std::is_same<std::make_unsigned<T1>::type, unsigned int>::value, unsigned int, unsigned long>::type *, Modulus<std::make_unsigned<T1>::type>, int, int, int, int, bool, bool, bool)"
1049259963,7054081,1411,128,64,64,4,64,1,36,0.000,0.004,,,,,NVIDIA L40S (0),1,,13,"void gpuntt::ForwardCore<unsigned long>(T1 *, std::make_unsigned<T1>::type *, const std::conditional<std::is_same<std::make_unsigned<T1>::type, unsigned int>::value, unsigned int, unsigned long>::type *, Modulus<std::make_unsigned<T1>::type>, int, int, int, int, bool, bool, bool)"
1056314812,8545346,1413,1,8192,64,256,1,1,36,0.000,0.004,,,,,NVIDIA L40S (0),1,,13,"void gpuntt::ForwardCore<unsigned long>(T1 *, std::make_unsigned<T1>::type *, const std::conditional<std::is_same<std::make_unsigned<T1>::type, unsigned int>::value, unsigned int, unsigned long>::type *, Modulus<std::make_unsigned<T1>::type>, int, int, int, int, bool, bool, bool)"
1064860894,6769441,1415,8192,1,64,8,32,1,36,0.000,0.004,,,,,NVIDIA L40S (0),1,,13,"void gpuntt::ForwardCore<unsigned long>(T1 *, std::make_unsigned<T1>::type *, const std::conditional<std::is_same<std::make_unsigned<T1>::type, unsigned int>::value, unsigned int, unsigned long>::type *, Modulus<std::make_unsigned<T1>::type>, int, int, int, int, bool, bool, bool)"
1071631103,7038146,1417,128,64,64,4,64,1,36,0.000,0.004,,,,,NVIDIA L40S (0),1,,13,"void gpuntt::ForwardCore<unsigned long>(T1 *, std::make_unsigned<T1>::type *, const std::conditional<std::is_same<std::make_unsigned<T1>::type, unsigned int>::value, unsigned int, unsigned long>::type *, Modulus<std::make_unsigned<T1>::type>, int, int, int, int, bool, bool, bool)"
1078669953,8730050,1419,1,8192,64,256,1,1,36,0.000,0.004,,,,,NVIDIA L40S (0),1,,13,"void gpuntt::ForwardCore<unsigned long>(T1 *, std::make_unsigned<T1>::type *, const std::conditional<std::is_same<std::make_unsigned<T1>::type, unsigned int>::value, unsigned int, unsigned long>::type *, Modulus<std::make_unsigned<T1>::type>, int, int, int, int, bool, bool, bool)"
1087541923,9169698,1421,1048576,1,1,256,1,1,20,0.000,0.000,,,,,NVIDIA L40S (0),1,,13,"fused4::pointwise_kernel(unsigned long *, const unsigned long *, Modulus<unsigned long>, unsigned long)"
1096716197,8508161,1422,1,8192,64,256,1,1,36,0.000,0.004,,,,,NVIDIA L40S (0),1,,13,"void gpuntt::InverseCore<unsigned long>(std::make_unsigned<T1>::type *, T1 *, const std::conditional<std::is_same<std::make_unsigned<T1>::type, unsigned int>::value, unsigned int, unsigned long>::type *, Modulus<std::make_unsigned<T1>::type>, int, int, int, int, int, std::conditional<std::is_same<std::make_unsigned<T1>::type, unsigned int>::value, unsigned int, unsigned long>::type, bool, bool)"
1105225190,7069154,1424,128,64,64,4,64,1,36,0.000,0.004,,,,,NVIDIA L40S (0),1,,13,"void gpuntt::InverseCore<unsigned long>(std::make_unsigned<T1>::type *, T1 *, const std::conditional<std::is_same<std::make_unsigned<T1>::type, unsigned int>::value, unsigned int, unsigned long>::type *, Modulus<std::make_unsigned<T1>::type>, int, int, int, int, int, std::conditional<std::is_same<std::make_unsigned<T1>::type, unsigned int>::value, unsigned int, unsigned long>::type, bool, bool)"
1112295144,6753697,1426,8192,1,64,8,32,1,36,0.000,0.004,,,,,NVIDIA L40S (0),1,,13,"void gpuntt::InverseCore<unsigned long>(std::make_unsigned<T1>::type *, T1 *, const std::conditional<std::is_same<std::make_unsigned<T1>::type, unsigned int>::value, unsigned int, unsigned long>::type *, Modulus<std::make_unsigned<T1>::type>, int, int, int, int, int, std::conditional<std::is_same<std::make_unsigned<T1>::type, unsigned int>::value, unsigned int, unsigned long>::type, bool, bool)"
1119068233,2368,1429,,,,,,,,,,0.000,108.108,Pageable,Device,NVIDIA L40S (0),1,,7,[CUDA memcpy Host-to-Device]
1119078697,608,1430,,,,,,,,,,0.005,8842.101,Pageable,Device,NVIDIA L40S (0),1,,7,[CUDA memcpy Host-to-Device]
1119088713,1312,1431,,,,,,,,,,0.000,195.122,Device,Device,NVIDIA L40S (0),1,,7,[CUDA memcpy Device-to-Device]
1119095721,2368,1432,1,1,1,128,1,1,45,0.000,0.002,,,,,NVIDIA L40S (0),1,,7,"pcg_cuda::<unnamed>::hash_kernel_chacha8(const pcg_cuda::DpfBlk *, pcg_cuda::DpfBlk *, pcg_cuda::DpfBlk *, int, int, int, unsigned long, unsigned long)"
1119101001,1504,1434,,,,,,,,,,0.000,170.213,Device,Pageable,NVIDIA L40S (0),1,,7,[CUDA memcpy Device-to-Host]
1119111017,384,1435,,,,,,,,,,0.000,666.666,Pageable,Device,NVIDIA L40S (0),1,,7,[CUDA memcpy Host-to-Device]
1119116233,1792,1436,1,1,1,128,1,1,48,0.000,0.000,,,,,NVIDIA L40S (0),1,,7,"pcg_cuda::<unnamed>::expand_kernel(const pcg_cuda::DpfBlk *, const pcg_cuda::DpfBlk *, const pcg_cuda::DpfBlk *, const pcg_cuda::DpfBlk *, pcg_cuda::DpfBlk *, int, int, int, int, unsigned long, unsigned long)"
1119121321,1024,1438,,,,,,,,,,0.000,250.000,Device,Device,NVIDIA L40S (0),1,,7,[CUDA memcpy Device-to-Device]
1119123273,1568,1439,1,1,1,128,1,1,45,0.000,0.002,,,,,NVIDIA L40S (0),1,,7,"pcg_cuda::<unnamed>::hash_kernel_chacha8(const pcg_cuda::DpfBlk *, pcg_cuda::DpfBlk *, pcg_cuda::DpfBlk *, int, int, int, unsigned long, unsigned long)"
1119125833,864,1441,,,,,,,,,,0.000,296.296,Device,Pageable,NVIDIA L40S (0),1,,7,[CUDA memcpy Device-to-Host]
1119134185,416,1442,,,,,,,,,,0.000,615.385,Pageable,Device,NVIDIA L40S (0),1,,7,[CUDA memcpy Host-to-Device]
1119136649,1504,1443,1,1,1,128,1,1,48,0.000,0.000,,,,,NVIDIA L40S (0),1,,7,"pcg_cuda::<unnamed>::expand_kernel(const pcg_cuda::DpfBlk *, const pcg_cuda::DpfBlk *, const pcg_cuda::DpfBlk *, const pcg_cuda::DpfBlk *, pcg_cuda::DpfBlk *, int, int, int, int, unsigned long, unsigned long)"
1119140713,1056,1445,,,,,,,,,,0.000,242.424,Device,Device,NVIDIA L40S (0),1,,7,[CUDA memcpy Device-to-Device]
1119143817,1568,1446,1,1,1,128,1,1,45,0.000,0.002,,,,,NVIDIA L40S (0),1,,7,"pcg_cuda::<unnamed>::hash_kernel_chacha8(const pcg_cuda::DpfBlk *, pcg_cuda::DpfBlk *, pcg_cuda::DpfBlk *, int, int, int, unsigned long, unsigned long)"
1119145833,896,1448,,,,,,,,,,0.000,285.714,Device,Pageable,NVIDIA L40S (0),1,,7,[CUDA memcpy Device-to-Host]
1119154025,384,1449,,,,,,,,,,0.000,666.666,Pageable,Device,NVIDIA L40S (0),1,,7,[CUDA memcpy Host-to-Device]
1119156521,1472,1450,1,1,1,128,1,1,48,0.000,0.000,,,,,NVIDIA L40S (0),1,,7,"pcg_cuda::<unnamed>::expand_kernel(const pcg_cuda::DpfBlk *, const pcg_cuda::DpfBlk *, const pcg_cuda::DpfBlk *, const pcg_cuda::DpfBlk *, pcg_cuda::DpfBlk *, int, int, int, int, unsigned long, unsigned long)"
1119160169,1056,1452,,,,,,,,,,0.000,242.424,Device,Device,NVIDIA L40S (0),1,,7,[CUDA memcpy Device-to-Device]
1119162953,1632,1453,1,1,1,128,1,1,45,0.000,0.002,,,,,NVIDIA L40S (0),1,,7,"pcg_cuda::<unnamed>::hash_kernel_chacha8(const pcg_cuda::DpfBlk *, pcg_cuda::DpfBlk *, pcg_cuda::DpfBlk *, int, int, int, unsigned long, unsigned long)"
1119164937,896,1455,,,,,,,,,,0.000,285.714,Device,Pageable,NVIDIA L40S (0),1,,7,[CUDA memcpy Device-to-Host]
1119173481,384,1456,,,,,,,,,,0.000,666.666,Pageable,Device,NVIDIA L40S (0),1,,7,[CUDA memcpy Host-to-Device]
1119175721,1504,1457,1,1,1,128,1,1,48,0.000,0.000,,,,,NVIDIA L40S (0),1,,7,"pcg_cuda::<unnamed>::expand_kernel(const pcg_cuda::DpfBlk *, const pcg_cuda::DpfBlk *, const pcg_cuda::DpfBlk *, const pcg_cuda::DpfBlk *, pcg_cuda::DpfBlk *, int, int, int, int, unsigned long, unsigned long)"
1119179337,1024,1459,,,,,,,,,,0.000,250.000,Device,Device,NVIDIA L40S (0),1,,7,[CUDA memcpy Device-to-Device]
1119182537,1920,1460,2,1,1,128,1,1,45,0.000,0.002,,,,,NVIDIA L40S (0),1,,7,"pcg_cuda::<unnamed>::hash_kernel_chacha8(const pcg_cuda::DpfBlk *, pcg_cuda::DpfBlk *, pcg_cuda::DpfBlk *, int, int, int, unsigned long, unsigned long)"
1119192713,896,1462,,,,,,,,,,0.000,285.714,Device,Pageable,NVIDIA L40S (0),1,,7,[CUDA memcpy Device-to-Host]
1119200905,384,1463,,,,,,,,,,0.000,666.666,Pageable,Device,NVIDIA L40S (0),1,,7,[CUDA memcpy Host-to-Device]
1119203401,1632,1464,2,1,1,128,1,1,48,0.000,0.000,,,,,NVIDIA L40S (0),1,,7,"pcg_cuda::<unnamed>::expand_kernel(const pcg_cuda::DpfBlk *, const pcg_cuda::DpfBlk *, const pcg_cuda::DpfBlk *, const pcg_cuda::DpfBlk *, pcg_cuda::DpfBlk *, int, int, int, int, unsigned long, unsigned long)"
1119207273,1056,1466,,,,,,,,,,0.000,242.424,Device,Device,NVIDIA L40S (0),1,,7,[CUDA memcpy Device-to-Device]
1119209545,2240,1467,4,1,1,128,1,1,45,0.000,0.002,,,,,NVIDIA L40S (0),1,,7,"pcg_cuda::<unnamed>::hash_kernel_chacha8(const pcg_cuda::DpfBlk *, pcg_cuda::DpfBlk *, pcg_cuda::DpfBlk *, int, int, int, unsigned long, unsigned long)"
1119212105,896,1469,,,,,,,,,,0.000,285.714,Device,Pageable,NVIDIA L40S (0),1,,7,[CUDA memcpy Device-to-Host]
1119220361,384,1470,,,,,,,,,,0.000,666.666,Pageable,Device,NVIDIA L40S (0),1,,7,[CUDA memcpy Host-to-Device]
1119223561,1664,1471,4,1,1,128,1,1,48,0.000,0.000,,,,,NVIDIA L40S (0),1,,7,"pcg_cuda::<unnamed>::expand_kernel(const pcg_cuda::DpfBlk *, const pcg_cuda::DpfBlk *, const pcg_cuda::DpfBlk *, const pcg_cuda::DpfBlk *, pcg_cuda::DpfBlk *, int, int, int, int, unsigned long, unsigned long)"
1119226889,1056,1473,,,,,,,,,,0.000,242.424,Device,Device,NVIDIA L40S (0),1,,7,[CUDA memcpy Device-to-Device]
1119229097,2752,1474,8,1,1,128,1,1,45,0.000,0.002,,,,,NVIDIA L40S (0),1,,7,"pcg_cuda::<unnamed>::hash_kernel_chacha8(const pcg_cuda::DpfBlk *, pcg_cuda::DpfBlk *, pcg_cuda::DpfBlk *, int, int, int, unsigned long, unsigned long)"
1119239817,928,1476,,,,,,,,,,0.000,275.862,Device,Pageable,NVIDIA L40S (0),1,,7,[CUDA memcpy Device-to-Host]
1119248073,384,1477,,,,,,,,,,0.000,666.666,Pageable,Device,NVIDIA L40S (0),1,,7,[CUDA memcpy Host-to-Device]
1119250473,1664,1478,8,1,1,128,1,1,48,0.000,0.000,,,,,NVIDIA L40S (0),1,,7,"pcg_cuda::<unnamed>::expand_kernel(const pcg_cuda::DpfBlk *, const pcg_cuda::DpfBlk *, const pcg_cuda::DpfBlk *, const pcg_cuda::DpfBlk *, pcg_cuda::DpfBlk *, int, int, int, int, unsigned long, unsigned long)"
1119254697,1024,1480,,,,,,,,,,0.000,250.000,Device,Device,NVIDIA L40S (0),1,,7,[CUDA memcpy Device-to-Device]
1119256809,2176,1481,16,1,1,128,1,1,45,0.000,0.002,,,,,NVIDIA L40S (0),1,,7,"pcg_cuda::<unnamed>::hash_kernel_chacha8(const pcg_cuda::DpfBlk *, pcg_cuda::DpfBlk *, pcg_cuda::DpfBlk *, int, int, int, unsigned long, unsigned long)"
1119259497,896,1483,,,,,,,,,,0.000,285.714,Device,Pageable,NVIDIA L40S (0),1,,7,[CUDA memcpy Device-to-Host]
1119273257,384,1484,,,,,,,,,,0.000,666.666,Pageable,Device,NVIDIA L40S (0),1,,7,[CUDA memcpy Host-to-Device]
1119275465,1664,1485,16,1,1,128,1,1,48,0.000,0.000,,,,,NVIDIA L40S (0),1,,7,"pcg_cuda::<unnamed>::expand_kernel(const pcg_cuda::DpfBlk *, const pcg_cuda::DpfBlk *, const pcg_cuda::DpfBlk *, const pcg_cuda::DpfBlk *, pcg_cuda::DpfBlk *, int, int, int, int, unsigned long, unsigned long)"
1119279273,1056,1487,,,,,,,,,,0.000,242.424,Device,Device,NVIDIA L40S (0),1,,7,[CUDA memcpy Device-to-Device]
1119282505,2048,1488,32,1,1,128,1,1,45,0.000,0.002,,,,,NVIDIA L40S (0),1,,7,"pcg_cuda::<unnamed>::hash_kernel_chacha8(const pcg_cuda::DpfBlk *, pcg_cuda::DpfBlk *, pcg_cuda::DpfBlk *, int, int, int, unsigned long, unsigned long)"
1119285001,928,1490,,,,,,,,,,0.000,275.862,Device,Pageable,NVIDIA L40S (0),1,,7,[CUDA memcpy Device-to-Host]
1119293257,384,1491,,,,,,,,,,0.000,666.666,Pageable,Device,NVIDIA L40S (0),1,,7,[CUDA memcpy Host-to-Device]
1119295657,1632,1492,32,1,1,128,1,1,48,0.000,0.000,,,,,NVIDIA L40S (0),1,,7,"pcg_cuda::<unnamed>::expand_kernel(const pcg_cuda::DpfBlk *, const pcg_cuda::DpfBlk *, const pcg_cuda::DpfBlk *, const pcg_cuda::DpfBlk *, pcg_cuda::DpfBlk *, int, int, int, int, unsigned long, unsigned long)"
1119299241,1024,1494,,,,,,,,,,0.000,250.000,Device,Device,NVIDIA L40S (0),1,,7,[CUDA memcpy Device-to-Device]
1119302185,2176,1495,64,1,1,128,1,1,45,0.000,0.002,,,,,NVIDIA L40S (0),1,,7,"pcg_cuda::<unnamed>::hash_kernel_chacha8(const pcg_cuda::DpfBlk *, pcg_cuda::DpfBlk *, pcg_cuda::DpfBlk *, int, int, int, unsigned long, unsigned long)"
1119312521,928,1497,,,,,,,,,,0.000,275.862,Device,Pageable,NVIDIA L40S (0),1,,7,[CUDA memcpy Device-to-Host]
1119320681,384,1498,,,,,,,,,,0.000,666.666,Pageable,Device,NVIDIA L40S (0),1,,7,[CUDA memcpy Host-to-Device]
1119323145,1664,1499,64,1,1,128,1,1,48,0.000,0.000,,,,,NVIDIA L40S (0),1,,7,"pcg_cuda::<unnamed>::expand_kernel(const pcg_cuda::DpfBlk *, const pcg_cuda::DpfBlk *, const pcg_cuda::DpfBlk *, const pcg_cuda::DpfBlk *, pcg_cuda::DpfBlk *, int, int, int, int, unsigned long, unsigned long)"
1119326601,1056,1501,,,,,,,,,,0.000,242.424,Device,Device,NVIDIA L40S (0),1,,7,[CUDA memcpy Device-to-Device]
1119329097,2112,1502,128,1,1,128,1,1,45,0.000,0.002,,,,,NVIDIA L40S (0),1,,7,"pcg_cuda::<unnamed>::hash_kernel_chacha8(const pcg_cuda::DpfBlk *, pcg_cuda::DpfBlk *, pcg_cuda::DpfBlk *, int, int, int, unsigned long, unsigned long)"
1119331465,896,1504,,,,,,,,,,0.000,285.714,Device,Pageable,NVIDIA L40S (0),1,,7,[CUDA memcpy Device-to-Host]
1119339625,384,1505,,,,,,,,,,0.000,666.666,Pageable,Device,NVIDIA L40S (0),1,,7,[CUDA memcpy Host-to-Device]
1119342857,1792,1506,128,1,1,128,1,1,48,0.000,0.000,,,,,NVIDIA L40S (0),1,,7,"pcg_cuda::<unnamed>::expand_kernel(const pcg_cuda::DpfBlk *, const pcg_cuda::DpfBlk *, const pcg_cuda::DpfBlk *, const pcg_cuda::DpfBlk *, pcg_cuda::DpfBlk *, int, int, int, int, unsigned long, unsigned long)"
1119346057,1056,1508,,,,,,,,,,0.000,242.424,Device,Device,NVIDIA L40S (0),1,,7,[CUDA memcpy Device-to-Device]
1119348329,2496,1509,256,1,1,128,1,1,45,0.000,0.002,,,,,NVIDIA L40S (0),1,,7,"pcg_cuda::<unnamed>::hash_kernel_chacha8(const pcg_cuda::DpfBlk *, pcg_cuda::DpfBlk *, pcg_cuda::DpfBlk *, int, int, int, unsigned long, unsigned long)"
1119351081,864,1511,,,,,,,,,,0.000,296.296,Device,Pageable,NVIDIA L40S (0),1,,7,[CUDA memcpy Device-to-Host]
1119359337,384,1512,,,,,,,,,,0.000,666.666,Pageable,Device,NVIDIA L40S (0),1,,7,[CUDA memcpy Host-to-Device]
1119362633,2496,1513,256,1,1,128,1,1,48,0.000,0.000,,,,,NVIDIA L40S (0),1,,7,"pcg_cuda::<unnamed>::expand_kernel(const pcg_cuda::DpfBlk *, const pcg_cuda::DpfBlk *, const pcg_cuda::DpfBlk *, const pcg_cuda::DpfBlk *, pcg_cuda::DpfBlk *, int, int, int, int, unsigned long, unsigned long)"
1119365801,1056,1515,,,,,,,,,,0.000,242.424,Device,Device,NVIDIA L40S (0),1,,7,[CUDA memcpy Device-to-Device]
1119368105,3104,1516,512,1,1,128,1,1,45,0.000,0.002,,,,,NVIDIA L40S (0),1,,7,"pcg_cuda::<unnamed>::hash_kernel_chacha8(const pcg_cuda::DpfBlk *, pcg_cuda::DpfBlk *, pcg_cuda::DpfBlk *, int, int, int, unsigned long, unsigned long)"
1119379081,896,1518,,,,,,,,,,0.000,285.714,Device,Pageable,NVIDIA L40S (0),1,,7,[CUDA memcpy Device-to-Host]
1119387241,384,1519,,,,,,,,,,0.000,666.666,Pageable,Device,NVIDIA L40S (0),1,,7,[CUDA memcpy Host-to-Device]
1119389737,3328,1520,512,1,1,128,1,1,48,0.000,0.000,,,,,NVIDIA L40S (0),1,,7,"pcg_cuda::<unnamed>::expand_kernel(const pcg_cuda::DpfBlk *, const pcg_cuda::DpfBlk *, const pcg_cuda::DpfBlk *, const pcg_cuda::DpfBlk *, pcg_cuda::DpfBlk *, int, int, int, int, unsigned long, unsigned long)"
1119394921,1056,1522,,,,,,,,,,0.000,242.424,Device,Device,NVIDIA L40S (0),1,,7,[CUDA memcpy Device-to-Device]
1119397161,4992,1523,1024,1,1,128,1,1,45,0.000,0.002,,,,,NVIDIA L40S (0),1,,7,"pcg_cuda::<unnamed>::hash_kernel_chacha8(const pcg_cuda::DpfBlk *, pcg_cuda::DpfBlk *, pcg_cuda::DpfBlk *, int, int, int, unsigned long, unsigned long)"
1119408777,896,1525,,,,,,,,,,0.000,285.714,Device,Pageable,NVIDIA L40S (0),1,,7,[CUDA memcpy Device-to-Host]
1119416873,416,1526,,,,,,,,,,0.000,615.385,Pageable,Device,NVIDIA L40S (0),1,,7,[CUDA memcpy Host-to-Device]
1119419337,6560,1527,1024,1,1,128,1,1,48,0.000,0.000,,,,,NVIDIA L40S (0),1,,7,"pcg_cuda::<unnamed>::expand_kernel(const pcg_cuda::DpfBlk *, const pcg_cuda::DpfBlk *, const pcg_cuda::DpfBlk *, const pcg_cuda::DpfBlk *, pcg_cuda::DpfBlk *, int, int, int, int, unsigned long, unsigned long)"
1119426665,1056,1529,,,,,,,,,,0.000,242.424,Device,Device,NVIDIA L40S (0),1,,7,[CUDA memcpy Device-to-Device]
1119428393,7744,1530,2048,1,1,128,1,1,45,0.000,0.002,,,,,NVIDIA L40S (0),1,,7,"pcg_cuda::<unnamed>::hash_kernel_chacha8(const pcg_cuda::DpfBlk *, pcg_cuda::DpfBlk *, pcg_cuda::DpfBlk *, int, int, int, unsigned long, unsigned long)"
1119444617,896,1532,,,,,,,,,,0.000,285.714,Device,Pageable,NVIDIA L40S (0),1,,7,[CUDA memcpy Device-to-Host]
1119453033,384,1533,,,,,,,,,,0.000,666.666,Pageable,Device,NVIDIA L40S (0),1,,7,[CUDA memcpy Host-to-Device]
1119455273,11552,1534,2048,1,1,128,1,1,48,0.000,0.000,,,,,NVIDIA L40S (0),1,,7,"pcg_cuda::<unnamed>::expand_kernel(const pcg_cuda::DpfBlk *, const pcg_cuda::DpfBlk *, const pcg_cuda::DpfBlk *, const pcg_cuda::DpfBlk *, pcg_cuda::DpfBlk *, int, int, int, int, unsigned long, unsigned long)"
1119467529,1056,1536,,,,,,,,,,0.000,242.424,Device,Device,NVIDIA L40S (0),1,,7,[CUDA memcpy Device-to-Device]
1119469289,13536,1537,4096,1,1,128,1,1,45,0.000,0.002,,,,,NVIDIA L40S (0),1,,7,"pcg_cuda::<unnamed>::hash_kernel_chacha8(const pcg_cuda::DpfBlk *, pcg_cuda::DpfBlk *, pcg_cuda::DpfBlk *, int, int, int, unsigned long, unsigned long)"
1119488649,896,1539,,,,,,,,,,0.000,285.714,Device,Pageable,NVIDIA L40S (0),1,,7,[CUDA memcpy Device-to-Host]
1119497001,384,1540,,,,,,,,,,0.000,666.666,Pageable,Device,NVIDIA L40S (0),1,,7,[CUDA memcpy Host-to-Device]
1119500073,22368,1541,4096,1,1,128,1,1,48,0.000,0.000,,,,,NVIDIA L40S (0),1,,7,"pcg_cuda::<unnamed>::expand_kernel(const pcg_cuda::DpfBlk *, const pcg_cuda::DpfBlk *, const pcg_cuda::DpfBlk *, const pcg_cuda::DpfBlk *, pcg_cuda::DpfBlk *, int, int, int, int, unsigned long, unsigned long)"
1119523145,1024,1543,,,,,,,,,,0.000,250.000,Device,Device,NVIDIA L40S (0),1,,7,[CUDA memcpy Device-to-Device]
1119524873,24896,1544,8192,1,1,128,1,1,45,0.000,0.002,,,,,NVIDIA L40S (0),1,,7,"pcg_cuda::<unnamed>::hash_kernel_chacha8(const pcg_cuda::DpfBlk *, pcg_cuda::DpfBlk *, pcg_cuda::DpfBlk *, int, int, int, unsigned long, unsigned long)"
1119550729,864,1546,,,,,,,,,,0.000,296.296,Device,Pageable,NVIDIA L40S (0),1,,7,[CUDA memcpy Device-to-Host]
1119559337,384,1547,,,,,,,,,,0.000,666.666,Pageable,Device,NVIDIA L40S (0),1,,7,[CUDA memcpy Host-to-Device]
1119562185,43136,1548,8192,1,1,128,1,1,48,0.000,0.000,,,,,NVIDIA L40S (0),1,,7,"pcg_cuda::<unnamed>::expand_kernel(const pcg_cuda::DpfBlk *, const pcg_cuda::DpfBlk *, const pcg_cuda::DpfBlk *, const pcg_cuda::DpfBlk *, pcg_cuda::DpfBlk *, int, int, int, int, unsigned long, unsigned long)"
1119605993,1760,1550,,,,,,,,,,0.000,145.454,Device,Device,NVIDIA L40S (0),1,,7,[CUDA memcpy Device-to-Device]
1119608521,50304,1551,16384,1,1,128,1,1,45,0.000,0.002,,,,,NVIDIA L40S (0),1,,7,"pcg_cuda::<unnamed>::hash_kernel_chacha8(const pcg_cuda::DpfBlk *, pcg_cuda::DpfBlk *, pcg_cuda::DpfBlk *, int, int, int, unsigned long, unsigned long)"
1119661705,896,1553,,,,,,,,,,0.000,285.714,Device,Pageable,NVIDIA L40S (0),1,,7,[CUDA memcpy Device-to-Host]
1119670249,416,1554,,,,,,,,,,0.000,615.385,Pageable,Device,NVIDIA L40S (0),1,,7,[CUDA memcpy Host-to-Device]
1119672521,135840,1555,16384,1,1,128,1,1,48,0.000,0.000,,,,,NVIDIA L40S (0),1,,7,"pcg_cuda::<unnamed>::expand_kernel(const pcg_cuda::DpfBlk *, const pcg_cuda::DpfBlk *, const pcg_cuda::DpfBlk *, const pcg_cuda::DpfBlk *, pcg_cuda::DpfBlk *, int, int, int, int, unsigned long, unsigned long)"
1119809161,2112,1557,,,,,,,,,,0.000,121.212,Device,Device,NVIDIA L40S (0),1,,7,[CUDA memcpy Device-to-Device]
1119811945,197984,1558,32768,1,1,128,1,1,45,0.000,0.002,,,,,NVIDIA L40S (0),1,,7,"pcg_cuda::<unnamed>::hash_kernel_chacha8(const pcg_cuda::DpfBlk *, pcg_cuda::DpfBlk *, pcg_cuda::DpfBlk *, int, int, int, unsigned long, unsigned long)"
1120012937,896,1560,,,,,,,,,,0.000,285.714,Device,Pageable,NVIDIA L40S (0),1,,7,[CUDA memcpy Device-to-Host]
1120021449,384,1561,,,,,,,,,,0.000,666.666,Pageable,Device,NVIDIA L40S (0),1,,7,[CUDA memcpy Host-to-Device]
1120023561,382208,1562,32768,1,1,128,1,1,48,0.000,0.000,,,,,NVIDIA L40S (0),1,,7,"pcg_cuda::<unnamed>::expand_kernel(const pcg_cuda::DpfBlk *, const pcg_cuda::DpfBlk *, const pcg_cuda::DpfBlk *, const pcg_cuda::DpfBlk *, pcg_cuda::DpfBlk *, int, int, int, int, unsigned long, unsigned long)"
1120406441,2368,1564,,,,,,,,,,0.000,108.108,Device,Device,NVIDIA L40S (0),1,,7,[CUDA memcpy Device-to-Device]
1120409578,390368,1565,65536,1,1,128,1,1,45,0.000,0.002,,,,,NVIDIA L40S (0),1,,7,"pcg_cuda::<unnamed>::hash_kernel_chacha8(const pcg_cuda::DpfBlk *, pcg_cuda::DpfBlk *, pcg_cuda::DpfBlk *, int, int, int, unsigned long, unsigned long)"
1120807561,1025,1567,,,,,,,,,,0.000,249.756,Device,Pageable,NVIDIA L40S (0),1,,7,[CUDA memcpy Device-to-Host]
1120816265,385,1568,,,,,,,,,,0.000,664.935,Pageable,Device,NVIDIA L40S (0),1,,7,[CUDA memcpy Host-to-Device]
1120818345,800129,1569,65536,1,1,128,1,1,48,0.000,0.000,,,,,NVIDIA L40S (0),1,,7,"pcg_cuda::<unnamed>::expand_kernel(const pcg_cuda::DpfBlk *, const pcg_cuda::DpfBlk *, const pcg_cuda::DpfBlk *, const pcg_cuda::DpfBlk *, pcg_cuda::DpfBlk *, int, int, int, int, unsigned long, unsigned long)"
1121619114,1600,1571,,,,,,,,,,0.000,160.000,Device,Device,NVIDIA L40S (0),1,,7,[CUDA memcpy Device-to-Device]
1121621482,793152,1572,131072,1,1,128,1,1,45,0.000,0.002,,,,,NVIDIA L40S (0),1,,7,"pcg_cuda::<unnamed>::hash_kernel_chacha8(const pcg_cuda::DpfBlk *, pcg_cuda::DpfBlk *, pcg_cuda::DpfBlk *, int, int, int, unsigned long, unsigned long)"
1122415242,1024,1574,,,,,,,,,,0.000,250.000,Device,Pageable,NVIDIA L40S (0),1,,7,[CUDA memcpy Device-to-Host]
1122424298,384,1575,,,,,,,,,,0.000,666.666,Pageable,Device,NVIDIA L40S (0),1,,7,[CUDA memcpy Host-to-Device]
1122426474,1588480,1576,131072,1,1,128,1,1,48,0.000,0.000,,,,,NVIDIA L40S (0),1,,7,"pcg_cuda::<unnamed>::expand_kernel(const pcg_cuda::DpfBlk *, const pcg_cuda::DpfBlk *, const pcg_cuda::DpfBlk *, const pcg_cuda::DpfBlk *, pcg_cuda::DpfBlk *, int, int, int, int, unsigned long, unsigned long)"
1124015658,815969,1578,1024,16,1,256,1,1,34,0.000,0.004,,,,,NVIDIA L40S (0),1,,7,"pcg_cuda::<unnamed>::out_sum_kernel(const pcg_cuda::DpfBlk *, unsigned long *, unsigned long, unsigned long, int)"
1124832394,3520,1580,16,1,1,256,1,1,22,0.000,0.004,,,,,NVIDIA L40S (0),1,,7,"pcg_cuda::<unnamed>::out_fold_kernel(const unsigned long *, unsigned long *, int, int, unsigned long)"
1124838026,896,1582,,,,,,,,,,0.000,285.714,Device,Pageable,NVIDIA L40S (0),1,,7,[CUDA memcpy Device-to-Host]
1124846922,416,1583,,,,,,,,,,0.000,307.692,Pageable,Device,NVIDIA L40S (0),1,,7,[CUDA memcpy Host-to-Device]
1124857130,12352,1584,,,,,,,,,,33.554,2716499.706,Device,,NVIDIA L40S (0),1,,7,[CUDA memset]
1124870218,1126433,1585,1024,16,1,256,1,1,38,0.000,0.000,,,,,NVIDIA L40S (0),1,,7,"pcg_cuda::<unnamed>::out_scatter_kernel(const pcg_cuda::DpfBlk *, const unsigned long *, unsigned long *, unsigned long, int, int, unsigned long, int)"
1125999243,1593984,1587,,,,,,,,,,33.554,21038.629,Device,Pageable,NVIDIA L40S (0),1,,7,[CUDA memcpy Device-to-Host]
1127657771,2304,1588,,,,,,,,,,0.000,111.111,Pageable,Device,NVIDIA L40S (0),1,,7,[CUDA memcpy Host-to-Device]
1127665739,608,1589,,,,,,,,,,0.005,8842.101,Pageable,Device,NVIDIA L40S (0),1,,7,[CUDA memcpy Host-to-Device]
1127670283,1312,1590,,,,,,,,,,0.000,195.122,Device,Device,NVIDIA L40S (0),1,,7,[CUDA memcpy Device-to-Device]
1127674923,2112,1591,1,1,1,128,1,1,45,0.000,0.002,,,,,NVIDIA L40S (0),1,,7,"pcg_cuda::<unnamed>::hash_kernel_chacha8(const pcg_cuda::DpfBlk *, pcg_cuda::DpfBlk *, pcg_cuda::DpfBlk *, int, int, int, unsigned long, unsigned long)"
1127680491,1472,1593,,,,,,,,,,0.000,173.913,Device,Pageable,NVIDIA L40S (0),1,,7,[CUDA memcpy Device-to-Host]
1127689483,384,1594,,,,,,,,,,0.000,666.666,Pageable,Device,NVIDIA L40S (0),1,,7,[CUDA memcpy Host-to-Device]
1127695051,1696,1595,1,1,1,128,1,1,48,0.000,0.000,,,,,NVIDIA L40S (0),1,,7,"pcg_cuda::<unnamed>::expand_kernel(const pcg_cuda::DpfBlk *, const pcg_cuda::DpfBlk *, const pcg_cuda::DpfBlk *, const pcg_cuda::DpfBlk *, pcg_cuda::DpfBlk *, int, int, int, int, unsigned long, unsigned long)"
1127699147,1024,1597,,,,,,,,,,0.000,250.000,Device,Device,NVIDIA L40S (0),1,,7,[CUDA memcpy Device-to-Device]
1127701931,1568,1598,1,1,1,128,1,1,45,0.000,0.002,,,,,NVIDIA L40S (0),1,,7,"pcg_cuda::<unnamed>::hash_kernel_chacha8(const pcg_cuda::DpfBlk *, pcg_cuda::DpfBlk *, pcg_cuda::DpfBlk *, int, int, int, unsigned long, unsigned long)"
1127704267,896,1600,,,,,,,,,,0.000,285.714,Device,Pageable,NVIDIA L40S (0),1,,7,[CUDA memcpy Device-to-Host]
1127712715,416,1601,,,,,,,,,,0.000,615.385,Pageable,Device,NVIDIA L40S (0),1,,7,[CUDA memcpy Host-to-Device]
1127715883,1504,1602,1,1,1,128,1,1,48,0.000,0.000,,,,,NVIDIA L40S (0),1,,7,"pcg_cuda::<unnamed>::expand_kernel(const pcg_cuda::DpfBlk *, const pcg_cuda::DpfBlk *, const pcg_cuda::DpfBlk *, const pcg_cuda::DpfBlk *, pcg_cuda::DpfBlk *, int, int, int, int, unsigned long, unsigned long)"
1127719147,1024,1604,,,,,,,,,,0.000,250.000,Device,Device,NVIDIA L40S (0),1,,7,[CUDA memcpy Device-to-Device]
1127721611,1568,1605,1,1,1,128,1,1,45,0.000,0.002,,,,,NVIDIA L40S (0),1,,7,"pcg_cuda::<unnamed>::hash_kernel_chacha8(const pcg_cuda::DpfBlk *, pcg_cuda::DpfBlk *, pcg_cuda::DpfBlk *, int, int, int, unsigned long, unsigned long)"
1127724075,896,1607,,,,,,,,,,0.000,285.714,Device,Pageable,NVIDIA L40S (0),1,,7,[CUDA memcpy Device-to-Host]
1127732299,384,1608,,,,,,,,,,0.000,666.666,Pageable,Device,NVIDIA L40S (0),1,,7,[CUDA memcpy Host-to-Device]
1127735307,1504,1609,1,1,1,128,1,1,48,0.000,0.000,,,,,NVIDIA L40S (0),1,,7,"pcg_cuda::<unnamed>::expand_kernel(const pcg_cuda::DpfBlk *, const pcg_cuda::DpfBlk *, const pcg_cuda::DpfBlk *, const pcg_cuda::DpfBlk *, pcg_cuda::DpfBlk *, int, int, int, int, unsigned long, unsigned long)"
1127738667,1024,1611,,,,,,,,,,0.000,250.000,Device,Device,NVIDIA L40S (0),1,,7,[CUDA memcpy Device-to-Device]
1127740939,1632,1612,1,1,1,128,1,1,45,0.000,0.002,,,,,NVIDIA L40S (0),1,,7,"pcg_cuda::<unnamed>::hash_kernel_chacha8(const pcg_cuda::DpfBlk *, pcg_cuda::DpfBlk *, pcg_cuda::DpfBlk *, int, int, int, unsigned long, unsigned long)"
1127743627,896,1614,,,,,,,,,,0.000,285.714,Device,Pageable,NVIDIA L40S (0),1,,7,[CUDA memcpy Device-to-Host]
1127751851,384,1615,,,,,,,,,,0.000,666.666,Pageable,Device,NVIDIA L40S (0),1,,7,[CUDA memcpy Host-to-Device]
1127754219,1536,1616,1,1,1,128,1,1,48,0.000,0.000,,,,,NVIDIA L40S (0),1,,7,"pcg_cuda::<unnamed>::expand_kernel(const pcg_cuda::DpfBlk *, const pcg_cuda::DpfBlk *, const pcg_cuda::DpfBlk *, const pcg_cuda::DpfBlk *, pcg_cuda::DpfBlk *, int, int, int, int, unsigned long, unsigned long)"
1127757611,1024,1618,,,,,,,,,,0.000,250.000,Device,Device,NVIDIA L40S (0),1,,7,[CUDA memcpy Device-to-Device]
1127760523,1824,1619,2,1,1,128,1,1,45,0.000,0.002,,,,,NVIDIA L40S (0),1,,7,"pcg_cuda::<unnamed>::hash_kernel_chacha8(const pcg_cuda::DpfBlk *, pcg_cuda::DpfBlk *, pcg_cuda::DpfBlk *, int, int, int, unsigned long, unsigned long)"
1127762763,896,1621,,,,,,,,,,0.000,285.714,Device,Pageable,NVIDIA L40S (0),1,,7,[CUDA memcpy Device-to-Host]
1127771243,384,1622,,,,,,,,,,0.000,666.666,Pageable,Device,NVIDIA L40S (0),1,,7,[CUDA memcpy Host-to-Device]
1127773515,1536,1623,2,1,1,128,1,1,48,0.000,0.000,,,,,NVIDIA L40S (0),1,,7,"pcg_cuda::<unnamed>::expand_kernel(const pcg_cuda::DpfBlk *, const pcg_cuda::DpfBlk *, const pcg_cuda::DpfBlk *, const pcg_cuda::DpfBlk *, pcg_cuda::DpfBlk *, int, int, int, int, unsigned long, unsigned long)"
1127776907,1056,1625,,,,,,,,,,0.000,242.424,Device,Device,NVIDIA L40S (0),1,,7,[CUDA memcpy Device-to-Device]
1127779915,2144,1626,4,1,1,128,1,1,45,0.000,0.002,,,,,NVIDIA L40S (0),1,,7,"pcg_cuda::<unnamed>::hash_kernel_chacha8(const pcg_cuda::DpfBlk *, pcg_cuda::DpfBlk *, pcg_cuda::DpfBlk *, int, int, int, unsigned long, unsigned long)"
1127782443,864,1628,,,,,,,,,,0.000,296.296,Device,Pageable,NVIDIA L40S (0),1,,7,[CUDA memcpy Device-to-Host]
1127790507,384,1629,,,,,,,,,,0.000,666.666,Pageable,Device,NVIDIA L40S (0),1,,7,[CUDA memcpy Host-to-Device]
1127792843,1568,1630,4,1,1,128,1,1,48,0.000,0.000,,,,,NVIDIA L40S (0),1,,7,"pcg_cuda::<unnamed>::expand_kernel(const pcg_cuda::DpfBlk *, const pcg_cuda::DpfBlk *, const pcg_cuda::DpfBlk *, const pcg_cuda::DpfBlk *, pcg_cuda::DpfBlk *, int, int, int, int, unsigned long, unsigned long)"
1127796363,1056,1632,,,,,,,,,,0.000,242.424,Device,Device,NVIDIA L40S (0),1,,7,[CUDA memcpy Device-to-Device]
1127798731,2688,1633,8,1,1,128,1,1,45,0.000,0.002,,,,,NVIDIA L40S (0),1,,7,"pcg_cuda::<unnamed>::hash_kernel_chacha8(const pcg_cuda::DpfBlk *, pcg_cuda::DpfBlk *, pcg_cuda::DpfBlk *, int, int, int, unsigned long, unsigned long)"
1127809675,896,1635,,,,,,,,,,0.000,285.714,Device,Pageable,NVIDIA L40S (0),1,,7,[CUDA memcpy Device-to-Host]
1127818283,384,1636,,,,,,,,,,0.000,666.666,Pageable,Device,NVIDIA L40S (0),1,,7,[CUDA memcpy Host-to-Device]
1127820491,1568,1637,8,1,1,128,1,1,48,0.000,0.000,,,,,NVIDIA L40S (0),1,,7,"pcg_cuda::<unnamed>::expand_kernel(const pcg_cuda::DpfBlk *, const pcg_cuda::DpfBlk *, const pcg_cuda::DpfBlk *, const pcg_cuda::DpfBlk *, pcg_cuda::DpfBlk *, int, int, int, int, unsigned long, unsigned long)"
1127824075,1056,1639,,,,,,,,,,0.000,242.424,Device,Device,NVIDIA L40S (0),1,,7,[CUDA memcpy Device-to-Device]
1127826283,2016,1640,16,1,1,128,1,1,45,0.000,0.002,,,,,NVIDIA L40S (0),1,,7,"pcg_cuda::<unnamed>::hash_kernel_chacha8(const pcg_cuda::DpfBlk *, pcg_cuda::DpfBlk *, pcg_cuda::DpfBlk *, int, int, int, unsigned long, unsigned long)"
1127829579,896,1642,,,,,,,,,,0.000,285.714,Device,Pageable,NVIDIA L40S (0),1,,7,[CUDA memcpy Device-to-Host]
1127837995,384,1643,,,,,,,,,,0.000,666.666,Pageable,Device,NVIDIA L40S (0),1,,7,[CUDA memcpy Host-to-Device]
1127840811,1600,1644,16,1,1,128,1,1,48,0.000,0.000,,,,,NVIDIA L40S (0),1,,7,"pcg_cuda::<unnamed>::expand_kernel(const pcg_cuda::DpfBlk *, const pcg_cuda::DpfBlk *, const pcg_cuda::DpfBlk *, const pcg_cuda::DpfBlk *, pcg_cuda::DpfBlk *, int, int, int, int, unsigned long, unsigned long)"
1127844363,1056,1646,,,,,,,,,,0.000,242.424,Device,Device,NVIDIA L40S (0),1,,7,[CUDA memcpy Device-to-Device]
1127846667,2016,1647,32,1,1,128,1,1,45,0.000,0.002,,,,,NVIDIA L40S (0),1,,7,"pcg_cuda::<unnamed>::hash_kernel_chacha8(const pcg_cuda::DpfBlk *, pcg_cuda::DpfBlk *, pcg_cuda::DpfBlk *, int, int, int, unsigned long, unsigned long)"
1127849291,864,1649,,,,,,,,,,0.000,296.296,Device,Pageable,NVIDIA L40S (0),1,,7,[CUDA memcpy Device-to-Host]
1127857259,384,1650,,,,,,,,,,0.000,666.666,Pageable,Device,NVIDIA L40S (0),1,,7,[CUDA memcpy Host-to-Device]
1127859595,1600,1651,32,1,1,128,1,1,48,0.000,0.000,,,,,NVIDIA L40S (0),1,,7,"pcg_cuda::<unnamed>::expand_kernel(const pcg_cuda::DpfBlk *, const pcg_cuda::DpfBlk *, const pcg_cuda::DpfBlk *, const pcg_cuda::DpfBlk *, pcg_cuda::DpfBlk *, int, int, int, int, unsigned long, unsigned long)"
1127863947,1056,1653,,,,,,,,,,0.000,242.424,Device,Device,NVIDIA L40S (0),1,,7,[CUDA memcpy Device-to-Device]
1127866219,2048,1654,64,1,1,128,1,1,45,0.000,0.002,,,,,NVIDIA L40S (0),1,,7,"pcg_cuda::<unnamed>::hash_kernel_chacha8(const pcg_cuda::DpfBlk *, pcg_cuda::DpfBlk *, pcg_cuda::DpfBlk *, int, int, int, unsigned long, unsigned long)"
1127868811,896,1656,,,,,,,,,,0.000,285.714,Device,Pageable,NVIDIA L40S (0),1,,7,[CUDA memcpy Device-to-Host]
1127876907,384,1657,,,,,,,,,,0.000,666.666,Pageable,Device,NVIDIA L40S (0),1,,7,[CUDA memcpy Host-to-Device]
1127879211,1632,1658,64,1,1,128,1,1,48,0.000,0.000,,,,,NVIDIA L40S (0),1,,7,"pcg_cuda::<unnamed>::expand_kernel(const pcg_cuda::DpfBlk *, const pcg_cuda::DpfBlk *, const pcg_cuda::DpfBlk *, const pcg_cuda::DpfBlk *, pcg_cuda::DpfBlk *, int, int, int, int, unsigned long, unsigned long)"
1127882763,1056,1660,,,,,,,,,,0.000,242.424,Device,Device,NVIDIA L40S (0),1,,7,[CUDA memcpy Device-to-Device]
1127887435,2112,1661,128,1,1,128,1,1,45,0.000,0.002,,,,,NVIDIA L40S (0),1,,7,"pcg_cuda::<unnamed>::hash_kernel_chacha8(const pcg_cuda::DpfBlk *, pcg_cuda::DpfBlk *, pcg_cuda::DpfBlk *, int, int, int, unsigned long, unsigned long)"
1127897739,896,1663,,,,,,,,,,0.000,285.714,Device,Pageable,NVIDIA L40S (0),1,,7,[CUDA memcpy Device-to-Host]
1127905963,384,1664,,,,,,,,,,0.000,666.666,Pageable,Device,NVIDIA L40S (0),1,,7,[CUDA memcpy Host-to-Device]
1127908171,1760,1665,128,1,1,128,1,1,48,0.000,0.000,,,,,NVIDIA L40S (0),1,,7,"pcg_cuda::<unnamed>::expand_kernel(const pcg_cuda::DpfBlk *, const pcg_cuda::DpfBlk *, const pcg_cuda::DpfBlk *, const pcg_cuda::DpfBlk *, pcg_cuda::DpfBlk *, int, int, int, int, unsigned long, unsigned long)"
1127912011,1024,1667,,,,,,,,,,0.000,250.000,Device,Device,NVIDIA L40S (0),1,,7,[CUDA memcpy Device-to-Device]
1127914347,2496,1668,256,1,1,128,1,1,45,0.000,0.002,,,,,NVIDIA L40S (0),1,,7,"pcg_cuda::<unnamed>::hash_kernel_chacha8(const pcg_cuda::DpfBlk *, pcg_cuda::DpfBlk *, pcg_cuda::DpfBlk *, int, int, int, unsigned long, unsigned long)"
1127917099,896,1670,,,,,,,,,,0.000,285.714,Device,Pageable,NVIDIA L40S (0),1,,7,[CUDA memcpy Device-to-Host]
1127925643,384,1671,,,,,,,,,,0.000,666.666,Pageable,Device,NVIDIA L40S (0),1,,7,[CUDA memcpy Host-to-Device]
1127927979,2464,1672,256,1,1,128,1,1,48,0.000,0.000,,,,,NVIDIA L40S (0),1,,7,"pcg_cuda::<unnamed>::expand_kernel(const pcg_cuda::DpfBlk *, const pcg_cuda::DpfBlk *, const pcg_cuda::DpfBlk *, const pcg_cuda::DpfBlk *, pcg_cuda::DpfBlk *, int, int, int, int, unsigned long, unsigned long)"
1127931755,1056,1674,,,,,,,,,,0.000,242.424,Device,Device,NVIDIA L40S (0),1,,7,[CUDA memcpy Device-to-Device]
1127934123,3104,1675,512,1,1,128,1,1,45,0.000,0.002,,,,,NVIDIA L40S (0),1,,7,"pcg_cuda::<unnamed>::hash_kernel_chacha8(const pcg_cuda::DpfBlk *, pcg_cuda::DpfBlk *, pcg_cuda::DpfBlk *, int, int, int, unsigned long, unsigned long)"
1127944843,896,1677,,,,,,,,,,0.000,285.714,Device,Pageable,NVIDIA L40S (0),1,,7,[CUDA memcpy Device-to-Host]
1127952907,384,1678,,,,,,,,,,0.000,666.666,Pageable,Device,NVIDIA L40S (0),1,,7,[CUDA memcpy Host-to-Device]
1127955883,3232,1679,512,1,1,128,1,1,48,0.000,0.000,,,,,NVIDIA L40S (0),1,,7,"pcg_cuda::<unnamed>::expand_kernel(const pcg_cuda::DpfBlk *, const pcg_cuda::DpfBlk *, const pcg_cuda::DpfBlk *, const pcg_cuda::DpfBlk *, pcg_cuda::DpfBlk *, int, int, int, int, unsigned long, unsigned long)"
1127959851,1056,1681,,,,,,,,,,0.000,242.424,Device,Device,NVIDIA L40S (0),1,,7,[CUDA memcpy Device-to-Device]
1127961675,4960,1682,1024,1,1,128,1,1,45,0.000,0.002,,,,,NVIDIA L40S (0),1,,7,"pcg_cuda::<unnamed>::hash_kernel_chacha8(const pcg_cuda::DpfBlk *, pcg_cuda::DpfBlk *, pcg_cuda::DpfBlk *, int, int, int, unsigned long, unsigned long)"
1127973227,864,1684,,,,,,,,,,0.000,296.296,Device,Pageable,NVIDIA L40S (0),1,,7,[CUDA memcpy Device-to-Host]
1127993003,384,1685,,,,,,,,,,0.000,666.666,Pageable,Device,NVIDIA L40S (0),1,,7,[CUDA memcpy Host-to-Device]
1127995179,6560,1686,1024,1,1,128,1,1,48,0.000,0.000,,,,,NVIDIA L40S (0),1,,7,"pcg_cuda::<unnamed>::expand_kernel(const pcg_cuda::DpfBlk *, const pcg_cuda::DpfBlk *, const pcg_cuda::DpfBlk *, const pcg_cuda::DpfBlk *, pcg_cuda::DpfBlk *, int, int, int, int, unsigned long, unsigned long)"
1128002475,1056,1688,,,,,,,,,,0.000,242.424,Device,Device,NVIDIA L40S (0),1,,7,[CUDA memcpy Device-to-Device]
1128004203,8032,1689,2048,1,1,128,1,1,45,0.000,0.002,,,,,NVIDIA L40S (0),1,,7,"pcg_cuda::<unnamed>::hash_kernel_chacha8(const pcg_cuda::DpfBlk *, pcg_cuda::DpfBlk *, pcg_cuda::DpfBlk *, int, int, int, unsigned long, unsigned long)"
1128019595,896,1691,,,,,,,,,,0.000,285.714,Device,Pageable,NVIDIA L40S (0),1,,7,[CUDA memcpy Device-to-Host]
1128027723,384,1692,,,,,,,,,,0.000,666.666,Pageable,Device,NVIDIA L40S (0),1,,7,[CUDA memcpy Host-to-Device]
1128029995,11520,1693,2048,1,1,128,1,1,48,0.000,0.000,,,,,NVIDIA L40S (0),1,,7,"pcg_cuda::<unnamed>::expand_kernel(const pcg_cuda::DpfBlk *, const pcg_cuda::DpfBlk *, const pcg_cuda::DpfBlk *, const pcg_cuda::DpfBlk *, pcg_cuda::DpfBlk *, int, int, int, int, unsigned long, unsigned long)"
1128042187,1056,1695,,,,,,,,,,0.000,242.424,Device,Device,NVIDIA L40S (0),1,,7,[CUDA memcpy Device-to-Device]
1128043947,13472,1696,4096,1,1,128,1,1,45,0.000,0.002,,,,,NVIDIA L40S (0),1,,7,"pcg_cuda::<unnamed>::hash_kernel_chacha8(const pcg_cuda::DpfBlk *, pcg_cuda::DpfBlk *, pcg_cuda::DpfBlk *, int, int, int, unsigned long, unsigned long)"
1128063339,896,1698,,,,,,,,,,0.000,285.714,Device,Pageable,NVIDIA L40S (0),1,,7,[CUDA memcpy Device-to-Host]
1128071243,416,1699,,,,,,,,,,0.000,615.385,Pageable,Device,NVIDIA L40S (0),1,,7,[CUDA memcpy Host-to-Device]
1128073483,21984,1700,4096,1,1,128,1,1,48,0.000,0.000,,,,,NVIDIA L40S (0),1,,7,"pcg_cuda::<unnamed>::expand_kernel(const pcg_cuda::DpfBlk *, const pcg_cuda::DpfBlk *, const pcg_cuda::DpfBlk *, const pcg_cuda::DpfBlk *, pcg_cuda::DpfBlk *, int, int, int, int, unsigned long, unsigned long)"
1128096267,1056,1702,,,,,,,,,,0.000,242.424,Device,Device,NVIDIA L40S (0),1,,7,[CUDA memcpy Device-to-Device]
1128097995,25056,1703,8192,1,1,128,1,1,45,0.000,0.002,,,,,NVIDIA L40S (0),1,,7,"pcg_cuda::<unnamed>::hash_kernel_chacha8(const pcg_cuda::DpfBlk *, pcg_cuda::DpfBlk *, pcg_cuda::DpfBlk *, int, int, int, unsigned long, unsigned long)"
1128123627,896,1705,,,,,,,,,,0.000,285.714,Device,Pageable,NVIDIA L40S (0),1,,7,[CUDA memcpy Device-to-Host]
1128132107,416,1706,,,,,,,,,,0.000,615.385,Pageable,Device,NVIDIA L40S (0),1,,7,[CUDA memcpy Host-to-Device]
1128134187,42848,1707,8192,1,1,128,1,1,48,0.000,0.000,,,,,NVIDIA L40S (0),1,,7,"pcg_cuda::<unnamed>::expand_kernel(const pcg_cuda::DpfBlk *, const pcg_cuda::DpfBlk *, const pcg_cuda::DpfBlk *, const pcg_cuda::DpfBlk *, pcg_cuda::DpfBlk *, int, int, int, int, unsigned long, unsigned long)"
1128177867,1824,1709,,,,,,,,,,0.000,140.351,Device,Device,NVIDIA L40S (0),1,,7,[CUDA memcpy Device-to-Device]
1128180395,49600,1710,16384,1,1,128,1,1,45,0.000,0.002,,,,,NVIDIA L40S (0),1,,7,"pcg_cuda::<unnamed>::hash_kernel_chacha8(const pcg_cuda::DpfBlk *, pcg_cuda::DpfBlk *, pcg_cuda::DpfBlk *, int, int, int, unsigned long, unsigned long)"
1128234635,896,1712,,,,,,,,,,0.000,285.714,Device,Pageable,NVIDIA L40S (0),1,,7,[CUDA memcpy Device-to-Host]
1128242987,416,1713,,,,,,,,,,0.000,615.385,Pageable,Device,NVIDIA L40S (0),1,,7,[CUDA memcpy Host-to-Device]
1128245131,134848,1714,16384,1,1,128,1,1,48,0.000,0.000,,,,,NVIDIA L40S (0),1,,7,"pcg_cuda::<unnamed>::expand_kernel(const pcg_cuda::DpfBlk *, const pcg_cuda::DpfBlk *, const pcg_cuda::DpfBlk *, const pcg_cuda::DpfBlk *, pcg_cuda::DpfBlk *, int, int, int, int, unsigned long, unsigned long)"
1128380651,2400,1716,,,,,,,,,,0.000,106.666,Device,Device,NVIDIA L40S (0),1,,7,[CUDA memcpy Device-to-Device]
1128383755,199808,1717,32768,1,1,128,1,1,45,0.000,0.002,,,,,NVIDIA L40S (0),1,,7,"pcg_cuda::<unnamed>::hash_kernel_chacha8(const pcg_cuda::DpfBlk *, pcg_cuda::DpfBlk *, pcg_cuda::DpfBlk *, int, int, int, unsigned long, unsigned long)"
1128586571,896,1719,,,,,,,,,,0.000,285.714,Device,Pageable,NVIDIA L40S (0),1,,7,[CUDA memcpy Device-to-Host]
1128594699,416,1720,,,,,,,,,,0.000,615.385,Pageable,Device,NVIDIA L40S (0),1,,7,[CUDA memcpy Host-to-Device]
1128596907,380192,1721,32768,1,1,128,1,1,48,0.000,0.000,,,,,NVIDIA L40S (0),1,,7,"pcg_cuda::<unnamed>::expand_kernel(const pcg_cuda::DpfBlk *, const pcg_cuda::DpfBlk *, const pcg_cuda::DpfBlk *, const pcg_cuda::DpfBlk *, pcg_cuda::DpfBlk *, int, int, int, int, unsigned long, unsigned long)"
1128977803,2880,1723,,,,,,,,,,0.000,88.889,Device,Device,NVIDIA L40S (0),1,,7,[CUDA memcpy Device-to-Device]
1128981387,388992,1724,65536,1,1,128,1,1,45,0.000,0.002,,,,,NVIDIA L40S (0),1,,7,"pcg_cuda::<unnamed>::hash_kernel_chacha8(const pcg_cuda::DpfBlk *, pcg_cuda::DpfBlk *, pcg_cuda::DpfBlk *, int, int, int, unsigned long, unsigned long)"
1129375371,1025,1726,,,,,,,,,,0.000,249.756,Device,Pageable,NVIDIA L40S (0),1,,7,[CUDA memcpy Device-to-Host]
1129383788,383,1727,,,,,,,,,,0.000,668.407,Pageable,Device,NVIDIA L40S (0),1,,7,[CUDA memcpy Host-to-Device]
1129385868,791840,1728,65536,1,1,128,1,1,48,0.000,0.000,,,,,NVIDIA L40S (0),1,,7,"pcg_cuda::<unnamed>::expand_kernel(const pcg_cuda::DpfBlk *, const pcg_cuda::DpfBlk *, const pcg_cuda::DpfBlk *, const pcg_cuda::DpfBlk *, pcg_cuda::DpfBlk *, int, int, int, int, unsigned long, unsigned long)"
1130178475,1825,1730,,,,,,,,,,0.000,140.274,Device,Device,NVIDIA L40S (0),1,,7,[CUDA memcpy Device-to-Device]
1130180940,789535,1731,131072,1,1,128,1,1,45,0.000,0.002,,,,,NVIDIA L40S (0),1,,7,"pcg_cuda::<unnamed>::hash_kernel_chacha8(const pcg_cuda::DpfBlk *, pcg_cuda::DpfBlk *, pcg_cuda::DpfBlk *, int, int, int, unsigned long, unsigned long)"
1130974252,1024,1733,,,,,,,,,,0.000,250.000,Device,Pageable,NVIDIA L40S (0),1,,7,[CUDA memcpy Device-to-Host]
1130982860,384,1734,,,,,,,,,,0.000,666.666,Pageable,Device,NVIDIA L40S (0),1,,7,[CUDA memcpy Host-to-Device]
1130984780,1592448,1735,131072,1,1,128,1,1,48,0.000,0.000,,,,,NVIDIA L40S (0),1,,7,"pcg_cuda::<unnamed>::expand_kernel(const pcg_cuda::DpfBlk *, const pcg_cuda::DpfBlk *, const pcg_cuda::DpfBlk *, const pcg_cuda::DpfBlk *, pcg_cuda::DpfBlk *, int, int, int, int, unsigned long, unsigned long)"
1132578028,812032,1737,1024,16,1,256,1,1,34,0.000,0.004,,,,,NVIDIA L40S (0),1,,7,"pcg_cuda::<unnamed>::out_sum_kernel(const pcg_cuda::DpfBlk *, unsigned long *, unsigned long, unsigned long, int)"
1133390764,3424,1739,16,1,1,256,1,1,22,0.000,0.004,,,,,NVIDIA L40S (0),1,,7,"pcg_cuda::<unnamed>::out_fold_kernel(const unsigned long *, unsigned long *, int, int, unsigned long)"
1133398668,896,1741,,,,,,,,,,0.000,285.714,Device,Pageable,NVIDIA L40S (0),1,,7,[CUDA memcpy Device-to-Host]
1133407660,384,1742,,,,,,,,,,0.000,333.333,Pageable,Device,NVIDIA L40S (0),1,,7,[CUDA memcpy Host-to-Device]
1133411628,12224,1743,,,,,,,,,,33.554,2744953.864,Device,,NVIDIA L40S (0),1,,7,[CUDA memset]
1133424524,1126208,1744,1024,16,1,256,1,1,38,0.000,0.000,,,,,NVIDIA L40S (0),1,,7,"pcg_cuda::<unnamed>::out_scatter_kernel(const pcg_cuda::DpfBlk *, const unsigned long *, unsigned long *, unsigned long, int, int, unsigned long, int)"
1134552716,1595937,1746,,,,,,,,,,33.554,21005.074,Device,Pageable,NVIDIA L40S (0),1,,7,[CUDA memcpy Device-to-Host]
1136212749,2336,1747,,,,,,,,,,0.000,109.589,Pageable,Device,NVIDIA L40S (0),1,,7,[CUDA memcpy Host-to-Device]
1136220909,576,1748,,,,,,,,,,0.005,9333.333,Pageable,Device,NVIDIA L40S (0),1,,7,[CUDA memcpy Host-to-Device]
1136225165,1280,1749,,,,,,,,,,0.000,200.000,Device,Device,NVIDIA L40S (0),1,,7,[CUDA memcpy Device-to-Device]
1136229485,2048,1750,1,1,1,128,1,1,45,0.000,0.002,,,,,NVIDIA L40S (0),1,,7,"pcg_cuda::<unnamed>::hash_kernel_chacha8(const pcg_cuda::DpfBlk *, pcg_cuda::DpfBlk *, pcg_cuda::DpfBlk *, int, int, int, unsigned long, unsigned long)"
1136232013,1472,1752,,,,,,,,,,0.000,173.913,Device,Pageable,NVIDIA L40S (0),1,,7,[CUDA memcpy Device-to-Host]
1136240877,384,1753,,,,,,,,,,0.000,666.666,Pageable,Device,NVIDIA L40S (0),1,,7,[CUDA memcpy Host-to-Device]
1136243981,1696,1754,1,1,1,128,1,1,48,0.000,0.000,,,,,NVIDIA L40S (0),1,,7,"pcg_cuda::<unnamed>::expand_kernel(const pcg_cuda::DpfBlk *, const pcg_cuda::DpfBlk *, const pcg_cuda::DpfBlk *, const pcg_cuda::DpfBlk *, pcg_cuda::DpfBlk *, int, int, int, int, unsigned long, unsigned long)"
1136247277,1024,1756,,,,,,,,,,0.000,250.000,Device,Device,NVIDIA L40S (0),1,,7,[CUDA memcpy Device-to-Device]
1136249581,1536,1757,1,1,1,128,1,1,45,0.000,0.002,,,,,NVIDIA L40S (0),1,,7,"pcg_cuda::<unnamed>::hash_kernel_chacha8(const pcg_cuda::DpfBlk *, pcg_cuda::DpfBlk *, pcg_cuda::DpfBlk *, int, int, int, unsigned long, unsigned long)"
1136252813,928,1759,,,,,,,,,,0.000,275.862,Device,Pageable,NVIDIA L40S (0),1,,7,[CUDA memcpy Device-to-Host]
1136260877,384,1760,,,,,,,,,,0.000,666.666,Pageable,Device,NVIDIA L40S (0),1,,7,[CUDA memcpy Host-to-Device]
1136263245,1504,1761,1,1,1,128,1,1,48,0.000,0.000,,,,,NVIDIA L40S (0),1,,7,"pcg_cuda::<unnamed>::expand_kernel(const pcg_cuda::DpfBlk *, const pcg_cuda::DpfBlk *, const pcg_cuda::DpfBlk *, const pcg_cuda::DpfBlk *, pcg_cuda::DpfBlk *, int, int, int, int, unsigned long, unsigned long)"
1136266797,1024,1763,,,,,,,,,,0.000,250.000,Device,Device,NVIDIA L40S (0),1,,7,[CUDA memcpy Device-to-Device]
1136268973,1568,1764,1,1,1,128,1,1,45,0.000,0.002,,,,,NVIDIA L40S (0),1,,7,"pcg_cuda::<unnamed>::hash_kernel_chacha8(const pcg_cuda::DpfBlk *, pcg_cuda::DpfBlk *, pcg_cuda::DpfBlk *, int, int, int, unsigned long, unsigned long)"
1136271469,864,1766,,,,,,,,,,0.000,296.296,Device,Pageable,NVIDIA L40S (0),1,,7,[CUDA memcpy Device-to-Host]
1136279469,384,1767,,,,,,,,,,0.000,666.666,Pageable,Device,NVIDIA L40S (0),1,,7,[CUDA memcpy Host-to-Device]
1136281837,1504,1768,1,1,1,128,1,1,48,0.000,0.000,,,,,NVIDIA L40S (0),1,,7,"pcg_cuda::<unnamed>::expand_kernel(const pcg_cuda::DpfBlk *, const pcg_cuda::DpfBlk *, const pcg_cuda::DpfBlk *, const pcg_cuda::DpfBlk *, pcg_cuda::DpfBlk *, int, int, int, int, unsigned long, unsigned long)"
1136285421,1056,1770,,,,,,,,,,0.000,242.424,Device,Device,NVIDIA L40S (0),1,,7,[CUDA memcpy Device-to-Device]
1136287821,1600,1771,1,1,1,128,1,1,45,0.000,0.002,,,,,NVIDIA L40S (0),1,,7,"pcg_cuda::<unnamed>::hash_kernel_chacha8(const pcg_cuda::DpfBlk *, pcg_cuda::DpfBlk *, pcg_cuda::DpfBlk *, int, int, int, unsigned long, unsigned long)"
1136289933,864,1773,,,,,,,,,,0.000,296.296,Device,Pageable,NVIDIA L40S (0),1,,7,[CUDA memcpy Device-to-Host]
1136298349,416,1774,,,,,,,,,,0.000,615.385,Pageable,Device,NVIDIA L40S (0),1,,7,[CUDA memcpy Host-to-Device]
1136300589,1504,1775,1,1,1,128,1,1,48,0.000,0.000,,,,,NVIDIA L40S (0),1,,7,"pcg_cuda::<unnamed>::expand_kernel(const pcg_cuda::DpfBlk *, const pcg_cuda::DpfBlk *, const pcg_cuda::DpfBlk *, const pcg_cuda::DpfBlk *, pcg_cuda::DpfBlk *, int, int, int, int, unsigned long, unsigned long)"
1136303789,1024,1777,,,,,,,,,,0.000,250.000,Device,Device,NVIDIA L40S (0),1,,7,[CUDA memcpy Device-to-Device]
1136306157,1792,1778,2,1,1,128,1,1,45,0.000,0.002,,,,,NVIDIA L40S (0),1,,7,"pcg_cuda::<unnamed>::hash_kernel_chacha8(const pcg_cuda::DpfBlk *, pcg_cuda::DpfBlk *, pcg_cuda::DpfBlk *, int, int, int, unsigned long, unsigned long)"
1136308621,896,1780,,,,,,,,,,0.000,285.714,Device,Pageable,NVIDIA L40S (0),1,,7,[CUDA memcpy Device-to-Host]
1136316653,384,1781,,,,,,,,,,0.000,666.666,Pageable,Device,NVIDIA L40S (0),1,,7,[CUDA memcpy Host-to-Device]
1136319149,1536,1782,2,1,1,128,1,1,48,0.000,0.000,,,,,NVIDIA L40S (0),1,,7,"pcg_cuda::<unnamed>::expand_kernel(const pcg_cuda::DpfBlk *, const pcg_cuda::DpfBlk *, const pcg_cuda::DpfBlk *, const pcg_cuda::DpfBlk *, pcg_cuda::DpfBlk *, int, int, int, int, unsigned long, unsigned long)"
1136322989,1024,1784,,,,,,,,,,0.000,250.000,Device,Device,NVIDIA L40S (0),1,,7,[CUDA memcpy Device-to-Device]
1136325357,2112,1785,4,1,1,128,1,1,45,0.000,0.002,,,,,NVIDIA L40S (0),1,,7,"pcg_cuda::<unnamed>::hash_kernel_chacha8(const pcg_cuda::DpfBlk *, pcg_cuda::DpfBlk *, pcg_cuda::DpfBlk *, int, int, int, unsigned long, unsigned long)"
1136327789,864,1787,,,,,,,,,,0.000,296.296,Device,Pageable,NVIDIA L40S (0),1,,7,[CUDA memcpy Device-to-Host]
1136335853,384,1788,,,,,,,,,,0.000,666.666,Pageable,Device,NVIDIA L40S (0),1,,7,[CUDA memcpy Host-to-Device]
1136338221,1568,1789,4,1,1,128,1,1,48,0.000,0.000,,,,,NVIDIA L40S (0),1,,7,"pcg_cuda::<unnamed>::expand_kernel(const pcg_cuda::DpfBlk *, const pcg_cuda::DpfBlk *, const pcg_cuda::DpfBlk *, const pcg_cuda::DpfBlk *, pcg_cuda::DpfBlk *, int, int, int, int, unsigned long, unsigned long)"
1136341933,1024,1791,,,,,,,,,,0.000,250.000,Device,Device,NVIDIA L40S (0),1,,7,[CUDA memcpy Device-to-Device]
1136344045,2784,1792,8,1,1,128,1,1,45,0.000,0.002,,,,,NVIDIA L40S (0),1,,7,"pcg_cuda::<unnamed>::hash_kernel_chacha8(const pcg_cuda::DpfBlk *, pcg_cuda::DpfBlk *, pcg_cuda::DpfBlk *, int, int, int, unsigned long, unsigned long)"
1136354957,864,1794,,,,,,,,,,0.000,296.296,Device,Pageable,NVIDIA L40S (0),1,,7,[CUDA memcpy Device-to-Host]
1136363117,384,1795,,,,,,,,,,0.000,666.666,Pageable,Device,NVIDIA L40S (0),1,,7,[CUDA memcpy Host-to-Device]
1136365453,1536,1796,8,1,1,128,1,1,48,0.000,0.000,,,,,NVIDIA L40S (0),1,,7,"pcg_cuda::<unnamed>::expand_kernel(const pcg_cuda::DpfBlk *, const pcg_cuda::DpfBlk *, const pcg_cuda::DpfBlk *, const pcg_cuda::DpfBlk *, pcg_cuda::DpfBlk *, int, int, int, int, unsigned long, unsigned long)"
1136368941,1024,1798,,,,,,,,,,0.000,250.000,Device,Device,NVIDIA L40S (0),1,,7,[CUDA memcpy Device-to-Device]
1136371053,1984,1799,16,1,1,128,1,1,45,0.000,0.002,,,,,NVIDIA L40S (0),1,,7,"pcg_cuda::<unnamed>::hash_kernel_chacha8(const pcg_cuda::DpfBlk *, pcg_cuda::DpfBlk *, pcg_cuda::DpfBlk *, int, int, int, unsigned long, unsigned long)"
1136375757,896,1801,,,,,,,,,,0.000,285.714,Device,Pageable,NVIDIA L40S (0),1,,7,[CUDA memcpy Device-to-Host]
1136383981,384,1802,,,,,,,,,,0.000,666.666,Pageable,Device,NVIDIA L40S (0),1,,7,[CUDA memcpy Host-to-Device]
1136386381,1568,1803,16,1,1,128,1,1,48,0.000,0.000,,,,,NVIDIA L40S (0),1,,7,"pcg_cuda::<unnamed>::expand_kernel(const pcg_cuda::DpfBlk *, const pcg_cuda::DpfBlk *, const pcg_cuda::DpfBlk *, const pcg_cuda::DpfBlk *, pcg_cuda::DpfBlk *, int, int, int, int, unsigned long, unsigned long)"
1136389965,1024,1805,,,,,,,,,,0.000,250.000,Device,Device,NVIDIA L40S (0),1,,7,[CUDA memcpy Device-to-Device]
1136392013,1984,1806,32,1,1,128,1,1,45,0.000,0.002,,,,,NVIDIA L40S (0),1,,7,"pcg_cuda::<unnamed>::hash_kernel_chacha8(const pcg_cuda::DpfBlk *, pcg_cuda::DpfBlk *, pcg_cuda::DpfBlk *, int, int, int, unsigned long, unsigned long)"
1136394605,896,1808,,,,,,,,,,0.000,285.714,Device,Pageable,NVIDIA L40S (0),1,,7,[CUDA memcpy Device-to-Host]
1136402669,384,1809,,,,,,,,,,0.000,666.666,Pageable,Device,NVIDIA L40S (0),1,,7,[CUDA memcpy Host-to-Device]
1136404941,1568,1810,32,1,1,128,1,1,48,0.000,0.000,,,,,NVIDIA L40S (0),1,,7,"pcg_cuda::<unnamed>::expand_kernel(const pcg_cuda::DpfBlk *, const pcg_cuda::DpfBlk *, const pcg_cuda::DpfBlk *, const pcg_cuda::DpfBlk *, pcg_cuda::DpfBlk *, int, int, int, int, unsigned long, unsigned long)"
1136408365,1024,1812,,,,,,,,,,0.000,250.000,Device,Device,NVIDIA L40S (0),1,,7,[CUDA memcpy Device-to-Device]
1136410573,1984,1813,64,1,1,128,1,1,45,0.000,0.002,,,,,NVIDIA L40S (0),1,,7,"pcg_cuda::<unnamed>::hash_kernel_chacha8(const pcg_cuda::DpfBlk *, pcg_cuda::DpfBlk *, pcg_cuda::DpfBlk *, int, int, int, unsigned long, unsigned long)"
1136413101,896,1815,,,,,,,,,,0.000,285.714,Device,Pageable,NVIDIA L40S (0),1,,7,[CUDA memcpy Device-to-Host]
1136421101,384,1816,,,,,,,,,,0.000,666.666,Pageable,Device,NVIDIA L40S (0),1,,7,[CUDA memcpy Host-to-Device]
1136423501,1600,1817,64,1,1,128,1,1,48,0.000,0.000,,,,,NVIDIA L40S (0),1,,7,"pcg_cuda::<unnamed>::expand_kernel(const pcg_cuda::DpfBlk *, const pcg_cuda::DpfBlk *, const pcg_cuda::DpfBlk *, const pcg_cuda::DpfBlk *, pcg_cuda::DpfBlk *, int, int, int, int, unsigned long, unsigned long)"
1136427181,1024,1819,,,,,,,,,,0.000,250.000,Device,Device,NVIDIA L40S (0),1,,7,[CUDA memcpy Device-to-Device]
1136429357,2080,1820,128,1,1,128,1,1,45,0.000,0.002,,,,,NVIDIA L40S (0),1,,7,"pcg_cuda::<unnamed>::hash_kernel_chacha8(const pcg_cuda::DpfBlk *, pcg_cuda::DpfBlk *, pcg_cuda::DpfBlk *, int, int, int, unsigned long, unsigned long)"
1136432077,864,1822,,,,,,,,,,0.000,296.296,Device,Pageable,NVIDIA L40S (0),1,,7,[CUDA memcpy Device-to-Host]
1136440461,416,1823,,,,,,,,,,0.000,615.385,Pageable,Device,NVIDIA L40S (0),1,,7,[CUDA memcpy Host-to-Device]
1136442989,1728,1824,128,1,1,128,1,1,48,0.000,0.000,,,,,NVIDIA L40S (0),1,,7,"pcg_cuda::<unnamed>::expand_kernel(const pcg_cuda::DpfBlk *, const pcg_cuda::DpfBlk *, const pcg_cuda::DpfBlk *, const pcg_cuda::DpfBlk *, pcg_cuda::DpfBlk *, int, int, int, int, unsigned long, unsigned long)"
1136446349,1024,1826,,,,,,,,,,0.000,250.000,Device,Device,NVIDIA L40S (0),1,,7,[CUDA memcpy Device-to-Device]
1136448621,2432,1827,256,1,1,128,1,1,45,0.000,0.002,,,,,NVIDIA L40S (0),1,,7,"pcg_cuda::<unnamed>::hash_kernel_chacha8(const pcg_cuda::DpfBlk *, pcg_cuda::DpfBlk *, pcg_cuda::DpfBlk *, int, int, int, unsigned long, unsigned long)"
1136451469,896,1829,,,,,,,,,,0.000,285.714,Device,Pageable,NVIDIA L40S (0),1,,7,[CUDA memcpy Device-to-Host]
1136459661,384,1830,,,,,,,,,,0.000,666.666,Pageable,Device,NVIDIA L40S (0),1,,7,[CUDA memcpy Host-to-Device]
1136462061,2432,1831,256,1,1,128,1,1,48,0.000,0.000,,,,,NVIDIA L40S (0),1,,7,"pcg_cuda::<unnamed>::expand_kernel(const pcg_cuda::DpfBlk *, const pcg_cuda::DpfBlk *, const pcg_cuda::DpfBlk *, const pcg_cuda::DpfBlk *, pcg_cuda::DpfBlk *, int, int, int, int, unsigned long, unsigned long)"
1136465677,1024,1833,,,,,,,,,,0.000,250.000,Device,Device,NVIDIA L40S (0),1,,7,[CUDA memcpy Device-to-Device]
1136468013,3040,1834,512,1,1,128,1,1,45,0.000,0.002,,,,,NVIDIA L40S (0),1,,7,"pcg_cuda::<unnamed>::hash_kernel_chacha8(const pcg_cuda::DpfBlk *, pcg_cuda::DpfBlk *, pcg_cuda::DpfBlk *, int, int, int, unsigned long, unsigned long)"
1136478861,896,1836,,,,,,,,,,0.000,285.714,Device,Pageable,NVIDIA L40S (0),1,,7,[CUDA memcpy Device-to-Host]
1136487117,416,1837,,,,,,,,,,0.000,615.385,Pageable,Device,NVIDIA L40S (0),1,,7,[CUDA memcpy Host-to-Device]
1136489581,3296,1838,512,1,1,128,1,1,48,0.000,0.000,,,,,NVIDIA L40S (0),1,,7,"pcg_cuda::<unnamed>::expand_kernel(const pcg_cuda::DpfBlk *, const pcg_cuda::DpfBlk *, const pcg_cuda::DpfBlk *, const pcg_cuda::DpfBlk *, pcg_cuda::DpfBlk *, int, int, int, int, unsigned long, unsigned long)"
1136493613,1056,1840,,,,,,,,,,0.000,242.424,Device,Device,NVIDIA L40S (0),1,,7,[CUDA memcpy Device-to-Device]
1136495373,4768,1841,1024,1,1,128,1,1,45,0.000,0.002,,,,,NVIDIA L40S (0),1,,7,"pcg_cuda::<unnamed>::hash_kernel_chacha8(const pcg_cuda::DpfBlk *, pcg_cuda::DpfBlk *, pcg_cuda::DpfBlk *, int, int, int, unsigned long, unsigned long)"
1136506509,960,1843,,,,,,,,,,0.000,266.666,Device,Pageable,NVIDIA L40S (0),1,,7,[CUDA memcpy Device-to-Host]
1136514829,384,1844,,,,,,,,,,0.000,666.666,Pageable,Device,NVIDIA L40S (0),1,,7,[CUDA memcpy Host-to-Device]
1136517293,6208,1845,1024,1,1,128,1,1,48,0.000,0.000,,,,,NVIDIA L40S (0),1,,7,"pcg_cuda::<unnamed>::expand_kernel(const pcg_cuda::DpfBlk *, const pcg_cuda::DpfBlk *, const pcg_cuda::DpfBlk *, const pcg_cuda::DpfBlk *, pcg_cuda::DpfBlk *, int, int, int, int, unsigned long, unsigned long)"
1136524237,1024,1847,,,,,,,,,,0.000,250.000,Device,Device,NVIDIA L40S (0),1,,7,[CUDA memcpy Device-to-Device]
1136525965,7392,1848,2048,1,1,128,1,1,45,0.000,0.002,,,,,NVIDIA L40S (0),1,,7,"pcg_cuda::<unnamed>::hash_kernel_chacha8(const pcg_cuda::DpfBlk *, pcg_cuda::DpfBlk *, pcg_cuda::DpfBlk *, int, int, int, unsigned long, unsigned long)"
1136534157,1056,1850,,,,,,,,,,0.000,242.424,Device,Pageable,NVIDIA L40S (0),1,,7,[CUDA memcpy Device-to-Host]
1136542573,384,1851,,,,,,,,,,0.000,666.666,Pageable,Device,NVIDIA L40S (0),1,,7,[CUDA memcpy Host-to-Device]
1136544909,11424,1852,2048,1,1,128,1,1,48,0.000,0.000,,,,,NVIDIA L40S (0),1,,7,"pcg_cuda::<unnamed>::expand_kernel(const pcg_cuda::DpfBlk *, const pcg_cuda::DpfBlk *, const pcg_cuda::DpfBlk *, const pcg_cuda::DpfBlk *, pcg_cuda::DpfBlk *, int, int, int, int, unsigned long, unsigned long)"
1136556973,1056,1854,,,,,,,,,,0.000,242.424,Device,Device,NVIDIA L40S (0),1,,7,[CUDA memcpy Device-to-Device]
1136558701,13824,1855,4096,1,1,128,1,1,45,0.000,0.002,,,,,NVIDIA L40S (0),1,,7,"pcg_cuda::<unnamed>::hash_kernel_chacha8(const pcg_cuda::DpfBlk *, pcg_cuda::DpfBlk *, pcg_cuda::DpfBlk *, int, int, int, unsigned long, unsigned long)"
1136578189,896,1857,,,,,,,,,,0.000,285.714,Device,Pageable,NVIDIA L40S (0),1,,7,[CUDA memcpy Device-to-Host]
1136586477,384,1858,,,,,,,,,,0.000,666.666,Pageable,Device,NVIDIA L40S (0),1,,7,[CUDA memcpy Host-to-Device]
1136588813,21824,1859,4096,1,1,128,1,1,48,0.000,0.000,,,,,NVIDIA L40S (0),1,,7,"pcg_cuda::<unnamed>::expand_kernel(const pcg_cuda::DpfBlk *, const pcg_cuda::DpfBlk *, const pcg_cuda::DpfBlk *, const pcg_cuda::DpfBlk *, pcg_cuda::DpfBlk *, int, int, int, int, unsigned long, unsigned long)"
1136611373,1056,1861,,,,,,,,,,0.000,242.424,Device,Device,NVIDIA L40S (0),1,,7,[CUDA memcpy Device-to-Device]
1136613133,24480,1862,8192,1,1,128,1,1,45,0.000,0.002,,,,,NVIDIA L40S (0),1,,7,"pcg_cuda::<unnamed>::hash_kernel_chacha8(const pcg_cuda::DpfBlk *, pcg_cuda::DpfBlk *, pcg_cuda::DpfBlk *, int, int, int, unsigned long, unsigned long)"
1136639021,896,1864,,,,,,,,,,0.000,285.714,Device,Pageable,NVIDIA L40S (0),1,,7,[CUDA memcpy Device-to-Host]
1136647405,384,1865,,,,,,,,,,0.000,666.666,Pageable,Device,NVIDIA L40S (0),1,,7,[CUDA memcpy Host-to-Device]
1136649741,43392,1866,8192,1,1,128,1,1,48,0.000,0.000,,,,,NVIDIA L40S (0),1,,7,"pcg_cuda::<unnamed>::expand_kernel(const pcg_cuda::DpfBlk *, const pcg_cuda::DpfBlk *, const pcg_cuda::DpfBlk *, const pcg_cuda::DpfBlk *, pcg_cuda::DpfBlk *, int, int, int, int, unsigned long, unsigned long)"
1136693901,2304,1868,,,,,,,,,,0.000,111.111,Device,Device,NVIDIA L40S (0),1,,7,[CUDA memcpy Device-to-Device]
1136697005,48512,1869,16384,1,1,128,1,1,45,0.000,0.002,,,,,NVIDIA L40S (0),1,,7,"pcg_cuda::<unnamed>::hash_kernel_chacha8(const pcg_cuda::DpfBlk *, pcg_cuda::DpfBlk *, pcg_cuda::DpfBlk *, int, int, int, unsigned long, unsigned long)"
1136750221,896,1871,,,,,,,,,,0.000,285.714,Device,Pageable,NVIDIA L40S (0),1,,7,[CUDA memcpy Device-to-Host]
1136758605,416,1872,,,,,,,,,,0.000,615.385,Pageable,Device,NVIDIA L40S (0),1,,7,[CUDA memcpy Host-to-Device]
1136760909,136704,1873,16384,1,1,128,1,1,48,0.000,0.000,,,,,NVIDIA L40S (0),1,,7,"pcg_cuda::<unnamed>::expand_kernel(const pcg_cuda::DpfBlk *, const pcg_cuda::DpfBlk *, const pcg_cuda::DpfBlk *, const pcg_cuda::DpfBlk *, pcg_cuda::DpfBlk *, int, int, int, int, unsigned long, unsigned long)"
1136898317,1408,1875,,,,,,,,,,0.000,181.818,Device,Device,NVIDIA L40S (0),1,,7,[CUDA memcpy Device-to-Device]
1136900525,198368,1876,32768,1,1,128,1,1,45,0.000,0.002,,,,,NVIDIA L40S (0),1,,7,"pcg_cuda::<unnamed>::hash_kernel_chacha8(const pcg_cuda::DpfBlk *, pcg_cuda::DpfBlk *, pcg_cuda::DpfBlk *, int, int, int, unsigned long, unsigned long)"
1137102477,896,1878,,,,,,,,,,0.000,285.714,Device,Pageable,NVIDIA L40S (0),1,,7,[CUDA memcpy Device-to-Host]
1137110669,384,1879,,,,,,,,,,0.000,666.666,Pageable,Device,NVIDIA L40S (0),1,,7,[CUDA memcpy Host-to-Device]
1137113197,381280,1880,32768,1,1,128,1,1,48,0.000,0.000,,,,,NVIDIA L40S (0),1,,7,"pcg_cuda::<unnamed>::expand_kernel(const pcg_cuda::DpfBlk *, const pcg_cuda::DpfBlk *, const pcg_cuda::DpfBlk *, const pcg_cuda::DpfBlk *, pcg_cuda::DpfBlk *, int, int, int, int, unsigned long, unsigned long)"
1137495245,1824,1882,,,,,,,,,,0.000,140.351,Device,Device,NVIDIA L40S (0),1,,7,[CUDA memcpy Device-to-Device]
1137497709,389184,1883,65536,1,1,128,1,1,45,0.000,0.002,,,,,NVIDIA L40S (0),1,,7,"pcg_cuda::<unnamed>::hash_kernel_chacha8(const pcg_cuda::DpfBlk *, pcg_cuda::DpfBlk *, pcg_cuda::DpfBlk *, int, int, int, unsigned long, unsigned long)"
1137893005,1088,1885,,,,,,,,,,0.000,235.294,Device,Pageable,NVIDIA L40S (0),1,,7,[CUDA memcpy Device-to-Host]
1137901549,384,1886,,,,,,,,,,0.000,666.666,Pageable,Device,NVIDIA L40S (0),1,,7,[CUDA memcpy Host-to-Device]
1137903629,794752,1887,65536,1,1,128,1,1,48,0.000,0.000,,,,,NVIDIA L40S (0),1,,7,"pcg_cuda::<unnamed>::expand_kernel(const pcg_cuda::DpfBlk *, const pcg_cuda::DpfBlk *, const pcg_cuda::DpfBlk *, const pcg_cuda::DpfBlk *, pcg_cuda::DpfBlk *, int, int, int, int, unsigned long, unsigned long)"
1138699053,1600,1889,,,,,,,,,,0.000,160.000,Device,Device,NVIDIA L40S (0),1,,7,[CUDA memcpy Device-to-Device]
1138701389,792129,1890,131072,1,1,128,1,1,45,0.000,0.002,,,,,NVIDIA L40S (0),1,,7,"pcg_cuda::<unnamed>::hash_kernel_chacha8(const pcg_cuda::DpfBlk *, pcg_cuda::DpfBlk *, pcg_cuda::DpfBlk *, int, int, int, unsigned long, unsigned long)"
1139497005,1057,1892,,,,,,,,,,0.000,242.195,Device,Pageable,NVIDIA L40S (0),1,,7,[CUDA memcpy Device-to-Host]
1139505837,416,1893,,,,,,,,,,0.000,615.385,Pageable,Device,NVIDIA L40S (0),1,,7,[CUDA memcpy Host-to-Device]
1139507854,1593472,1894,131072,1,1,128,1,1,48,0.000,0.000,,,,,NVIDIA L40S (0),1,,7,"pcg_cuda::<unnamed>::expand_kernel(const pcg_cuda::DpfBlk *, const pcg_cuda::DpfBlk *, const pcg_cuda::DpfBlk *, const pcg_cuda::DpfBlk *, pcg_cuda::DpfBlk *, int, int, int, int, unsigned long, unsigned long)"
1141102030,813376,1896,1024,16,1,256,1,1,34,0.000,0.004,,,,,NVIDIA L40S (0),1,,7,"pcg_cuda::<unnamed>::out_sum_kernel(const pcg_cuda::DpfBlk *, unsigned long *, unsigned long, unsigned long, int)"
1141916078,3424,1898,16,1,1,256,1,1,22,0.000,0.004,,,,,NVIDIA L40S (0),1,,7,"pcg_cuda::<unnamed>::out_fold_kernel(const unsigned long *, unsigned long *, int, int, unsigned long)"
1141926542,928,1900,,,,,,,,,,0.000,275.862,Device,Pageable,NVIDIA L40S (0),1,,7,[CUDA memcpy Device-to-Host]
1141935758,384,1901,,,,,,,,,,0.000,333.333,Pageable,Device,NVIDIA L40S (0),1,,7,[CUDA memcpy Host-to-Device]
1141939310,12160,1902,,,,,,,,,,33.554,2759382.270,Device,,NVIDIA L40S (0),1,,7,[CUDA memset]
1141952206,1122720,1903,1024,16,1,256,1,1,38,0.000,0.000,,,,,NVIDIA L40S (0),1,,7,"pcg_cuda::<unnamed>::out_scatter_kernel(const pcg_cuda::DpfBlk *, const unsigned long *, unsigned long *, unsigned long, int, int, unsigned long, int)"
1143080590,1598625,1905,,,,,,,,,,33.554,20971.520,Device,Pageable,NVIDIA L40S (0),1,,7,[CUDA memcpy Device-to-Host]
1144742062,2432,1906,,,,,,,,,,0.000,105.263,Pageable,Device,NVIDIA L40S (0),1,,7,[CUDA memcpy Host-to-Device]
1144750254,577,1907,,,,,,,,,,0.005,9317.156,Pageable,Device,NVIDIA L40S (0),1,,7,[CUDA memcpy Host-to-Device]
1144754446,1280,1908,,,,,,,,,,0.000,200.000,Device,Device,NVIDIA L40S (0),1,,7,[CUDA memcpy Device-to-Device]
1144758575,2080,1909,1,1,1,128,1,1,45,0.000,0.002,,,,,NVIDIA L40S (0),1,,7,"pcg_cuda::<unnamed>::hash_kernel_chacha8(const pcg_cuda::DpfBlk *, pcg_cuda::DpfBlk *, pcg_cuda::DpfBlk *, int, int, int, unsigned long, unsigned long)"
1144761198,1473,1911,,,,,,,,,,0.000,173.795,Device,Pageable,NVIDIA L40S (0),1,,7,[CUDA memcpy Device-to-Host]
1144769998,417,1912,,,,,,,,,,0.000,613.909,Pageable,Device,NVIDIA L40S (0),1,,7,[CUDA memcpy Host-to-Device]
1144772463,1727,1913,1,1,1,128,1,1,48,0.000,0.000,,,,,NVIDIA L40S (0),1,,7,"pcg_cuda::<unnamed>::expand_kernel(const pcg_cuda::DpfBlk *, const pcg_cuda::DpfBlk *, const pcg_cuda::DpfBlk *, const pcg_cuda::DpfBlk *, pcg_cuda::DpfBlk *, int, int, int, int, unsigned long, unsigned long)"
1144776687,1023,1915,,,,,,,,,,0.000,250.244,Device,Device,NVIDIA L40S (0),1,,7,[CUDA memcpy Device-to-Device]
1144779279,1600,1916,1,1,1,128,1,1,45,0.000,0.002,,,,,NVIDIA L40S (0),1,,7,"pcg_cuda::<unnamed>::hash_kernel_chacha8(const pcg_cuda::DpfBlk *, pcg_cuda::DpfBlk *, pcg_cuda::DpfBlk *, int, int, int, unsigned long, unsigned long)"
1144781615,896,1918,,,,,,,,,,0.000,285.714,Device,Pageable,NVIDIA L40S (0),1,,7,[CUDA memcpy Device-to-Host]
1144789839,384,1919,,,,,,,,,,0.000,666.666,Pageable,Device,NVIDIA L40S (0),1,,7,[CUDA memcpy Host-to-Device]
1144792239,1535,1920,1,1,1,128,1,1,48,0.000,0.000,,,,,NVIDIA L40S (0),1,,7,"pcg_cuda::<unnamed>::expand_kernel(const pcg_cuda::DpfBlk *, const pcg_cuda::DpfBlk *, const pcg_cuda::DpfBlk *, const pcg_cuda::DpfBlk *, pcg_cuda::DpfBlk *, int, int, int, int, unsigned long, unsigned long)"
1144795886,1025,1922,,,,,,,,,,0.000,249.756,Device,Device,NVIDIA L40S (0),1,,7,[CUDA memcpy Device-to-Device]
1144798223,1600,1923,1,1,1,128,1,1,45,0.000,0.002,,,,,NVIDIA L40S (0),1,,7,"pcg_cuda::<unnamed>::hash_kernel_chacha8(const pcg_cuda::DpfBlk *, pcg_cuda::DpfBlk *, pcg_cuda::DpfBlk *, int, int, int, unsigned long, unsigned long)"
1144800463,895,1925,,,,,,,,,,0.000,286.033,Device,Pageable,NVIDIA L40S (0),1,,7,[CUDA memcpy Device-to-Host]
1144808463,415,1926,,,,,,,,,,0.000,616.867,Pageable,Device,NVIDIA L40S (0),1,,7,[CUDA memcpy Host-to-Device]
1144810735,1503,1927,1,1,1,128,1,1,48,0.000,0.000,,,,,NVIDIA L40S (0),1,,7,"pcg_cuda::<unnamed>::expand_kernel(const pcg_cuda::DpfBlk *, const pcg_cuda::DpfBlk *, const pcg_cuda::DpfBlk *, const pcg_cuda::DpfBlk *, pcg_cuda::DpfBlk *, int, int, int, int, unsigned long, unsigned long)"
1144814287,1056,1929,,,,,,,,,,0.000,242.424,Device,Device,NVIDIA L40S (0),1,,7,[CUDA memcpy Device-to-Device]
1144816719,1663,1930,1,1,1,128,1,1,45,0.000,0.002,,,,,NVIDIA L40S (0),1,,7,"pcg_cuda::<unnamed>::hash_kernel_chacha8(const pcg_cuda::DpfBlk *, pcg_cuda::DpfBlk *, pcg_cuda::DpfBlk *, int, int, int, unsigned long, unsigned long)"
1144818927,895,1932,,,,,,,,,,0.000,286.033,Device,Pageable,NVIDIA L40S (0),1,,7,[CUDA memcpy Device-to-Host]
1144827119,383,1933,,,,,,,,,,0.000,668.407,Pageable,Device,NVIDIA L40S (0),1,,7,[CUDA memcpy Host-to-Device]
1144829519,1535,1934,1,1,1,128,1,1,48,0.000,0.000,,,,,NVIDIA L40S (0),1,,7,"pcg_cuda::<unnamed>::expand_kernel(const pcg_cuda::DpfBlk *, const pcg_cuda::DpfBlk *, const pcg_cuda::DpfBlk *, const pcg_cuda::DpfBlk *, pcg_cuda::DpfBlk *, int, int, int, int, unsigned long, unsigned long)"
1144833103,1056,1936,,,,,,,,,,0.000,242.424,Device,Device,NVIDIA L40S (0),1,,7,[CUDA memcpy Device-to-Device]
1144835311,1823,1937,2,1,1,128,1,1,45,0.000,0.002,,,,,NVIDIA L40S (0),1,,7,"pcg_cuda::<unnamed>::hash_kernel_chacha8(const pcg_cuda::DpfBlk *, pcg_cuda::DpfBlk *, pcg_cuda::DpfBlk *, int, int, int, unsigned long, unsigned long)"
1144837679,895,1939,,,,,,,,,,0.000,286.033,Device,Pageable,NVIDIA L40S (0),1,,7,[CUDA memcpy Device-to-Host]
1144848238,385,1940,,,,,,,,,,0.000,664.935,Pageable,Device,NVIDIA L40S (0),1,,7,[CUDA memcpy Host-to-Device]
1144850767,1536,1941,2,1,1,128,1,1,48,0.000,0.000,,,,,NVIDIA L40S (0),1,,7,"pcg_cuda::<unnamed>::expand_kernel(const pcg_cuda::DpfBlk *, const pcg_cuda::DpfBlk *, const pcg_cuda::DpfBlk *, const pcg_cuda::DpfBlk *, pcg_cuda::DpfBlk *, int, int, int, int, unsigned long, unsigned long)"
1144854383,1055,1943,,,,,,,,,,0.000,242.654,Device,Device,NVIDIA L40S (0),1,,7,[CUDA memcpy Device-to-Device]
1144857263,2336,1944,4,1,1,128,1,1,45,0.000,0.002,,,,,NVIDIA L40S (0),1,,7,"pcg_cuda::<unnamed>::hash_kernel_chacha8(const pcg_cuda::DpfBlk *, pcg_cuda::DpfBlk *, pcg_cuda::DpfBlk *, int, int, int, unsigned long, unsigned long)"
1144867471,896,1946,,,,,,,,,,0.000,285.714,Device,Pageable,NVIDIA L40S (0),1,,7,[CUDA memcpy Device-to-Host]
1144875663,384,1947,,,,,,,,,,0.000,666.666,Pageable,Device,NVIDIA L40S (0),1,,7,[CUDA memcpy Host-to-Device]
1144878063,1568,1948,4,1,1,128,1,1,48,0.000,0.000,,,,,NVIDIA L40S (0),1,,7,"pcg_cuda::<unnamed>::expand_kernel(const pcg_cuda::DpfBlk *, const pcg_cuda::DpfBlk *, const pcg_cuda::DpfBlk *, const pcg_cuda::DpfBlk *, pcg_cuda::DpfBlk *, int, int, int, int, unsigned long, unsigned long)"
1144881711,1055,1950,,,,,,,,,,0.000,242.654,Device,Device,NVIDIA L40S (0),1,,7,[CUDA memcpy Device-to-Device]
1144884015,2816,1951,8,1,1,128,1,1,45,0.000,0.002,,,,,NVIDIA L40S (0),1,,7,"pcg_cuda::<unnamed>::hash_kernel_chacha8(const pcg_cuda::DpfBlk *, pcg_cuda::DpfBlk *, pcg_cuda::DpfBlk *, int, int, int, unsigned long, unsigned long)"
1144895118,897,1953,,,,,,,,,,0.000,285.396,Device,Pageable,NVIDIA L40S (0),1,,7,[CUDA memcpy Device-to-Host]
1144903215,384,1954,,,,,,,,,,0.000,666.666,Pageable,Device,NVIDIA L40S (0),1,,7,[CUDA memcpy Host-to-Device]
1144905647,1568,1955,8,1,1,128,1,1,48,0.000,0.000,,,,,NVIDIA L40S (0),1,,7,"pcg_cuda::<unnamed>::expand_kernel(const pcg_cuda::DpfBlk *, const pcg_cuda::DpfBlk *, const pcg_cuda::DpfBlk *, const pcg_cuda::DpfBlk *, pcg_cuda::DpfBlk *, int, int, int, int, unsigned long, unsigned long)"
1144909135,1024,1957,,,,,,,,,,0.000,250.000,Device,Device,NVIDIA L40S (0),1,,7,[CUDA memcpy Device-to-Device]
1144911502,2017,1958,16,1,1,128,1,1,45,0.000,0.002,,,,,NVIDIA L40S (0),1,,7,"pcg_cuda::<unnamed>::hash_kernel_chacha8(const pcg_cuda::DpfBlk *, pcg_cuda::DpfBlk *, pcg_cuda::DpfBlk *, int, int, int, unsigned long, unsigned long)"
1144913807,895,1960,,,,,,,,,,0.000,286.033,Device,Pageable,NVIDIA L40S (0),1,,7,[CUDA memcpy Device-to-Host]
1144922159,384,1961,,,,,,,,,,0.000,666.666,Pageable,Device,NVIDIA L40S (0),1,,7,[CUDA memcpy Host-to-Device]
1144924591,1568,1962,16,1,1,128,1,1,48,0.000,0.000,,,,,NVIDIA L40S (0),1,,7,"pcg_cuda::<unnamed>::expand_kernel(const pcg_cuda::DpfBlk *, const pcg_cuda::DpfBlk *, const pcg_cuda::DpfBlk *, const pcg_cuda::DpfBlk *, pcg_cuda::DpfBlk *, int, int, int, int, unsigned long, unsigned long)"
1144928175,1056,1964,,,,,,,,,,0.000,242.424,Device,Device,NVIDIA L40S (0),1,,7,[CUDA memcpy Device-to-Device]
1144930446,2017,1965,32,1,1,128,1,1,45,0.000,0.002,,,,,NVIDIA L40S (0),1,,7,"pcg_cuda::<unnamed>::hash_kernel_chacha8(const pcg_cuda::DpfBlk *, pcg_cuda::DpfBlk *, pcg_cuda::DpfBlk *, int, int, int, unsigned long, unsigned long)"
1144932718,865,1967,,,,,,,,,,0.000,295.954,Device,Pageable,NVIDIA L40S (0),1,,7,[CUDA memcpy Device-to-Host]
1144941007,384,1968,,,,,,,,,,0.000,666.666,Pageable,Device,NVIDIA L40S (0),1,,7,[CUDA memcpy Host-to-Device]
1144943215,1600,1969,32,1,1,128,1,1,48,0.000,0.000,,,,,NVIDIA L40S (0),1,,7,"pcg_cuda::<unnamed>::expand_kernel(const pcg_cuda::DpfBlk *, const pcg_cuda::DpfBlk *, const pcg_cuda::DpfBlk *, const pcg_cuda::DpfBlk *, pcg_cuda::DpfBlk *, int, int, int, int, unsigned long, unsigned long)"
1144946959,1056,1971,,,,,,,,,,0.000,242.424,Device,Device,NVIDIA L40S (0),1,,7,[CUDA memcpy Device-to-Device]
1144949230,2049,1972,64,1,1,128,1,1,45,0.000,0.002,,,,,NVIDIA L40S (0),1,,7,"pcg_cuda::<unnamed>::hash_kernel_chacha8(const pcg_cuda::DpfBlk *, pcg_cuda::DpfBlk *, pcg_cuda::DpfBlk *, int, int, int, unsigned long, unsigned long)"
1144951599,896,1974,,,,,,,,,,0.000,285.714,Device,Pageable,NVIDIA L40S (0),1,,7,[CUDA memcpy Device-to-Host]
1144959791,383,1975,,,,,,,,,,0.000,668.407,Pageable,Device,NVIDIA L40S (0),1,,7,[CUDA memcpy Host-to-Device]
1144961999,1632,1976,64,1,1,128,1,1,48,0.000,0.000,,,,,NVIDIA L40S (0),1,,7,"pcg_cuda::<unnamed>::expand_kernel(const pcg_cuda::DpfBlk *, const pcg_cuda::DpfBlk *, const pcg_cuda::DpfBlk *, const pcg_cuda::DpfBlk *, pcg_cuda::DpfBlk *, int, int, int, int, unsigned long, unsigned long)"
1144965903,1056,1978,,,,,,,,,,0.000,242.424,Device,Device,NVIDIA L40S (0),1,,7,[CUDA memcpy Device-to-Device]
1144968239,2112,1979,128,1,1,128,1,1,45,0.000,0.002,,,,,NVIDIA L40S (0),1,,7,"pcg_cuda::<unnamed>::hash_kernel_chacha8(const pcg_cuda::DpfBlk *, pcg_cuda::DpfBlk *, pcg_cuda::DpfBlk *, int, int, int, unsigned long, unsigned long)"
1144970606,897,1981,,,,,,,,,,0.000,285.396,Device,Pageable,NVIDIA L40S (0),1,,7,[CUDA memcpy Device-to-Host]
1144978575,416,1982,,,,,,,,,,0.000,615.385,Pageable,Device,NVIDIA L40S (0),1,,7,[CUDA memcpy Host-to-Device]
1144980878,1760,1983,128,1,1,128,1,1,48,0.000,0.000,,,,,NVIDIA L40S (0),1,,7,"pcg_cuda::<unnamed>::expand_kernel(const pcg_cuda::DpfBlk *, const pcg_cuda::DpfBlk *, const pcg_cuda::DpfBlk *, const pcg_cuda::DpfBlk *, pcg_cuda::DpfBlk *, int, int, int, int, unsigned long, unsigned long)"
1144984431,1056,1985,,,,,,,,,,0.000,242.424,Device,Device,NVIDIA L40S (0),1,,7,[CUDA memcpy Device-to-Device]
1144986799,2496,1986,256,1,1,128,1,1,45,0.000,0.002,,,,,NVIDIA L40S (0),1,,7,"pcg_cuda::<unnamed>::hash_kernel_chacha8(const pcg_cuda::DpfBlk *, pcg_cuda::DpfBlk *, pcg_cuda::DpfBlk *, int, int, int, unsigned long, unsigned long)"
1144997519,896,1988,,,,,,,,,,0.000,285.714,Device,Pageable,NVIDIA L40S (0),1,,7,[CUDA memcpy Device-to-Host]
1145005583,384,1989,,,,,,,,,,0.000,666.666,Pageable,Device,NVIDIA L40S (0),1,,7,[CUDA memcpy Host-to-Device]
1145007919,2432,1990,256,1,1,128,1,1,48,0.000,0.000,,,,,NVIDIA L40S (0),1,,7,"pcg_cuda::<unnamed>::expand_kernel(const pcg_cuda::DpfBlk *, const pcg_cuda::DpfBlk *, const pcg_cuda::DpfBlk *, const pcg_cuda::DpfBlk *, pcg_cuda::DpfBlk *, int, int, int, int, unsigned long, unsigned long)"
1145011631,1024,1992,,,,,,,,,,0.000,250.000,Device,Device,NVIDIA L40S (0),1,,7,[CUDA memcpy Device-to-Device]
1145013839,3072,1993,512,1,1,128,1,1,45,0.000,0.002,,,,,NVIDIA L40S (0),1,,7,"pcg_cuda::<unnamed>::hash_kernel_chacha8(const pcg_cuda::DpfBlk *, pcg_cuda::DpfBlk *, pcg_cuda::DpfBlk *, int, int, int, unsigned long, unsigned long)"
1145025167,928,1995,,,,,,,,,,0.000,275.862,Device,Pageable,NVIDIA L40S (0),1,,7,[CUDA memcpy Device-to-Host]
1145033583,384,1996,,,,,,,,,,0.000,666.666,Pageable,Device,NVIDIA L40S (0),1,,7,[CUDA memcpy Host-to-Device]
1145035630,3265,1997,512,1,1,128,1,1,48,0.000,0.000,,,,,NVIDIA L40S (0),1,,7,"pcg_cuda::<unnamed>::expand_kernel(const pcg_cuda::DpfBlk *, const pcg_cuda::DpfBlk *, const pcg_cuda::DpfBlk *, const pcg_cuda::DpfBlk *, pcg_cuda::DpfBlk *, int, int, int, int, unsigned long, unsigned long)"
1145039567,1024,1999,,,,,,,,,,0.000,250.000,Device,Device,NVIDIA L40S (0),1,,7,[CUDA memcpy Device-to-Device]
1145041582,4897,2000,1024,1,1,128,1,1,45,0.000,0.002,,,,,NVIDIA L40S (0),1,,7,"pcg_cuda::<unnamed>::hash_kernel_chacha8(const pcg_cuda::DpfBlk *, pcg_cuda::DpfBlk *, pcg_cuda::DpfBlk *, int, int, int, unsigned long, unsigned long)"
1145052814,897,2002,,,,,,,,,,0.000,285.396,Device,Pageable,NVIDIA L40S (0),1,,7,[CUDA memcpy Device-to-Host]
1145061006,385,2003,,,,,,,,,,0.000,664.935,Pageable,Device,NVIDIA L40S (0),1,,7,[CUDA memcpy Host-to-Device]
1145063183,6560,2004,1024,1,1,128,1,1,48,0.000,0.000,,,,,NVIDIA L40S (0),1,,7,"pcg_cuda::<unnamed>::expand_kernel(const pcg_cuda::DpfBlk *, const pcg_cuda::DpfBlk *, const pcg_cuda::DpfBlk *, const pcg_cuda::DpfBlk *, pcg_cuda::DpfBlk *, int, int, int, int, unsigned long, unsigned long)"
1145070415,1056,2006,,,,,,,,,,0.000,242.424,Device,Device,NVIDIA L40S (0),1,,7,[CUDA memcpy Device-to-Device]
1145072143,7840,2007,2048,1,1,128,1,1,45,0.000,0.002,,,,,NVIDIA L40S (0),1,,7,"pcg_cuda::<unnamed>::hash_kernel_chacha8(const pcg_cuda::DpfBlk *, pcg_cuda::DpfBlk *, pcg_cuda::DpfBlk *, int, int, int, unsigned long, unsigned long)"
1145081487,896,2009,,,,,,,,,,0.000,285.714,Device,Pageable,NVIDIA L40S (0),1,,7,[CUDA memcpy Device-to-Host]
1145090031,384,2010,,,,,,,,,,0.000,666.666,Pageable,Device,NVIDIA L40S (0),1,,7,[CUDA memcpy Host-to-Device]
1145092527,11808,2011,2048,1,1,128,1,1,48,0.000,0.000,,,,,NVIDIA L40S (0),1,,7,"pcg_cuda::<unnamed>::expand_kernel(const pcg_cuda::DpfBlk *, const pcg_cuda::DpfBlk *, const pcg_cuda::DpfBlk *, const pcg_cuda::DpfBlk *, pcg_cuda::DpfBlk *, int, int, int, int, unsigned long, unsigned long)"
1145105039,1024,2013,,,,,,,,,,0.000,250.000,Device,Device,NVIDIA L40S (0),1,,7,[CUDA memcpy Device-to-Device]
1145106766,13344,2014,4096,1,1,128,1,1,45,0.000,0.002,,,,,NVIDIA L40S (0),1,,7,"pcg_cuda::<unnamed>::hash_kernel_chacha8(const pcg_cuda::DpfBlk *, pcg_cuda::DpfBlk *, pcg_cuda::DpfBlk *, int, int, int, unsigned long, unsigned long)"
1145126543,896,2016,,,,,,,,,,0.000,285.714,Device,Pageable,NVIDIA L40S (0),1,,7,[CUDA memcpy Device-to-Host]
1145134575,416,2017,,,,,,,,,,0.000,615.385,Pageable,Device,NVIDIA L40S (0),1,,7,[CUDA memcpy Host-to-Device]
1145136814,21953,2018,4096,1,1,128,1,1,48,0.000,0.000,,,,,NVIDIA L40S (0),1,,7,"pcg_cuda::<unnamed>::expand_kernel(const pcg_cuda::DpfBlk *, const pcg_cuda::DpfBlk *, const pcg_cuda::DpfBlk *, const pcg_cuda::DpfBlk *, pcg_cuda::DpfBlk *, int, int, int, int, unsigned long, unsigned long)"
1145159471,1056,2020,,,,,,,,,,0.000,242.424,Device,Device,NVIDIA L40S (0),1,,7,[CUDA memcpy Device-to-Device]
1145161199,24864,2021,8192,1,1,128,1,1,45,0.000,0.002,,,,,NVIDIA L40S (0),1,,7,"pcg_cuda::<unnamed>::hash_kernel_chacha8(const pcg_cuda::DpfBlk *, pcg_cuda::DpfBlk *, pcg_cuda::DpfBlk *, int, int, int, unsigned long, unsigned long)"
1145187375,928,2023,,,,,,,,,,0.000,275.862,Device,Pageable,NVIDIA L40S (0),1,,7,[CUDA memcpy Device-to-Host]
1145196015,384,2024,,,,,,,,,,0.000,666.666,Pageable,Device,NVIDIA L40S (0),1,,7,[CUDA memcpy Host-to-Device]
1145198063,42624,2025,8192,1,1,128,1,1,48,0.000,0.000,,,,,NVIDIA L40S (0),1,,7,"pcg_cuda::<unnamed>::expand_kernel(const pcg_cuda::DpfBlk *, const pcg_cuda::DpfBlk *, const pcg_cuda::DpfBlk *, const pcg_cuda::DpfBlk *, pcg_cuda::DpfBlk *, int, int, int, int, unsigned long, unsigned long)"
1145241391,1760,2027,,,,,,,,,,0.000,145.454,Device,Device,NVIDIA L40S (0),1,,7,[CUDA memcpy Device-to-Device]
1145243887,49376,2028,16384,1,1,128,1,1,45,0.000,0.002,,,,,NVIDIA L40S (0),1,,7,"pcg_cuda::<unnamed>::hash_kernel_chacha8(const pcg_cuda::DpfBlk *, pcg_cuda::DpfBlk *, pcg_cuda::DpfBlk *, int, int, int, unsigned long, unsigned long)"
1145297551,896,2030,,,,,,,,,,0.000,285.714,Device,Pageable,NVIDIA L40S (0),1,,7,[CUDA memcpy Device-to-Host]
1145305775,416,2031,,,,,,,,,,0.000,615.385,Pageable,Device,NVIDIA L40S (0),1,,7,[CUDA memcpy Host-to-Device]
1145307919,135840,2032,16384,1,1,128,1,1,48,0.000,0.000,,,,,NVIDIA L40S (0),1,,7,"pcg_cuda::<unnamed>::expand_kernel(const pcg_cuda::DpfBlk *, const pcg_cuda::DpfBlk *, const pcg_cuda::DpfBlk *, const pcg_cuda::DpfBlk *, pcg_cuda::DpfBlk *, int, int, int, int, unsigned long, unsigned long)"
1145444463,1824,2034,,,,,,,,,,0.000,140.351,Device,Device,NVIDIA L40S (0),1,,7,[CUDA memcpy Device-to-Device]
1145446959,199872,2035,32768,1,1,128,1,1,45,0.000,0.002,,,,,NVIDIA L40S (0),1,,7,"pcg_cuda::<unnamed>::hash_kernel_chacha8(const pcg_cuda::DpfBlk *, pcg_cuda::DpfBlk *, pcg_cuda::DpfBlk *, int, int, int, unsigned long, unsigned long)"
1145653583,896,2037,,,,,,,,,,0.000,285.714,Device,Pageable,NVIDIA L40S (0),1,,7,[CUDA memcpy Device-to-Host]
1145661839,384,2038,,,,,,,,,,0.000,666.666,Pageable,Device,NVIDIA L40S (0),1,,7,[CUDA memcpy Host-to-Device]
1145664015,378848,2039,32768,1,1,128,1,1,48,0.000,0.000,,,,,NVIDIA L40S (0),1,,7,"pcg_cuda::<unnamed>::expand_kernel(const pcg_cuda::DpfBlk *, const pcg_cuda::DpfBlk *, const pcg_cuda::DpfBlk *, const pcg_cuda::DpfBlk *, pcg_cuda::DpfBlk *, int, int, int, int, unsigned long, unsigned long)"
1146043567,2592,2041,,,,,,,,,,0.000,98.765,Device,Device,NVIDIA L40S (0),1,,7,[CUDA memcpy Device-to-Device]
1146046831,392320,2042,65536,1,1,128,1,1,45,0.000,0.002,,,,,NVIDIA L40S (0),1,,7,"pcg_cuda::<unnamed>::hash_kernel_chacha8(const pcg_cuda::DpfBlk *, pcg_cuda::DpfBlk *, pcg_cuda::DpfBlk *, int, int, int, unsigned long, unsigned long)"
1146446159,1024,2044,,,,,,,,,,0.000,250.000,Device,Pageable,NVIDIA L40S (0),1,,7,[CUDA memcpy Device-to-Host]
1146454415,384,2045,,,,,,,,,,0.000,666.666,Pageable,Device,NVIDIA L40S (0),1,,7,[CUDA memcpy Host-to-Device]
1146456495,785760,2046,65536,1,1,128,1,1,48,0.000,0.000,,,,,NVIDIA L40S (0),1,,7,"pcg_cuda::<unnamed>::expand_kernel(const pcg_cuda::DpfBlk *, const pcg_cuda::DpfBlk *, const pcg_cuda::DpfBlk *, const pcg_cuda::DpfBlk *, pcg_cuda::DpfBlk *, int, int, int, int, unsigned long, unsigned long)"
1147243055,1664,2048,,,,,,,,,,0.000,153.846,Device,Device,NVIDIA L40S (0),1,,7,[CUDA memcpy Device-to-Device]
1147245391,789952,2049,131072,1,1,128,1,1,45,0.000,0.002,,,,,NVIDIA L40S (0),1,,7,"pcg_cuda::<unnamed>::hash_kernel_chacha8(const pcg_cuda::DpfBlk *, pcg_cuda::DpfBlk *, pcg_cuda::DpfBlk *, int, int, int, unsigned long, unsigned long)"
1148038191,1024,2051,,,,,,,,,,0.000,250.000,Device,Pageable,NVIDIA L40S (0),1,,7,[CUDA memcpy Device-to-Host]
1148047055,384,2052,,,,,,,,,,0.000,666.666,Pageable,Device,NVIDIA L40S (0),1,,7,[CUDA memcpy Host-to-Device]
1148049071,1591712,2053,131072,1,1,128,1,1,48,0.000,0.000,,,,,NVIDIA L40S (0),1,,7,"pcg_cuda::<unnamed>::expand_kernel(const pcg_cuda::DpfBlk *, const pcg_cuda::DpfBlk *, const pcg_cuda::DpfBlk *, const pcg_cuda::DpfBlk *, pcg_cuda::DpfBlk *, int, int, int, int, unsigned long, unsigned long)"
1149641488,815328,2055,1024,16,1,256,1,1,34,0.000,0.004,,,,,NVIDIA L40S (0),1,,7,"pcg_cuda::<unnamed>::out_sum_kernel(const pcg_cuda::DpfBlk *, unsigned long *, unsigned long, unsigned long, int)"
1150457520,3456,2057,16,1,1,256,1,1,22,0.000,0.004,,,,,NVIDIA L40S (0),1,,7,"pcg_cuda::<unnamed>::out_fold_kernel(const unsigned long *, unsigned long *, int, int, unsigned long)"
1150468752,896,2059,,,,,,,,,,0.000,285.714,Device,Pageable,NVIDIA L40S (0),1,,7,[CUDA memcpy Device-to-Host]
1150477584,416,2060,,,,,,,,,,0.000,307.692,Pageable,Device,NVIDIA L40S (0),1,,7,[CUDA memcpy Host-to-Device]
1150480752,12288,2061,,,,,,,,,,33.554,2730659.676,Device,,NVIDIA L40S (0),1,,7,[CUDA memset]
1150493680,1125984,2062,1024,16,1,256,1,1,38,0.000,0.000,,,,,NVIDIA L40S (0),1,,7,"pcg_cuda::<unnamed>::out_scatter_kernel(const pcg_cuda::DpfBlk *, const unsigned long *, unsigned long *, unsigned long, int, int, unsigned long, int)"
1151622800,1600544,2064,,,,,,,,,,33.554,20937.966,Device,Pageable,NVIDIA L40S (0),1,,7,[CUDA memcpy Device-to-Host]
1153286992,2241,2065,,,,,,,,,,0.000,114.235,Pageable,Device,NVIDIA L40S (0),1,,7,[CUDA memcpy Host-to-Device]
1153295120,608,2066,,,,,,,,,,0.005,8842.101,Pageable,Device,NVIDIA L40S (0),1,,7,[CUDA memcpy Host-to-Device]
1153299248,1280,2067,,,,,,,,,,0.000,200.000,Device,Device,NVIDIA L40S (0),1,,7,[CUDA memcpy Device-to-Device]
1153303344,2016,2068,1,1,1,128,1,1,45,0.000,0.002,,,,,NVIDIA L40S (0),1,,7,"pcg_cuda::<unnamed>::hash_kernel_chacha8(const pcg_cuda::DpfBlk *, pcg_cuda::DpfBlk *, pcg_cuda::DpfBlk *, int, int, int, unsigned long, unsigned long)"
1153305712,1472,2070,,,,,,,,,,0.000,173.913,Device,Pageable,NVIDIA L40S (0),1,,7,[CUDA memcpy Device-to-Host]
1153314576,416,2071,,,,,,,,,,0.000,615.385,Pageable,Device,NVIDIA L40S (0),1,,7,[CUDA memcpy Host-to-Device]
1153317744,1792,2072,1,1,1,128,1,1,48,0.000,0.000,,,,,NVIDIA L40S (0),1,,7,"pcg_cuda::<unnamed>::expand_kernel(const pcg_cuda::DpfBlk *, const pcg_cuda::DpfBlk *, const pcg_cuda::DpfBlk *, const pcg_cuda::DpfBlk *, pcg_cuda::DpfBlk *, int, int, int, int, unsigned long, unsigned long)"
1153321840,1024,2074,,,,,,,,,,0.000,250.000,Device,Device,NVIDIA L40S (0),1,,7,[CUDA memcpy Device-to-Device]
1153323888,1600,2075,1,1,1,128,1,1,45,0.000,0.002,,,,,NVIDIA L40S (0),1,,7,"pcg_cuda::<unnamed>::hash_kernel_chacha8(const pcg_cuda::DpfBlk *, pcg_cuda::DpfBlk *, pcg_cuda::DpfBlk *, int, int, int, unsigned long, unsigned long)"
1153326064,864,2077,,,,,,,,,,0.000,296.296,Device,Pageable,NVIDIA L40S (0),1,,7,[CUDA memcpy Device-to-Host]
1153334448,385,2078,,,,,,,,,,0.000,664.935,Pageable,Device,NVIDIA L40S (0),1,,7,[CUDA memcpy Host-to-Device]
1153339440,1505,2079,1,1,1,128,1,1,48,0.000,0.000,,,,,NVIDIA L40S (0),1,,7,"pcg_cuda::<unnamed>::expand_kernel(const pcg_cuda::DpfBlk *, const pcg_cuda::DpfBlk *, const pcg_cuda::DpfBlk *, const pcg_cuda::DpfBlk *, pcg_cuda::DpfBlk *, int, int, int, int, unsigned long, unsigned long)"
1153342928,1024,2081,,,,,,,,,,0.000,250.000,Device,Device,NVIDIA L40S (0),1,,7,[CUDA memcpy Device-to-Device]
1153345008,1568,2082,1,1,1,128,1,1,45,0.000,0.002,,,,,NVIDIA L40S (0),1,,7,"pcg_cuda::<unnamed>::hash_kernel_chacha8(const pcg_cuda::DpfBlk *, pcg_cuda::DpfBlk *, pcg_cuda::DpfBlk *, int, int, int, unsigned long, unsigned long)"
1153347472,896,2084,,,,,,,,,,0.000,285.714,Device,Pageable,NVIDIA L40S (0),1,,7,[CUDA memcpy Device-to-Host]
1153355536,416,2085,,,,,,,,,,0.000,615.385,Pageable,Device,NVIDIA L40S (0),1,,7,[CUDA memcpy Host-to-Device]
1153358032,1472,2086,1,1,1,128,1,1,48,0.000,0.000,,,,,NVIDIA L40S (0),1,,7,"pcg_cuda::<unnamed>::expand_kernel(const pcg_cuda::DpfBlk *, const pcg_cuda::DpfBlk *, const pcg_cuda::DpfBlk *, const pcg_cuda::DpfBlk *, pcg_cuda::DpfBlk *, int, int, int, int, unsigned long, unsigned long)"
1153361520,1024,2088,,,,,,,,,,0.000,250.000,Device,Device,NVIDIA L40S (0),1,,7,[CUDA memcpy Device-to-Device]
1153363472,1664,2089,1,1,1,128,1,1,45,0.000,0.002,,,,,NVIDIA L40S (0),1,,7,"pcg_cuda::<unnamed>::hash_kernel_chacha8(const pcg_cuda::DpfBlk *, pcg_cuda::DpfBlk *, pcg_cuda::DpfBlk *, int, int, int, unsigned long, unsigned long)"
1153366032,864,2091,,,,,,,,,,0.000,296.296,Device,Pageable,NVIDIA L40S (0),1,,7,[CUDA memcpy Device-to-Host]
1153374096,384,2092,,,,,,,,,,0.000,666.666,Pageable,Device,NVIDIA L40S (0),1,,7,[CUDA memcpy Host-to-Device]
1153376624,1536,2093,1,1,1,128,1,1,48,0.000,0.000,,,,,NVIDIA L40S (0),1,,7,"pcg_cuda::<unnamed>::expand_kernel(const pcg_cuda::DpfBlk *, const pcg_cuda::DpfBlk *, const pcg_cuda::DpfBlk *, const pcg_cuda::DpfBlk *, pcg_cuda::DpfBlk *, int, int, int, int, unsigned long, unsigned long)"
1153379984,1024,2095,,,,,,,,,,0.000,250.000,Device,Device,NVIDIA L40S (0),1,,7,[CUDA memcpy Device-to-Device]
1153382224,1792,2096,2,1,1,128,1,1,45,0.000,0.002,,,,,NVIDIA L40S (0),1,,7,"pcg_cuda::<unnamed>::hash_kernel_chacha8(const pcg_cuda::DpfBlk *, pcg_cuda::DpfBlk *, pcg_cuda::DpfBlk *, int, int, int, unsigned long, unsigned long)"
1153384625,895,2098,,,,,,,,,,0.000,286.033,Device,Pageable,NVIDIA L40S (0),1,,7,[CUDA memcpy Device-to-Host]
1153392657,415,2099,,,,,,,,,,0.000,616.867,Pageable,Device,NVIDIA L40S (0),1,,7,[CUDA memcpy Host-to-Device]
1153395152,1536,2100,2,1,1,128,1,1,48,0.000,0.000,,,,,NVIDIA L40S (0),1,,7,"pcg_cuda::<unnamed>::expand_kernel(const pcg_cuda::DpfBlk *, const pcg_cuda::DpfBlk *, const pcg_cuda::DpfBlk *, const pcg_cuda::DpfBlk *, pcg_cuda::DpfBlk *, int, int, int, int, unsigned long, unsigned long)"
1153398704,1056,2102,,,,,,,,,,0.000,242.424,Device,Device,NVIDIA L40S (0),1,,7,[CUDA memcpy Device-to-Device]
1153400784,2112,2103,4,1,1,128,1,1,45,0.000,0.002,,,,,NVIDIA L40S (0),1,,7,"pcg_cuda::<unnamed>::hash_kernel_chacha8(const pcg_cuda::DpfBlk *, pcg_cuda::DpfBlk *, pcg_cuda::DpfBlk *, int, int, int, unsigned long, unsigned long)"
1153403216,896,2105,,,,,,,,,,0.000,285.714,Device,Pageable,NVIDIA L40S (0),1,,7,[CUDA memcpy Device-to-Host]
1153411344,384,2106,,,,,,,,,,0.000,666.666,Pageable,Device,NVIDIA L40S (0),1,,7,[CUDA memcpy Host-to-Device]
1153413681,1567,2107,4,1,1,128,1,1,48,0.000,0.000,,,,,NVIDIA L40S (0),1,,7,"pcg_cuda::<unnamed>::expand_kernel(const pcg_cuda::DpfBlk *, const pcg_cuda::DpfBlk *, const pcg_cuda::DpfBlk *, const pcg_cuda::DpfBlk *, pcg_cuda::DpfBlk *, int, int, int, int, unsigned long, unsigned long)"
1153417360,1056,2109,,,,,,,,,,0.000,242.424,Device,Device,NVIDIA L40S (0),1,,7,[CUDA memcpy Device-to-Device]
1153419728,2720,2110,8,1,1,128,1,1,45,0.000,0.002,,,,,NVIDIA L40S (0),1,,7,"pcg_cuda::<unnamed>::hash_kernel_chacha8(const pcg_cuda::DpfBlk *, pcg_cuda::DpfBlk *, pcg_cuda::DpfBlk *, int, int, int, unsigned long, unsigned long)"
1153431185,895,2112,,,,,,,,,,0.000,286.033,Device,Pageable,NVIDIA L40S (0),1,,7,[CUDA memcpy Device-to-Host]
1153439344,416,2113,,,,,,,,,,0.000,615.385,Pageable,Device,NVIDIA L40S (0),1,,7,[CUDA memcpy Host-to-Device]
1153441904,1568,2114,8,1,1,128,1,1,48,0.000,0.000,,,,,NVIDIA L40S (0),1,,7,"pcg_cuda::<unnamed>::expand_kernel(const pcg_cuda::DpfBlk *, const pcg_cuda::DpfBlk *, const pcg_cuda::DpfBlk *, const pcg_cuda::DpfBlk *, pcg_cuda::DpfBlk *, int, int, int, int, unsigned long, unsigned long)"
1153445264,1056,2116,,,,,,,,,,0.000,242.424,Device,Device,NVIDIA L40S (0),1,,7,[CUDA memcpy Device-to-Device]
1153447344,2016,2117,16,1,1,128,1,1,45,0.000,0.002,,,,,NVIDIA L40S (0),1,,7,"pcg_cuda::<unnamed>::hash_kernel_chacha8(const pcg_cuda::DpfBlk *, pcg_cuda::DpfBlk *, pcg_cuda::DpfBlk *, int, int, int, unsigned long, unsigned long)"
1153449904,865,2119,,,,,,,,,,0.000,295.954,Device,Pageable,NVIDIA L40S (0),1,,7,[CUDA memcpy Device-to-Host]
1153457936,385,2120,,,,,,,,,,0.000,664.935,Pageable,Device,NVIDIA L40S (0),1,,7,[CUDA memcpy Host-to-Device]
1153460368,1600,2121,16,1,1,128,1,1,48,0.000,0.000,,,,,NVIDIA L40S (0),1,,7,"pcg_cuda::<unnamed>::expand_kernel(const pcg_cuda::DpfBlk *, const pcg_cuda::DpfBlk *, const pcg_cuda::DpfBlk *, const pcg_cuda::DpfBlk *, pcg_cuda::DpfBlk *, int, int, int, int, unsigned long, unsigned long)"
1153463664,1024,2123,,,,,,,,,,0.000,250.000,Device,Device,NVIDIA L40S (0),1,,7,[CUDA memcpy Device-to-Device]
1153465840,2016,2124,32,1,1,128,1,1,45,0.000,0.002,,,,,NVIDIA L40S (0),1,,7,"pcg_cuda::<unnamed>::hash_kernel_chacha8(const pcg_cuda::DpfBlk *, pcg_cuda::DpfBlk *, pcg_cuda::DpfBlk *, int, int, int, unsigned long, unsigned long)"
1153468273,863,2126,,,,,,,,,,0.000,296.639,Device,Pageable,NVIDIA L40S (0),1,,7,[CUDA memcpy Device-to-Host]
1153476368,417,2127,,,,,,,,,,0.000,613.909,Pageable,Device,NVIDIA L40S (0),1,,7,[CUDA memcpy Host-to-Device]
1153478897,1600,2128,32,1,1,128,1,1,48,0.000,0.000,,,,,NVIDIA L40S (0),1,,7,"pcg_cuda::<unnamed>::expand_kernel(const pcg_cuda::DpfBlk *, const pcg_cuda::DpfBlk *, const pcg_cuda::DpfBlk *, const pcg_cuda::DpfBlk *, pcg_cuda::DpfBlk *, int, int, int, int, unsigned long, unsigned long)"
1153482288,1056,2130,,,,,,,,,,0.000,242.424,Device,Device,NVIDIA L40S (0),1,,7,[CUDA memcpy Device-to-Device]
1153484464,2048,2131,64,1,1,128,1,1,45,0.000,0.002,,,,,NVIDIA L40S (0),1,,7,"pcg_cuda::<unnamed>::hash_kernel_chacha8(const pcg_cuda::DpfBlk *, pcg_cuda::DpfBlk *, pcg_cuda::DpfBlk *, int, int, int, unsigned long, unsigned long)"
1153486832,864,2133,,,,,,,,,,0.000,296.296,Device,Pageable,NVIDIA L40S (0),1,,7,[CUDA memcpy Device-to-Host]
1153494864,385,2134,,,,,,,,,,0.000,664.935,Pageable,Device,NVIDIA L40S (0),1,,7,[CUDA memcpy Host-to-Device]
1153497296,1600,2135,64,1,1,128,1,1,48,0.000,0.000,,,,,NVIDIA L40S (0),1,,7,"pcg_cuda::<unnamed>::expand_kernel(const pcg_cuda::DpfBlk *, const pcg_cuda::DpfBlk *, const pcg_cuda::DpfBlk *, const pcg_cuda::DpfBlk *, pcg_cuda::DpfBlk *, int, int, int, int, unsigned long, unsigned long)"
1153500656,1056,2137,,,,,,,,,,0.000,242.424,Device,Device,NVIDIA L40S (0),1,,7,[CUDA memcpy Device-to-Device]
1153502896,2112,2138,128,1,1,128,1,1,45,0.000,0.002,,,,,NVIDIA L40S (0),1,,7,"pcg_cuda::<unnamed>::hash_kernel_chacha8(const pcg_cuda::DpfBlk *, pcg_cuda::DpfBlk *, pcg_cuda::DpfBlk *, int, int, int, unsigned long, unsigned long)"
1153505328,865,2140,,,,,,,,,,0.000,295.954,Device,Pageable,NVIDIA L40S (0),1,,7,[CUDA memcpy Device-to-Host]
1153513585,383,2141,,,,,,,,,,0.000,668.407,Pageable,Device,NVIDIA L40S (0),1,,7,[CUDA memcpy Host-to-Device]
1153516048,1760,2142,128,1,1,128,1,1,48,0.000,0.000,,,,,NVIDIA L40S (0),1,,7,"pcg_cuda::<unnamed>::expand_kernel(const pcg_cuda::DpfBlk *, const pcg_cuda::DpfBlk *, const pcg_cuda::DpfBlk *, const pcg_cuda::DpfBlk *, pcg_cuda::DpfBlk *, int, int, int, int, unsigned long, unsigned long)"
1153519472,1024,2144,,,,,,,,,,0.000,250.000,Device,Device,NVIDIA L40S (0),1,,7,[CUDA memcpy Device-to-Device]
1153521745,2463,2145,256,1,1,128,1,1,45,0.000,0.002,,,,,NVIDIA L40S (0),1,,7,"pcg_cuda::<unnamed>::hash_kernel_chacha8(const pcg_cuda::DpfBlk *, pcg_cuda::DpfBlk *, pcg_cuda::DpfBlk *, int, int, int, unsigned long, unsigned long)"
1153524592,865,2147,,,,,,,,,,0.000,295.954,Device,Pageable,NVIDIA L40S (0),1,,7,[CUDA memcpy Device-to-Host]
1153534192,384,2148,,,,,,,,,,0.000,666.666,Pageable,Device,NVIDIA L40S (0),1,,7,[CUDA memcpy Host-to-Device]
1153536816,2433,2149,256,1,1,128,1,1,48,0.000,0.000,,,,,NVIDIA L40S (0),1,,7,"pcg_cuda::<unnamed>::expand_kernel(const pcg_cuda::DpfBlk *, const pcg_cuda::DpfBlk *, const pcg_cuda::DpfBlk *, const pcg_cuda::DpfBlk *, pcg_cuda::DpfBlk *, int, int, int, int, unsigned long, unsigned long)"
1153540401,1055,2151,,,,,,,,,,0.000,242.654,Device,Device,NVIDIA L40S (0),1,,7,[CUDA memcpy Device-to-Device]
1153542544,3072,2152,512,1,1,128,1,1,45,0.000,0.002,,,,,NVIDIA L40S (0),1,,7,"pcg_cuda::<unnamed>::hash_kernel_chacha8(const pcg_cuda::DpfBlk *, pcg_cuda::DpfBlk *, pcg_cuda::DpfBlk *, int, int, int, unsigned long, unsigned long)"
1153553040,960,2154,,,,,,,,,,0.000,266.666,Device,Pageable,NVIDIA L40S (0),1,,7,[CUDA memcpy Device-to-Host]
1153561200,385,2155,,,,,,,,,,0.000,664.935,Pageable,Device,NVIDIA L40S (0),1,,7,[CUDA memcpy Host-to-Device]
1153563600,3392,2156,512,1,1,128,1,1,48,0.000,0.000,,,,,NVIDIA L40S (0),1,,7,"pcg_cuda::<unnamed>::expand_kernel(const pcg_cuda::DpfBlk *, const pcg_cuda::DpfBlk *, const pcg_cuda::DpfBlk *, const pcg_cuda::DpfBlk *, pcg_cuda::DpfBlk *, int, int, int, int, unsigned long, unsigned long)"
1153567728,1056,2158,,,,,,,,,,0.000,242.424,Device,Device,NVIDIA L40S (0),1,,7,[CUDA memcpy Device-to-Device]
1153569584,4865,2159,1024,1,1,128,1,1,45,0.000,0.002,,,,,NVIDIA L40S (0),1,,7,"pcg_cuda::<unnamed>::hash_kernel_chacha8(const pcg_cuda::DpfBlk *, pcg_cuda::DpfBlk *, pcg_cuda::DpfBlk *, int, int, int, unsigned long, unsigned long)"
1153580689,895,2161,,,,,,,,,,0.000,286.033,Device,Pageable,NVIDIA L40S (0),1,,7,[CUDA memcpy Device-to-Host]
1153588912,384,2162,,,,,,,,,,0.000,666.666,Pageable,Device,NVIDIA L40S (0),1,,7,[CUDA memcpy Host-to-Device]
1153591313,6623,2163,1024,1,1,128,1,1,48,0.000,0.000,,,,,NVIDIA L40S (0),1,,7,"pcg_cuda::<unnamed>::expand_kernel(const pcg_cuda::DpfBlk *, const pcg_cuda::DpfBlk *, const pcg_cuda::DpfBlk *, const pcg_cuda::DpfBlk *, pcg_cuda::DpfBlk *, int, int, int, int, unsigned long, unsigned long)"
1153598673,1055,2165,,,,,,,,,,0.000,242.654,Device,Device,NVIDIA L40S (0),1,,7,[CUDA memcpy Device-to-Device]
1153600400,7712,2166,2048,1,1,128,1,1,45,0.000,0.002,,,,,NVIDIA L40S (0),1,,7,"pcg_cuda::<unnamed>::hash_kernel_chacha8(const pcg_cuda::DpfBlk *, pcg_cuda::DpfBlk *, pcg_cuda::DpfBlk *, int, int, int, unsigned long, unsigned long)"
1153616528,896,2168,,,,,,,,,,0.000,285.714,Device,Pageable,NVIDIA L40S (0),1,,7,[CUDA memcpy Device-to-Host]
1153624752,417,2169,,,,,,,,,,0.000,613.909,Pageable,Device,NVIDIA L40S (0),1,,7,[CUDA memcpy Host-to-Device]
1153627089,11584,2170,2048,1,1,128,1,1,48,0.000,0.000,,,,,NVIDIA L40S (0),1,,7,"pcg_cuda::<unnamed>::expand_kernel(const pcg_cuda::DpfBlk *, const pcg_cuda::DpfBlk *, const pcg_cuda::DpfBlk *, const pcg_cuda::DpfBlk *, pcg_cuda::DpfBlk *, int, int, int, int, unsigned long, unsigned long)"
1153639408,1056,2172,,,,,,,,,,0.000,242.424,Device,Device,NVIDIA L40S (0),1,,7,[CUDA memcpy Device-to-Device]
1153641136,13664,2173,4096,1,1,128,1,1,45,0.000,0.002,,,,,NVIDIA L40S (0),1,,7,"pcg_cuda::<unnamed>::hash_kernel_chacha8(const pcg_cuda::DpfBlk *, pcg_cuda::DpfBlk *, pcg_cuda::DpfBlk *, int, int, int, unsigned long, unsigned long)"
1153660560,960,2175,,,,,,,,,,0.000,266.666,Device,Pageable,NVIDIA L40S (0),1,,7,[CUDA memcpy Device-to-Host]
1153668624,385,2176,,,,,,,,,,0.000,664.935,Pageable,Device,NVIDIA L40S (0),1,,7,[CUDA memcpy Host-to-Device]
1153670992,21888,2177,4096,1,1,128,1,1,48,0.000,0.000,,,,,NVIDIA L40S (0),1,,7,"pcg_cuda::<unnamed>::expand_kernel(const pcg_cuda::DpfBlk *, const pcg_cuda::DpfBlk *, const pcg_cuda::DpfBlk *, const pcg_cuda::DpfBlk *, pcg_cuda::DpfBlk *, int, int, int, int, unsigned long, unsigned long)"
1153693616,1024,2179,,,,,,,,,,0.000,250.000,Device,Device,NVIDIA L40S (0),1,,7,[CUDA memcpy Device-to-Device]
1153695345,24863,2180,8192,1,1,128,1,1,45,0.000,0.002,,,,,NVIDIA L40S (0),1,,7,"pcg_cuda::<unnamed>::hash_kernel_chacha8(const pcg_cuda::DpfBlk *, pcg_cuda::DpfBlk *, pcg_cuda::DpfBlk *, int, int, int, unsigned long, unsigned long)"
1153728144,896,2182,,,,,,,,,,0.000,285.714,Device,Pageable,NVIDIA L40S (0),1,,7,[CUDA memcpy Device-to-Host]
1153736752,384,2183,,,,,,,,,,0.000,666.666,Pageable,Device,NVIDIA L40S (0),1,,7,[CUDA memcpy Host-to-Device]
1153738897,43103,2184,8192,1,1,128,1,1,48,0.000,0.000,,,,,NVIDIA L40S (0),1,,7,"pcg_cuda::<unnamed>::expand_kernel(const pcg_cuda::DpfBlk *, const pcg_cuda::DpfBlk *, const pcg_cuda::DpfBlk *, const pcg_cuda::DpfBlk *, pcg_cuda::DpfBlk *, int, int, int, int, unsigned long, unsigned long)"
1153782832,1728,2186,,,,,,,,,,0.000,148.148,Device,Device,NVIDIA L40S (0),1,,7,[CUDA memcpy Device-to-Device]
1153785297,49952,2187,16384,1,1,128,1,1,45,0.000,0.002,,,,,NVIDIA L40S (0),1,,7,"pcg_cuda::<unnamed>::hash_kernel_chacha8(const pcg_cuda::DpfBlk *, pcg_cuda::DpfBlk *, pcg_cuda::DpfBlk *, int, int, int, unsigned long, unsigned long)"
1153838737,895,2189,,,,,,,,,,0.000,286.033,Device,Pageable,NVIDIA L40S (0),1,,7,[CUDA memcpy Device-to-Host]
1153847056,416,2190,,,,,,,,,,0.000,615.385,Pageable,Device,NVIDIA L40S (0),1,,7,[CUDA memcpy Host-to-Device]
1153849488,134496,2191,16384,1,1,128,1,1,48,0.000,0.000,,,,,NVIDIA L40S (0),1,,7,"pcg_cuda::<unnamed>::expand_kernel(const pcg_cuda::DpfBlk *, const pcg_cuda::DpfBlk *, const pcg_cuda::DpfBlk *, const pcg_cuda::DpfBlk *, pcg_cuda::DpfBlk *, int, int, int, int, unsigned long, unsigned long)"
1153984688,1440,2193,,,,,,,,,,0.000,177.778,Device,Device,NVIDIA L40S (0),1,,7,[CUDA memcpy Device-to-Device]
1153986896,199456,2194,32768,1,1,128,1,1,45,0.000,0.002,,,,,NVIDIA L40S (0),1,,7,"pcg_cuda::<unnamed>::hash_kernel_chacha8(const pcg_cuda::DpfBlk *, pcg_cuda::DpfBlk *, pcg_cuda::DpfBlk *, int, int, int, unsigned long, unsigned long)"
1154192017,895,2196,,,,,,,,,,0.000,286.033,Device,Pageable,NVIDIA L40S (0),1,,7,[CUDA memcpy Device-to-Host]
1154200401,415,2197,,,,,,,,,,0.000,616.867,Pageable,Device,NVIDIA L40S (0),1,,7,[CUDA memcpy Host-to-Device]
1154202673,381536,2198,32768,1,1,128,1,1,48,0.000,0.000,,,,,NVIDIA L40S (0),1,,7,"pcg_cuda::<unnamed>::expand_kernel(const pcg_cuda::DpfBlk *, const pcg_cuda::DpfBlk *, const pcg_cuda::DpfBlk *, const pcg_cuda::DpfBlk *, pcg_cuda::DpfBlk *, int, int, int, int, unsigned long, unsigned long)"
1154584944,2113,2200,,,,,,,,,,0.000,121.155,Device,Device,NVIDIA L40S (0),1,,7,[CUDA memcpy Device-to-Device]
1154587729,387680,2201,65536,1,1,128,1,1,45,0.000,0.002,,,,,NVIDIA L40S (0),1,,7,"pcg_cuda::<unnamed>::hash_kernel_chacha8(const pcg_cuda::DpfBlk *, pcg_cuda::DpfBlk *, pcg_cuda::DpfBlk *, int, int, int, unsigned long, unsigned long)"
1154980497,1024,2203,,,,,,,,,,0.000,250.000,Device,Pageable,NVIDIA L40S (0),1,,7,[CUDA memcpy Device-to-Host]
1154988977,384,2204,,,,,,,,,,0.000,666.666,Pageable,Device,NVIDIA L40S (0),1,,7,[CUDA memcpy Host-to-Device]
1154991153,795968,2205,65536,1,1,128,1,1,48,0.000,0.000,,,,,NVIDIA L40S (0),1,,7,"pcg_cuda::<unnamed>::expand_kernel(const pcg_cuda::DpfBlk *, const pcg_cuda::DpfBlk *, const pcg_cuda::DpfBlk *, const pcg_cuda::DpfBlk *, pcg_cuda::DpfBlk *, int, int, int, int, unsigned long, unsigned long)"
1155787889,1600,2207,,,,,,,,,,0.000,160.000,Device,Device,NVIDIA L40S (0),1,,7,[CUDA memcpy Device-to-Device]
1155790257,789952,2208,131072,1,1,128,1,1,45,0.000,0.002,,,,,NVIDIA L40S (0),1,,7,"pcg_cuda::<unnamed>::hash_kernel_chacha8(const pcg_cuda::DpfBlk *, pcg_cuda::DpfBlk *, pcg_cuda::DpfBlk *, int, int, int, unsigned long, unsigned long)"
1156587153,1024,2210,,,,,,,,,,0.000,250.000,Device,Pageable,NVIDIA L40S (0),1,,7,[CUDA memcpy Device-to-Host]
1156595825,416,2211,,,,,,,,,,0.000,615.385,Pageable,Device,NVIDIA L40S (0),1,,7,[CUDA memcpy Host-to-Device]
1156597841,1597184,2212,131072,1,1,128,1,1,48,0.000,0.000,,,,,NVIDIA L40S (0),1,,7,"pcg_cuda::<unnamed>::expand_kernel(const pcg_cuda::DpfBlk *, const pcg_cuda::DpfBlk *, const pcg_cuda::DpfBlk *, const pcg_cuda::DpfBlk *, pcg_cuda::DpfBlk *, int, int, int, int, unsigned long, unsigned long)"
1158195761,813472,2214,1024,16,1,256,1,1,34,0.000,0.004,,,,,NVIDIA L40S (0),1,,7,"pcg_cuda::<unnamed>::out_sum_kernel(const pcg_cuda::DpfBlk *, unsigned long *, unsigned long, unsigned long, int)"
1159009873,3552,2216,16,1,1,256,1,1,22,0.000,0.004,,,,,NVIDIA L40S (0),1,,7,"pcg_cuda::<unnamed>::out_fold_kernel(const unsigned long *, unsigned long *, int, int, unsigned long)"
1159018130,896,2218,,,,,,,,,,0.000,285.714,Device,Pageable,NVIDIA L40S (0),1,,7,[CUDA memcpy Device-to-Host]
1159028881,385,2219,,,,,,,,,,0.000,332.467,Pageable,Device,NVIDIA L40S (0),1,,7,[CUDA memcpy Host-to-Device]
1159032018,12383,2220,,,,,,,,,,33.554,2709688.156,Device,,NVIDIA L40S (0),1,,7,[CUDA memset]
1159045138,1127392,2221,1024,16,1,256,1,1,38,0.000,0.000,,,,,NVIDIA L40S (0),1,,7,"pcg_cuda::<unnamed>::out_scatter_kernel(const pcg_cuda::DpfBlk *, const unsigned long *, unsigned long *, unsigned long, int, int, unsigned long, int)"
1160173938,1584832,2223,,,,,,,,,,33.554,21139.292,Device,Pageable,NVIDIA L40S (0),1,,7,[CUDA memcpy Device-to-Host]
1161821842,2336,2224,,,,,,,,,,0.000,109.589,Pageable,Device,NVIDIA L40S (0),1,,7,[CUDA memcpy Host-to-Device]
1161830194,576,2225,,,,,,,,,,0.005,9333.333,Pageable,Device,NVIDIA L40S (0),1,,7,[CUDA memcpy Host-to-Device]
1161833842,1280,2226,,,,,,,,,,0.000,200.000,Device,Device,NVIDIA L40S (0),1,,7,[CUDA memcpy Device-to-Device]
1161837874,2080,2227,1,1,1,128,1,1,45,0.000,0.002,,,,,NVIDIA L40S (0),1,,7,"pcg_cuda::<unnamed>::hash_kernel_chacha8(const pcg_cuda::DpfBlk *, pcg_cuda::DpfBlk *, pcg_cuda::DpfBlk *, int, int, int, unsigned long, unsigned long)"
1161840242,1440,2229,,,,,,,,,,0.000,177.778,Device,Pageable,NVIDIA L40S (0),1,,7,[CUDA memcpy Device-to-Host]
1161848690,384,2230,,,,,,,,,,0.000,666.666,Pageable,Device,NVIDIA L40S (0),1,,7,[CUDA memcpy Host-to-Device]
1161851250,1760,2231,1,1,1,128,1,1,48,0.000,0.000,,,,,NVIDIA L40S (0),1,,7,"pcg_cuda::<unnamed>::expand_kernel(const pcg_cuda::DpfBlk *, const pcg_cuda::DpfBlk *, const pcg_cuda::DpfBlk *, const pcg_cuda::DpfBlk *, pcg_cuda::DpfBlk *, int, int, int, int, unsigned long, unsigned long)"
1161855186,1056,2233,,,,,,,,,,0.000,242.424,Device,Device,NVIDIA L40S (0),1,,7,[CUDA memcpy Device-to-Device]
1161858482,1600,2234,1,1,1,128,1,1,45,0.000,0.002,,,,,NVIDIA L40S (0),1,,7,"pcg_cuda::<unnamed>::hash_kernel_chacha8(const pcg_cuda::DpfBlk *, pcg_cuda::DpfBlk *, pcg_cuda::DpfBlk *, int, int, int, unsigned long, unsigned long)"
1161860338,896,2236,,,,,,,,,,0.000,285.714,Device,Pageable,NVIDIA L40S (0),1,,7,[CUDA memcpy Device-to-Host]
1161868434,384,2237,,,,,,,,,,0.000,666.666,Pageable,Device,NVIDIA L40S (0),1,,7,[CUDA memcpy Host-to-Device]
1161870994,1536,2238,1,1,1,128,1,1,48,0.000,0.000,,,,,NVIDIA L40S (0),1,,7,"pcg_cuda::<unnamed>::expand_kernel(const pcg_cuda::DpfBlk *, const pcg_cuda::DpfBlk *, const pcg_cuda::DpfBlk *, const pcg_cuda::DpfBlk *, pcg_cuda::DpfBlk *, int, int, int, int, unsigned long, unsigned long)"
1161874514,1024,2240,,,,,,,,,,0.000,250.000,Device,Device,NVIDIA L40S (0),1,,7,[CUDA memcpy Device-to-Device]
1161876946,1600,2241,1,1,1,128,1,1,45,0.000,0.002,,,,,NVIDIA L40S (0),1,,7,"pcg_cuda::<unnamed>::hash_kernel_chacha8(const pcg_cuda::DpfBlk *, pcg_cuda::DpfBlk *, pcg_cuda::DpfBlk *, int, int, int, unsigned long, unsigned long)"
1161879442,896,2243,,,,,,,,,,0.000,285.714,Device,Pageable,NVIDIA L40S (0),1,,7,[CUDA memcpy Device-to-Host]
1161887474,384,2244,,,,,,,,,,0.000,666.666,Pageable,Device,NVIDIA L40S (0),1,,7,[CUDA memcpy Host-to-Device]
1161889714,1472,2245,1,1,1,128,1,1,48,0.000,0.000,,,,,NVIDIA L40S (0),1,,7,"pcg_cuda::<unnamed>::expand_kernel(const pcg_cuda::DpfBlk *, const pcg_cuda::DpfBlk *, const pcg_cuda::DpfBlk *, const pcg_cuda::DpfBlk *, pcg_cuda::DpfBlk *, int, int, int, int, unsigned long, unsigned long)"
1161893010,1024,2247,,,,,,,,,,0.000,250.000,Device,Device,NVIDIA L40S (0),1,,7,[CUDA memcpy Device-to-Device]
1161895602,1632,2248,1,1,1,128,1,1,45,0.000,0.002,,,,,NVIDIA L40S (0),1,,7,"pcg_cuda::<unnamed>::hash_kernel_chacha8(const pcg_cuda::DpfBlk *, pcg_cuda::DpfBlk *, pcg_cuda::DpfBlk *, int, int, int, unsigned long, unsigned long)"
1161897586,896,2250,,,,,,,,,,0.000,285.714,Device,Pageable,NVIDIA L40S (0),1,,7,[CUDA memcpy Device-to-Host]
1161905522,384,2251,,,,,,,,,,0.000,666.666,Pageable,Device,NVIDIA L40S (0),1,,7,[CUDA memcpy Host-to-Device]
1161907826,1504,2252,1,1,1,128,1,1,48,0.000,0.000,,,,,NVIDIA L40S (0),1,,7,"pcg_cuda::<unnamed>::expand_kernel(const pcg_cuda::DpfBlk *, const pcg_cuda::DpfBlk *, const pcg_cuda::DpfBlk *, const pcg_cuda::DpfBlk *, pcg_cuda::DpfBlk *, int, int, int, int, unsigned long, unsigned long)"
1161911058,1056,2254,,,,,,,,,,0.000,242.424,Device,Device,NVIDIA L40S (0),1,,7,[CUDA memcpy Device-to-Device]
1161913650,1824,2255,2,1,1,128,1,1,45,0.000,0.002,,,,,NVIDIA L40S (0),1,,7,"pcg_cuda::<unnamed>::hash_kernel_chacha8(const pcg_cuda::DpfBlk *, pcg_cuda::DpfBlk *, pcg_cuda::DpfBlk *, int, int, int, unsigned long, unsigned long)"
1161915890,896,2257,,,,,,,,,,0.000,285.714,Device,Pageable,NVIDIA L40S (0),1,,7,[CUDA memcpy Device-to-Host]
1161928210,384,2258,,,,,,,,,,0.000,666.666,Pageable,Device,NVIDIA L40S (0),1,,7,[CUDA memcpy Host-to-Device]
1161930450,1536,2259,2,1,1,128,1,1,48,0.000,0.000,,,,,NVIDIA L40S (0),1,,7,"pcg_cuda::<unnamed>::expand_kernel(const pcg_cuda::DpfBlk *, const pcg_cuda::DpfBlk *, const pcg_cuda::DpfBlk *, const pcg_cuda::DpfBlk *, pcg_cuda::DpfBlk *, int, int, int, int, unsigned long, unsigned long)"
1161934034,1056,2261,,,,,,,,,,0.000,242.424,Device,Device,NVIDIA L40S (0),1,,7,[CUDA memcpy Device-to-Device]
1161936402,2112,2262,4,1,1,128,1,1,45,0.000,0.002,,,,,NVIDIA L40S (0),1,,7,"pcg_cuda::<unnamed>::hash_kernel_chacha8(const pcg_cuda::DpfBlk *, pcg_cuda::DpfBlk *, pcg_cuda::DpfBlk *, int, int, int, unsigned long, unsigned long)"
1161938770,896,2264,,,,,,,,,,0.000,285.714,Device,Pageable,NVIDIA L40S (0),1,,7,[CUDA memcpy Device-to-Host]
1161946802,384,2265,,,,,,,,,,0.000,666.666,Pageable,Device,NVIDIA L40S (0),1,,7,[CUDA memcpy Host-to-Device]
1161949106,1568,2266,4,1,1,128,1,1,48,0.000,0.000,,,,,NVIDIA L40S (0),1,,7,"pcg_cuda::<unnamed>::expand_kernel(const pcg_cuda::DpfBlk *, const pcg_cuda::DpfBlk *, const pcg_cuda::DpfBlk *, const pcg_cuda::DpfBlk *, pcg_cuda::DpfBlk *, int, int, int, int, unsigned long, unsigned long)"
1161952914,1024,2268,,,,,,,,,,0.000,250.000,Device,Device,NVIDIA L40S (0),1,,7,[CUDA memcpy Device-to-Device]
1161955250,2816,2269,8,1,1,128,1,1,45,0.000,0.002,,,,,NVIDIA L40S (0),1,,7,"pcg_cuda::<unnamed>::hash_kernel_chacha8(const pcg_cuda::DpfBlk *, pcg_cuda::DpfBlk *, pcg_cuda::DpfBlk *, int, int, int, unsigned long, unsigned long)"
1161966226,896,2271,,,,,,,,,,0.000,285.714,Device,Pageable,NVIDIA L40S (0),1,,7,[CUDA memcpy Device-to-Host]
1161974194,384,2272,,,,,,,,,,0.000,666.666,Pageable,Device,NVIDIA L40S (0),1,,7,[CUDA memcpy Host-to-Device]
1161976530,1600,2273,8,1,1,128,1,1,48,0.000,0.000,,,,,NVIDIA L40S (0),1,,7,"pcg_cuda::<unnamed>::expand_kernel(const pcg_cuda::DpfBlk *, const pcg_cuda::DpfBlk *, const pcg_cuda::DpfBlk *, const pcg_cuda::DpfBlk *, pcg_cuda::DpfBlk *, int, int, int, int, unsigned long, unsigned long)"
1161979762,1056,2275,,,,,,,,,,0.000,242.424,Device,Device,NVIDIA L40S (0),1,,7,[CUDA memcpy Device-to-Device]
1161982194,2016,2276,16,1,1,128,1,1,45,0.000,0.002,,,,,NVIDIA L40S (0),1,,7,"pcg_cuda::<unnamed>::hash_kernel_chacha8(const pcg_cuda::DpfBlk *, pcg_cuda::DpfBlk *, pcg_cuda::DpfBlk *, int, int, int, unsigned long, unsigned long)"
1161984594,896,2278,,,,,,,,,,0.000,285.714,Device,Pageable,NVIDIA L40S (0),1,,7,[CUDA memcpy Device-to-Host]
1161992562,384,2279,,,,,,,,,,0.000,666.666,Pageable,Device,NVIDIA L40S (0),1,,7,[CUDA memcpy Host-to-Device]
1161994962,1600,2280,16,1,1,128,1,1,48,0.000,0.000,,,,,NVIDIA L40S (0),1,,7,"pcg_cuda::<unnamed>::expand_kernel(const pcg_cuda::DpfBlk *, const pcg_cuda::DpfBlk *, const pcg_cuda::DpfBlk *, const pcg_cuda::DpfBlk *, pcg_cuda::DpfBlk *, int, int, int, int, unsigned long, unsigned long)"
1161998418,1056,2282,,,,,,,,,,0.000,242.424,Device,Device,NVIDIA L40S (0),1,,7,[CUDA memcpy Device-to-Device]
1162000818,2016,2283,32,1,1,128,1,1,45,0.000,0.002,,,,,NVIDIA L40S (0),1,,7,"pcg_cuda::<unnamed>::hash_kernel_chacha8(const pcg_cuda::DpfBlk *, pcg_cuda::DpfBlk *, pcg_cuda::DpfBlk *, int, int, int, unsigned long, unsigned long)"
1162003154,864,2285,,,,,,,,,,0.000,296.296,Device,Pageable,NVIDIA L40S (0),1,,7,[CUDA memcpy Device-to-Host]
1162011346,384,2286,,,,,,,,,,0.000,666.666,Pageable,Device,NVIDIA L40S (0),1,,7,[CUDA memcpy Host-to-Device]
1162015666,1568,2287,32,1,1,128,1,1,48,0.000,0.000,,,,,NVIDIA L40S (0),1,,7,"pcg_cuda::<unnamed>::expand_kernel(const pcg_cuda::DpfBlk *, const pcg_cuda::DpfBlk *, const pcg_cuda::DpfBlk *, const pcg_cuda::DpfBlk *, pcg_cuda::DpfBlk *, int, int, int, int, unsigned long, unsigned long)"
1162019154,1056,2289,,,,,,,,,,0.000,242.424,Device,Device,NVIDIA L40S (0),1,,7,[CUDA memcpy Device-to-Device]
1162022066,2016,2290,64,1,1,128,1,1,45,0.000,0.002,,,,,NVIDIA L40S (0),1,,7,"pcg_cuda::<unnamed>::hash_kernel_chacha8(const pcg_cuda::DpfBlk *, pcg_cuda::DpfBlk *, pcg_cuda::DpfBlk *, int, int, int, unsigned long, unsigned long)"
1162024498,864,2292,,,,,,,,,,0.000,296.296,Device,Pageable,NVIDIA L40S (0),1,,7,[CUDA memcpy Device-to-Host]
1162032434,384,2293,,,,,,,,,,0.000,666.666,Pageable,Device,NVIDIA L40S (0),1,,7,[CUDA memcpy Host-to-Device]
1162034898,1632,2294,64,1,1,128,1,1,48,0.000,0.000,,,,,NVIDIA L40S (0),1,,7,"pcg_cuda::<unnamed>::expand_kernel(const pcg_cuda::DpfBlk *, const pcg_cuda::DpfBlk *, const pcg_cuda::DpfBlk *, const pcg_cuda::DpfBlk *, pcg_cuda::DpfBlk *, int, int, int, int, unsigned long, unsigned long)"
1162038258,1056,2296,,,,,,,,,,0.000,242.424,Device,Device,NVIDIA L40S (0),1,,7,[CUDA memcpy Device-to-Device]
1162041010,2112,2297,128,1,1,128,1,1,45,0.000,0.002,,,,,NVIDIA L40S (0),1,,7,"pcg_cuda::<unnamed>::hash_kernel_chacha8(const pcg_cuda::DpfBlk *, pcg_cuda::DpfBlk *, pcg_cuda::DpfBlk *, int, int, int, unsigned long, unsigned long)"
1162043826,992,2299,,,,,,,,,,0.000,258.064,Device,Pageable,NVIDIA L40S (0),1,,7,[CUDA memcpy Device-to-Host]
1162052402,384,2300,,,,,,,,,,0.000,666.666,Pageable,Device,NVIDIA L40S (0),1,,7,[CUDA memcpy Host-to-Device]
1162054418,1760,2301,128,1,1,128,1,1,48,0.000,0.000,,,,,NVIDIA L40S (0),1,,7,"pcg_cuda::<unnamed>::expand_kernel(const pcg_cuda::DpfBlk *, const pcg_cuda::DpfBlk *, const pcg_cuda::DpfBlk *, const pcg_cuda::DpfBlk *, pcg_cuda::DpfBlk *, int, int, int, int, unsigned long, unsigned long)"
1162058418,1056,2303,,,,,,,,,,0.000,242.424,Device,Device,NVIDIA L40S (0),1,,7,[CUDA memcpy Device-to-Device]
1162061042,2464,2304,256,1,1,128,1,1,45,0.000,0.002,,,,,NVIDIA L40S (0),1,,7,"pcg_cuda::<unnamed>::hash_kernel_chacha8(const pcg_cuda::DpfBlk *, pcg_cuda::DpfBlk *, pcg_cuda::DpfBlk *, int, int, int, unsigned long, unsigned long)"
1162071410,864,2306,,,,,,,,,,0.000,296.296,Device,Pageable,NVIDIA L40S (0),1,,7,[CUDA memcpy Device-to-Host]
1162079250,384,2307,,,,,,,,,,0.000,666.666,Pageable,Device,NVIDIA L40S (0),1,,7,[CUDA memcpy Host-to-Device]
1162081554,2400,2308,256,1,1,128,1,1,48,0.000,0.000,,,,,NVIDIA L40S (0),1,,7,"pcg_cuda::<unnamed>::expand_kernel(const pcg_cuda::DpfBlk *, const pcg_cuda::DpfBlk *, const pcg_cuda::DpfBlk *, const pcg_cuda::DpfBlk *, pcg_cuda::DpfBlk *, int, int, int, int, unsigned long, unsigned long)"
1162085234,1056,2310,,,,,,,,,,0.000,242.424,Device,Device,NVIDIA L40S (0),1,,7,[CUDA memcpy Device-to-Device]
1162087346,3072,2311,512,1,1,128,1,1,45,0.000,0.002,,,,,NVIDIA L40S (0),1,,7,"pcg_cuda::<unnamed>::hash_kernel_chacha8(const pcg_cuda::DpfBlk *, pcg_cuda::DpfBlk *, pcg_cuda::DpfBlk *, int, int, int, unsigned long, unsigned long)"
1162098002,896,2313,,,,,,,,,,0.000,285.714,Device,Pageable,NVIDIA L40S (0),1,,7,[CUDA memcpy Device-to-Host]
1162105874,384,2314,,,,,,,,,,0.000,666.666,Pageable,Device,NVIDIA L40S (0),1,,7,[CUDA memcpy Host-to-Device]
1162108306,3296,2315,512,1,1,128,1,1,48,0.000,0.000,,,,,NVIDIA L40S (0),1,,7,"pcg_cuda::<unnamed>::expand_kernel(const pcg_cuda::DpfBlk *, const pcg_cuda::DpfBlk *, const pcg_cuda::DpfBlk *, const pcg_cuda::DpfBlk *, pcg_cuda::DpfBlk *, int, int, int, int, unsigned long, unsigned long)"
1162112306,1024,2317,,,,,,,,,,0.000,250.000,Device,Device,NVIDIA L40S (0),1,,7,[CUDA memcpy Device-to-Device]
1162114194,4960,2318,1024,1,1,128,1,1,45,0.000,0.002,,,,,NVIDIA L40S (0),1,,7,"pcg_cuda::<unnamed>::hash_kernel_chacha8(const pcg_cuda::DpfBlk *, pcg_cuda::DpfBlk *, pcg_cuda::DpfBlk *, int, int, int, unsigned long, unsigned long)"
1162124946,896,2320,,,,,,,,,,0.000,285.714,Device,Pageable,NVIDIA L40S (0),1,,7,[CUDA memcpy Device-to-Host]
1162133074,384,2321,,,,,,,,,,0.000,666.666,Pageable,Device,NVIDIA L40S (0),1,,7,[CUDA memcpy Host-to-Device]
1162135250,6688,2322,1024,1,1,128,1,1,48,0.000,0.000,,,,,NVIDIA L40S (0),1,,7,"pcg_cuda::<unnamed>::expand_kernel(const pcg_cuda::DpfBlk *, const pcg_cuda::DpfBlk *, const pcg_cuda::DpfBlk *, const pcg_cuda::DpfBlk *, pcg_cuda::DpfBlk *, int, int, int, int, unsigned long, unsigned long)"
1162142674,1056,2324,,,,,,,,,,0.000,242.424,Device,Device,NVIDIA L40S (0),1,,7,[CUDA memcpy Device-to-Device]
1162144402,7488,2325,2048,1,1,128,1,1,45,0.000,0.002,,,,,NVIDIA L40S (0),1,,7,"pcg_cuda::<unnamed>::hash_kernel_chacha8(const pcg_cuda::DpfBlk *, pcg_cuda::DpfBlk *, pcg_cuda::DpfBlk *, int, int, int, unsigned long, unsigned long)"
1162152274,896,2327,,,,,,,,,,0.000,285.714,Device,Pageable,NVIDIA L40S (0),1,,7,[CUDA memcpy Device-to-Host]
1162160242,384,2328,,,,,,,,,,0.000,666.666,Pageable,Device,NVIDIA L40S (0),1,,7,[CUDA memcpy Host-to-Device]
1162162738,11328,2329,2048,1,1,128,1,1,48,0.000,0.000,,,,,NVIDIA L40S (0),1,,7,"pcg_cuda::<unnamed>::expand_kernel(const pcg_cuda::DpfBlk *, const pcg_cuda::DpfBlk *, const pcg_cuda::DpfBlk *, const pcg_cuda::DpfBlk *, pcg_cuda::DpfBlk *, int, int, int, int, unsigned long, unsigned long)"
1162174738,1056,2331,,,,,,,,,,0.000,242.424,Device,Device,NVIDIA L40S (0),1,,7,[CUDA memcpy Device-to-Device]
1162176466,13568,2332,4096,1,1,128,1,1,45,0.000,0.002,,,,,NVIDIA L40S (0),1,,7,"pcg_cuda::<unnamed>::hash_kernel_chacha8(const pcg_cuda::DpfBlk *, pcg_cuda::DpfBlk *, pcg_cuda::DpfBlk *, int, int, int, unsigned long, unsigned long)"
1162195602,896,2334,,,,,,,,,,0.000,285.714,Device,Pageable,NVIDIA L40S (0),1,,7,[CUDA memcpy Device-to-Host]
1162203986,384,2335,,,,,,,,,,0.000,666.666,Pageable,Device,NVIDIA L40S (0),1,,7,[CUDA memcpy Host-to-Device]
1162206610,21888,2336,4096,1,1,128,1,1,48,0.000,0.000,,,,,NVIDIA L40S (0),1,,7,"pcg_cuda::<unnamed>::expand_kernel(const pcg_cuda::DpfBlk *, const pcg_cuda::DpfBlk *, const pcg_cuda::DpfBlk *, const pcg_cuda::DpfBlk *, pcg_cuda::DpfBlk *, int, int, int, int, unsigned long, unsigned long)"
1162229234,1056,2338,,,,,,,,,,0.000,242.424,Device,Device,NVIDIA L40S (0),1,,7,[CUDA memcpy Device-to-Device]
1162230962,24864,2339,8192,1,1,128,1,1,45,0.000,0.002,,,,,NVIDIA L40S (0),1,,7,"pcg_cuda::<unnamed>::hash_kernel_chacha8(const pcg_cuda::DpfBlk *, pcg_cuda::DpfBlk *, pcg_cuda::DpfBlk *, int, int, int, unsigned long, unsigned long)"
1162256338,896,2341,,,,,,,,,,0.000,285.714,Device,Pageable,NVIDIA L40S (0),1,,7,[CUDA memcpy Device-to-Host]
1162264338,384,2342,,,,,,,,,,0.000,666.666,Pageable,Device,NVIDIA L40S (0),1,,7,[CUDA memcpy Host-to-Device]
1162266290,43008,2343,8192,1,1,128,1,1,48,0.000,0.000,,,,,NVIDIA L40S (0),1,,7,"pcg_cuda::<unnamed>::expand_kernel(const pcg_cuda::DpfBlk *, const pcg_cuda::DpfBlk *, const pcg_cuda::DpfBlk *, const pcg_cuda::DpfBlk *, pcg_cuda::DpfBlk *, int, int, int, int, unsigned long, unsigned long)"
1162310066,1760,2345,,,,,,,,,,0.000,145.454,Device,Device,NVIDIA L40S (0),1,,7,[CUDA memcpy Device-to-Device]
1162312594,48416,2346,16384,1,1,128,1,1,45,0.000,0.002,,,,,NVIDIA L40S (0),1,,7,"pcg_cuda::<unnamed>::hash_kernel_chacha8(const pcg_cuda::DpfBlk *, pcg_cuda::DpfBlk *, pcg_cuda::DpfBlk *, int, int, int, unsigned long, unsigned long)"
1162366290,896,2348,,,,,,,,,,0.000,285.714,Device,Pageable,NVIDIA L40S (0),1,,7,[CUDA memcpy Device-to-Host]
1162374450,416,2349,,,,,,,,,,0.000,615.385,Pageable,Device,NVIDIA L40S (0),1,,7,[CUDA memcpy Host-to-Device]
1162376402,135968,2350,16384,1,1,128,1,1,48,0.000,0.000,,,,,NVIDIA L40S (0),1,,7,"pcg_cuda::<unnamed>::expand_kernel(const pcg_cuda::DpfBlk *, const pcg_cuda::DpfBlk *, const pcg_cuda::DpfBlk *, const pcg_cuda::DpfBlk *, pcg_cuda::DpfBlk *, int, int, int, int, unsigned long, unsigned long)"
1162513170,2432,2352,,,,,,,,,,0.000,105.263,Device,Device,NVIDIA L40S (0),1,,7,[CUDA memcpy Device-to-Device]
1162516274,197376,2353,32768,1,1,128,1,1,45,0.000,0.002,,,,,NVIDIA L40S (0),1,,7,"pcg_cuda::<unnamed>::hash_kernel_chacha8(const pcg_cuda::DpfBlk *, pcg_cuda::DpfBlk *, pcg_cuda::DpfBlk *, int, int, int, unsigned long, unsigned long)"
1162717842,896,2355,,,,,,,,,,0.000,285.714,Device,Pageable,NVIDIA L40S (0),1,,7,[CUDA memcpy Device-to-Host]
1162727762,384,2356,,,,,,,,,,0.000,666.666,Pageable,Device,NVIDIA L40S (0),1,,7,[CUDA memcpy Host-to-Device]
1162729971,380608,2357,32768,1,1,128,1,1,48,0.000,0.000,,,,,NVIDIA L40S (0),1,,7,"pcg_cuda::<unnamed>::expand_kernel(const pcg_cuda::DpfBlk *, const pcg_cuda::DpfBlk *, const pcg_cuda::DpfBlk *, const pcg_cuda::DpfBlk *, pcg_cuda::DpfBlk *, int, int, int, int, unsigned long, unsigned long)"
1163111314,2368,2359,,,,,,,,,,0.000,108.108,Device,Device,NVIDIA L40S (0),1,,7,[CUDA memcpy Device-to-Device]
1163114450,392897,2360,65536,1,1,128,1,1,45,0.000,0.002,,,,,NVIDIA L40S (0),1,,7,"pcg_cuda::<unnamed>::hash_kernel_chacha8(const pcg_cuda::DpfBlk *, pcg_cuda::DpfBlk *, pcg_cuda::DpfBlk *, int, int, int, unsigned long, unsigned long)"
1163515539,1024,2362,,,,,,,,,,0.000,250.000,Device,Pageable,NVIDIA L40S (0),1,,7,[CUDA memcpy Device-to-Host]
1163524146,385,2363,,,,,,,,,,0.000,664.935,Pageable,Device,NVIDIA L40S (0),1,,7,[CUDA memcpy Host-to-Device]
1163526098,786753,2364,65536,1,1,128,1,1,48,0.000,0.000,,,,,NVIDIA L40S (0),1,,7,"pcg_cuda::<unnamed>::expand_kernel(const pcg_cuda::DpfBlk *, const pcg_cuda::DpfBlk *, const pcg_cuda::DpfBlk *, const pcg_cuda::DpfBlk *, pcg_cuda::DpfBlk *, int, int, int, int, unsigned long, unsigned long)"
1164313651,1760,2366,,,,,,,,,,0.000,145.454,Device,Device,NVIDIA L40S (0),1,,7,[CUDA memcpy Device-to-Device]
1164316147,787904,2367,131072,1,1,128,1,1,45,0.000,0.002,,,,,NVIDIA L40S (0),1,,7,"pcg_cuda::<unnamed>::hash_kernel_chacha8(const pcg_cuda::DpfBlk *, pcg_cuda::DpfBlk *, pcg_cuda::DpfBlk *, int, int, int, unsigned long, unsigned long)"
1165107539,1056,2369,,,,,,,,,,0.000,242.424,Device,Pageable,NVIDIA L40S (0),1,,7,[CUDA memcpy Device-to-Host]
1165116339,384,2370,,,,,,,,,,0.000,666.666,Pageable,Device,NVIDIA L40S (0),1,,7,[CUDA memcpy Host-to-Device]
1165118643,1593344,2371,131072,1,1,128,1,1,48,0.000,0.000,,,,,NVIDIA L40S (0),1,,7,"pcg_cuda::<unnamed>::expand_kernel(const pcg_cuda::DpfBlk *, const pcg_cuda::DpfBlk *, const pcg_cuda::DpfBlk *, const pcg_cuda::DpfBlk *, pcg_cuda::DpfBlk *, int, int, int, int, unsigned long, unsigned long)"
1166712691,814720,2373,1024,16,1,256,1,1,34,0.000,0.004,,,,,NVIDIA L40S (0),1,,7,"pcg_cuda::<unnamed>::out_sum_kernel(const pcg_cuda::DpfBlk *, unsigned long *, unsigned long, unsigned long, int)"
1167528179,3424,2375,16,1,1,256,1,1,22,0.000,0.004,,,,,NVIDIA L40S (0),1,,7,"pcg_cuda::<unnamed>::out_fold_kernel(const unsigned long *, unsigned long *, int, int, unsigned long)"
1167537811,896,2377,,,,,,,,,,0.000,285.714,Device,Pageable,NVIDIA L40S (0),1,,7,[CUDA memcpy Device-to-Host]
1167546612,383,2378,,,,,,,,,,0.000,334.204,Pageable,Device,NVIDIA L40S (0),1,,7,[CUDA memcpy Host-to-Device]
1167549747,12288,2379,,,,,,,,,,33.554,2730659.676,Device,,NVIDIA L40S (0),1,,7,[CUDA memset]
1167562836,1125728,2380,1024,16,1,256,1,1,38,0.000,0.000,,,,,NVIDIA L40S (0),1,,7,"pcg_cuda::<unnamed>::out_scatter_kernel(const pcg_cuda::DpfBlk *, const unsigned long *, unsigned long *, unsigned long, int, int, unsigned long, int)"
1168695956,1588672,2382,,,,,,,,,,33.554,21105.738,Device,Pageable,NVIDIA L40S (0),1,,7,[CUDA memcpy Device-to-Host]
1170347732,2336,2383,,,,,,,,,,0.000,109.589,Pageable,Device,NVIDIA L40S (0),1,,7,[CUDA memcpy Host-to-Device]
1170355732,576,2384,,,,,,,,,,0.005,9333.333,Pageable,Device,NVIDIA L40S (0),1,,7,[CUDA memcpy Host-to-Device]
1170359860,1280,2385,,,,,,,,,,0.000,200.000,Device,Device,NVIDIA L40S (0),1,,7,[CUDA memcpy Device-to-Device]
1170363956,2112,2386,1,1,1,128,1,1,45,0.000,0.002,,,,,NVIDIA L40S (0),1,,7,"pcg_cuda::<unnamed>::hash_kernel_chacha8(const pcg_cuda::DpfBlk *, pcg_cuda::DpfBlk *, pcg_cuda::DpfBlk *, int, int, int, unsigned long, unsigned long)"
1170366356,1472,2388,,,,,,,,,,0.000,173.913,Device,Pageable,NVIDIA L40S (0),1,,7,[CUDA memcpy Device-to-Host]
1170375284,384,2389,,,,,,,,,,0.000,666.666,Pageable,Device,NVIDIA L40S (0),1,,7,[CUDA memcpy Host-to-Device]
1170378420,1760,2390,1,1,1,128,1,1,48,0.000,0.000,,,,,NVIDIA L40S (0),1,,7,"pcg_cuda::<unnamed>::expand_kernel(const pcg_cuda::DpfBlk *, const pcg_cuda::DpfBlk *, const pcg_cuda::DpfBlk *, const pcg_cuda::DpfBlk *, pcg_cuda::DpfBlk *, int, int, int, int, unsigned long, unsigned long)"
1170381844,1056,2392,,,,,,,,,,0.000,242.424,Device,Device,NVIDIA L40S (0),1,,7,[CUDA memcpy Device-to-Device]
1170384052,1568,2393,1,1,1,128,1,1,45,0.000,0.002,,,,,NVIDIA L40S (0),1,,7,"pcg_cuda::<unnamed>::hash_kernel_chacha8(const pcg_cuda::DpfBlk *, pcg_cuda::DpfBlk *, pcg_cuda::DpfBlk *, int, int, int, unsigned long, unsigned long)"
1170386996,896,2395,,,,,,,,,,0.000,285.714,Device,Pageable,NVIDIA L40S (0),1,,7,[CUDA memcpy Device-to-Host]
1170395156,384,2396,,,,,,,,,,0.000,666.666,Pageable,Device,NVIDIA L40S (0),1,,7,[CUDA memcpy Host-to-Device]
1170397652,1536,2397,1,1,1,128,1,1,48,0.000,0.000,,,,,NVIDIA L40S (0),1,,7,"pcg_cuda::<unnamed>::expand_kernel(const pcg_cuda::DpfBlk *, const pcg_cuda::DpfBlk *, const pcg_cuda::DpfBlk *, const pcg_cuda::DpfBlk *, pcg_cuda::DpfBlk *, int, int, int, int, unsigned long, unsigned long)"
1170401332,1024,2399,,,,,,,,,,0.000,250.000,Device,Device,NVIDIA L40S (0),1,,7,[CUDA memcpy Device-to-Device]
1170403476,1600,2400,1,1,1,128,1,1,45,0.000,0.002,,,,,NVIDIA L40S (0),1,,7,"pcg_cuda::<unnamed>::hash_kernel_chacha8(const pcg_cuda::DpfBlk *, pcg_cuda::DpfBlk *, pcg_cuda::DpfBlk *, int, int, int, unsigned long, unsigned long)"
1170406132,864,2402,,,,,,,,,,0.000,296.296,Device,Pageable,NVIDIA L40S (0),1,,7,[CUDA memcpy Device-to-Host]
1170414548,384,2403,,,,,,,,,,0.000,666.666,Pageable,Device,NVIDIA L40S (0),1,,7,[CUDA memcpy Host-to-Device]
1170416820,1504,2404,1,1,1,128,1,1,48,0.000,0.000,,,,,NVIDIA L40S (0),1,,7,"pcg_cuda::<unnamed>::expand_kernel(const pcg_cuda::DpfBlk *, const pcg_cuda::DpfBlk *, const pcg_cuda::DpfBlk *, const pcg_cuda::DpfBlk *, pcg_cuda::DpfBlk *, int, int, int, int, unsigned long, unsigned long)"
1170420564,1024,2406,,,,,,,,,,0.000,250.000,Device,Device,NVIDIA L40S (0),1,,7,[CUDA memcpy Device-to-Device]
1170422548,1664,2407,1,1,1,128,1,1,45,0.000,0.002,,,,,NVIDIA L40S (0),1,,7,"pcg_cuda::<unnamed>::hash_kernel_chacha8(const pcg_cuda::DpfBlk *, pcg_cuda::DpfBlk *, pcg_cuda::DpfBlk *, int, int, int, unsigned long, unsigned long)"
1170425172,992,2409,,,,,,,,,,0.000,258.064,Device,Pageable,NVIDIA L40S (0),1,,7,[CUDA memcpy Device-to-Host]
1170433396,384,2410,,,,,,,,,,0.000,666.666,Pageable,Device,NVIDIA L40S (0),1,,7,[CUDA memcpy Host-to-Device]
1170435892,1504,2411,1,1,1,128,1,1,48,0.000,0.000,,,,,NVIDIA L40S (0),1,,7,"pcg_cuda::<unnamed>::expand_kernel(const pcg_cuda::DpfBlk *, const pcg_cuda::DpfBlk *, const pcg_cuda::DpfBlk *, const pcg_cuda::DpfBlk *, pcg_cuda::DpfBlk *, int, int, int, int, unsigned long, unsigned long)"
1170439252,1056,2413,,,,,,,,,,0.000,242.424,Device,Device,NVIDIA L40S (0),1,,7,[CUDA memcpy Device-to-Device]
1170441396,1824,2414,2,1,1,128,1,1,45,0.000,0.002,,,,,NVIDIA L40S (0),1,,7,"pcg_cuda::<unnamed>::hash_kernel_chacha8(const pcg_cuda::DpfBlk *, pcg_cuda::DpfBlk *, pcg_cuda::DpfBlk *, int, int, int, unsigned long, unsigned long)"
1170443956,896,2416,,,,,,,,,,0.000,285.714,Device,Pageable,NVIDIA L40S (0),1,,7,[CUDA memcpy Device-to-Host]
1170452020,416,2417,,,,,,,,,,0.000,615.385,Pageable,Device,NVIDIA L40S (0),1,,7,[CUDA memcpy Host-to-Device]
1170454420,1536,2418,2,1,1,128,1,1,48,0.000,0.000,,,,,NVIDIA L40S (0),1,,7,"pcg_cuda::<unnamed>::expand_kernel(const pcg_cuda::DpfBlk *, const pcg_cuda::DpfBlk *, const pcg_cuda::DpfBlk *, const pcg_cuda::DpfBlk *, pcg_cuda::DpfBlk *, int, int, int, int, unsigned long, unsigned long)"
1170457844,1056,2420,,,,,,,,,,0.000,242.424,Device,Device,NVIDIA L40S (0),1,,7,[CUDA memcpy Device-to-Device]
1170460148,2144,2421,4,1,1,128,1,1,45,0.000,0.002,,,,,NVIDIA L40S (0),1,,7,"pcg_cuda::<unnamed>::hash_kernel_chacha8(const pcg_cuda::DpfBlk *, pcg_cuda::DpfBlk *, pcg_cuda::DpfBlk *, int, int, int, unsigned long, unsigned long)"
1170470548,896,2423,,,,,,,,,,0.000,285.714,Device,Pageable,NVIDIA L40S (0),1,,7,[CUDA memcpy Device-to-Host]
1170478324,384,2424,,,,,,,,,,0.000,666.666,Pageable,Device,NVIDIA L40S (0),1,,7,[CUDA memcpy Host-to-Device]
1170480628,1568,2425,4,1,1,128,1,1,48,0.000,0.000,,,,,NVIDIA L40S (0),1,,7,"pcg_cuda::<unnamed>::expand_kernel(const pcg_cuda::DpfBlk *, const pcg_cuda::DpfBlk *, const pcg_cuda::DpfBlk *, const pcg_cuda::DpfBlk *, pcg_cuda::DpfBlk *, int, int, int, int, unsigned long, unsigned long)"
1170486100,1024,2427,,,,,,,,,,0.000,250.000,Device,Device,NVIDIA L40S (0),1,,7,[CUDA memcpy Device-to-Device]
1170488660,2816,2428,8,1,1,128,1,1,45,0.000,0.002,,,,,NVIDIA L40S (0),1,,7,"pcg_cuda::<unnamed>::hash_kernel_chacha8(const pcg_cuda::DpfBlk *, pcg_cuda::DpfBlk *, pcg_cuda::DpfBlk *, int, int, int, unsigned long, unsigned long)"
1170499220,896,2430,,,,,,,,,,0.000,285.714,Device,Pageable,NVIDIA L40S (0),1,,7,[CUDA memcpy Device-to-Host]
1170507348,416,2431,,,,,,,,,,0.000,615.385,Pageable,Device,NVIDIA L40S (0),1,,7,[CUDA memcpy Host-to-Device]
1170509748,1600,2432,8,1,1,128,1,1,48,0.000,0.000,,,,,NVIDIA L40S (0),1,,7,"pcg_cuda::<unnamed>::expand_kernel(const pcg_cuda::DpfBlk *, const pcg_cuda::DpfBlk *, const pcg_cuda::DpfBlk *, const pcg_cuda::DpfBlk *, pcg_cuda::DpfBlk *, int, int, int, int, unsigned long, unsigned long)"
1170513396,1024,2434,,,,,,,,,,0.000,250.000,Device,Device,NVIDIA L40S (0),1,,7,[CUDA memcpy Device-to-Device]
1170515604,2016,2435,16,1,1,128,1,1,45,0.000,0.002,,,,,NVIDIA L40S (0),1,,7,"pcg_cuda::<unnamed>::hash_kernel_chacha8(const pcg_cuda::DpfBlk *, pcg_cuda::DpfBlk *, pcg_cuda::DpfBlk *, int, int, int, unsigned long, unsigned long)"
1170518388,864,2437,,,,,,,,,,0.000,296.296,Device,Pageable,NVIDIA L40S (0),1,,7,[CUDA memcpy Device-to-Host]
1170526484,416,2438,,,,,,,,,,0.000,615.385,Pageable,Device,NVIDIA L40S (0),1,,7,[CUDA memcpy Host-to-Device]
1170528788,1600,2439,16,1,1,128,1,1,48,0.000,0.000,,,,,NVIDIA L40S (0),1,,7,"pcg_cuda::<unnamed>::expand_kernel(const pcg_cuda::DpfBlk *, const pcg_cuda::DpfBlk *, const pcg_cuda::DpfBlk *, const pcg_cuda::DpfBlk *, pcg_cuda::DpfBlk *, int, int, int, int, unsigned long, unsigned long)"
1170532276,1056,2441,,,,,,,,,,0.000,242.424,Device,Device,NVIDIA L40S (0),1,,7,[CUDA memcpy Device-to-Device]
1170534452,2016,2442,32,1,1,128,1,1,45,0.000,0.002,,,,,NVIDIA L40S (0),1,,7,"pcg_cuda::<unnamed>::hash_kernel_chacha8(const pcg_cuda::DpfBlk *, pcg_cuda::DpfBlk *, pcg_cuda::DpfBlk *, int, int, int, unsigned long, unsigned long)"
1170537364,864,2444,,,,,,,,,,0.000,296.296,Device,Pageable,NVIDIA L40S (0),1,,7,[CUDA memcpy Device-to-Host]
1170545396,384,2445,,,,,,,,,,0.000,666.666,Pageable,Device,NVIDIA L40S (0),1,,7,[CUDA memcpy Host-to-Device]
1170547668,1600,2446,32,1,1,128,1,1,48,0.000,0.000,,,,,NVIDIA L40S (0),1,,7,"pcg_cuda::<unnamed>::expand_kernel(const pcg_cuda::DpfBlk *, const pcg_cuda::DpfBlk *, const pcg_cuda::DpfBlk *, const pcg_cuda::DpfBlk *, pcg_cuda::DpfBlk *, int, int, int, int, unsigned long, unsigned long)"
1170551316,1056,2448,,,,,,,,,,0.000,242.424,Device,Device,NVIDIA L40S (0),1,,7,[CUDA memcpy Device-to-Device]
1170553492,2016,2449,64,1,1,128,1,1,45,0.000,0.002,,,,,NVIDIA L40S (0),1,,7,"pcg_cuda::<unnamed>::hash_kernel_chacha8(const pcg_cuda::DpfBlk *, pcg_cuda::DpfBlk *, pcg_cuda::DpfBlk *, int, int, int, unsigned long, unsigned long)"
1170555988,896,2451,,,,,,,,,,0.000,285.714,Device,Pageable,NVIDIA L40S (0),1,,7,[CUDA memcpy Device-to-Host]
1170564116,384,2452,,,,,,,,,,0.000,666.666,Pageable,Device,NVIDIA L40S (0),1,,7,[CUDA memcpy Host-to-Device]
1170566452,1600,2453,64,1,1,128,1,1,48,0.000,0.000,,,,,NVIDIA L40S (0),1,,7,"pcg_cuda::<unnamed>::expand_kernel(const pcg_cuda::DpfBlk *, const pcg_cuda::DpfBlk *, const pcg_cuda::DpfBlk *, const pcg_cuda::DpfBlk *, pcg_cuda::DpfBlk *, int, int, int, int, unsigned long, unsigned long)"
1170570068,1056,2455,,,,,,,,,,0.000,242.424,Device,Device,NVIDIA L40S (0),1,,7,[CUDA memcpy Device-to-Device]
1170572180,2112,2456,128,1,1,128,1,1,45,0.000,0.002,,,,,NVIDIA L40S (0),1,,7,"pcg_cuda::<unnamed>::hash_kernel_chacha8(const pcg_cuda::DpfBlk *, pcg_cuda::DpfBlk *, pcg_cuda::DpfBlk *, int, int, int, unsigned long, unsigned long)"
1170574644,864,2458,,,,,,,,,,0.000,296.296,Device,Pageable,NVIDIA L40S (0),1,,7,[CUDA memcpy Device-to-Host]
1170582772,384,2459,,,,,,,,,,0.000,666.666,Pageable,Device,NVIDIA L40S (0),1,,7,[CUDA memcpy Host-to-Device]
1170585300,1760,2460,128,1,1,128,1,1,48,0.000,0.000,,,,,NVIDIA L40S (0),1,,7,"pcg_cuda::<unnamed>::expand_kernel(const pcg_cuda::DpfBlk *, const pcg_cuda::DpfBlk *, const pcg_cuda::DpfBlk *, const pcg_cuda::DpfBlk *, pcg_cuda::DpfBlk *, int, int, int, int, unsigned long, unsigned long)"
1170588852,1056,2462,,,,,,,,,,0.000,242.424,Device,Device,NVIDIA L40S (0),1,,7,[CUDA memcpy Device-to-Device]
1170590996,2464,2463,256,1,1,128,1,1,45,0.000,0.002,,,,,NVIDIA L40S (0),1,,7,"pcg_cuda::<unnamed>::hash_kernel_chacha8(const pcg_cuda::DpfBlk *, pcg_cuda::DpfBlk *, pcg_cuda::DpfBlk *, int, int, int, unsigned long, unsigned long)"
1170593748,928,2465,,,,,,,,,,0.000,275.862,Device,Pageable,NVIDIA L40S (0),1,,7,[CUDA memcpy Device-to-Host]
1170602132,416,2466,,,,,,,,,,0.000,615.385,Pageable,Device,NVIDIA L40S (0),1,,7,[CUDA memcpy Host-to-Device]
1170604436,2432,2467,256,1,1,128,1,1,48,0.000,0.000,,,,,NVIDIA L40S (0),1,,7,"pcg_cuda::<unnamed>::expand_kernel(const pcg_cuda::DpfBlk *, const pcg_cuda::DpfBlk *, const pcg_cuda::DpfBlk *, const pcg_cuda::DpfBlk *, pcg_cuda::DpfBlk *, int, int, int, int, unsigned long, unsigned long)"
1170608084,1056,2469,,,,,,,,,,0.000,242.424,Device,Device,NVIDIA L40S (0),1,,7,[CUDA memcpy Device-to-Device]
1170610388,3104,2470,512,1,1,128,1,1,45,0.000,0.002,,,,,NVIDIA L40S (0),1,,7,"pcg_cuda::<unnamed>::hash_kernel_chacha8(const pcg_cuda::DpfBlk *, pcg_cuda::DpfBlk *, pcg_cuda::DpfBlk *, int, int, int, unsigned long, unsigned long)"
1170621076,896,2472,,,,,,,,,,0.000,285.714,Device,Pageable,NVIDIA L40S (0),1,,7,[CUDA memcpy Device-to-Host]
1170629012,384,2473,,,,,,,,,,0.000,666.666,Pageable,Device,NVIDIA L40S (0),1,,7,[CUDA memcpy Host-to-Device]
1170631412,3264,2474,512,1,1,128,1,1,48,0.000,0.000,,,,,NVIDIA L40S (0),1,,7,"pcg_cuda::<unnamed>::expand_kernel(const pcg_cuda::DpfBlk *, const pcg_cuda::DpfBlk *, const pcg_cuda::DpfBlk *, const pcg_cuda::DpfBlk *, pcg_cuda::DpfBlk *, int, int, int, int, unsigned long, unsigned long)"
1170635444,1056,2476,,,,,,,,,,0.000,242.424,Device,Device,NVIDIA L40S (0),1,,7,[CUDA memcpy Device-to-Device]
1170637300,4832,2477,1024,1,1,128,1,1,45,0.000,0.002,,,,,NVIDIA L40S (0),1,,7,"pcg_cuda::<unnamed>::hash_kernel_chacha8(const pcg_cuda::DpfBlk *, pcg_cuda::DpfBlk *, pcg_cuda::DpfBlk *, int, int, int, unsigned long, unsigned long)"
1170647700,896,2479,,,,,,,,,,0.000,285.714,Device,Pageable,NVIDIA L40S (0),1,,7,[CUDA memcpy Device-to-Host]
1170655828,384,2480,,,,,,,,,,0.000,666.666,Pageable,Device,NVIDIA L40S (0),1,,7,[CUDA memcpy Host-to-Device]
1170658132,6752,2481,1024,1,1,128,1,1,48,0.000,0.000,,,,,NVIDIA L40S (0),1,,7,"pcg_cuda::<unnamed>::expand_kernel(const pcg_cuda::DpfBlk *, const pcg_cuda::DpfBlk *, const pcg_cuda::DpfBlk *, const pcg_cuda::DpfBlk *, pcg_cuda::DpfBlk *, int, int, int, int, unsigned long, unsigned long)"
1170665652,1056,2483,,,,,,,,,,0.000,242.424,Device,Device,NVIDIA L40S (0),1,,7,[CUDA memcpy Device-to-Device]
1170667380,7488,2484,2048,1,1,128,1,1,45,0.000,0.002,,,,,NVIDIA L40S (0),1,,7,"pcg_cuda::<unnamed>::hash_kernel_chacha8(const pcg_cuda::DpfBlk *, pcg_cuda::DpfBlk *, pcg_cuda::DpfBlk *, int, int, int, unsigned long, unsigned long)"
1170682516,896,2486,,,,,,,,,,0.000,285.714,Device,Pageable,NVIDIA L40S (0),1,,7,[CUDA memcpy Device-to-Host]
1170690804,384,2487,,,,,,,,,,0.000,666.666,Pageable,Device,NVIDIA L40S (0),1,,7,[CUDA memcpy Host-to-Device]
1170693236,11392,2488,2048,1,1,128,1,1,48,0.000,0.000,,,,,NVIDIA L40S (0),1,,7,"pcg_cuda::<unnamed>::expand_kernel(const pcg_cuda::DpfBlk *, const pcg_cuda::DpfBlk *, const pcg_cuda::DpfBlk *, const pcg_cuda::DpfBlk *, pcg_cuda::DpfBlk *, int, int, int, int, unsigned long, unsigned long)"
1170705364,1024,2490,,,,,,,,,,0.000,250.000,Device,Device,NVIDIA L40S (0),1,,7,[CUDA memcpy Device-to-Device]
1170707060,13504,2491,4096,1,1,128,1,1,45,0.000,0.002,,,,,NVIDIA L40S (0),1,,7,"pcg_cuda::<unnamed>::hash_kernel_chacha8(const pcg_cuda::DpfBlk *, pcg_cuda::DpfBlk *, pcg_cuda::DpfBlk *, int, int, int, unsigned long, unsigned long)"
1170726548,928,2493,,,,,,,,,,0.000,275.862,Device,Pageable,NVIDIA L40S (0),1,,7,[CUDA memcpy Device-to-Host]
1170734804,384,2494,,,,,,,,,,0.000,666.666,Pageable,Device,NVIDIA L40S (0),1,,7,[CUDA memcpy Host-to-Device]
1170738676,21920,2495,4096,1,1,128,1,1,48,0.000,0.000,,,,,NVIDIA L40S (0),1,,7,"pcg_cuda::<unnamed>::expand_kernel(const pcg_cuda::DpfBlk *, const pcg_cuda::DpfBlk *, const pcg_cuda::DpfBlk *, const pcg_cuda::DpfBlk *, pcg_cuda::DpfBlk *, int, int, int, int, unsigned long, unsigned long)"
1170761364,1056,2497,,,,,,,,,,0.000,242.424,Device,Device,NVIDIA L40S (0),1,,7,[CUDA memcpy Device-to-Device]
1170763124,25056,2498,8192,1,1,128,1,1,45,0.000,0.002,,,,,NVIDIA L40S (0),1,,7,"pcg_cuda::<unnamed>::hash_kernel_chacha8(const pcg_cuda::DpfBlk *, pcg_cuda::DpfBlk *, pcg_cuda::DpfBlk *, int, int, int, unsigned long, unsigned long)"
1170789428,896,2500,,,,,,,,,,0.000,285.714,Device,Pageable,NVIDIA L40S (0),1,,7,[CUDA memcpy Device-to-Host]
1170797876,416,2501,,,,,,,,,,0.000,615.385,Pageable,Device,NVIDIA L40S (0),1,,7,[CUDA memcpy Host-to-Device]
1170800116,42784,2502,8192,1,1,128,1,1,48,0.000,0.000,,,,,NVIDIA L40S (0),1,,7,"pcg_cuda::<unnamed>::expand_kernel(const pcg_cuda::DpfBlk *, const pcg_cuda::DpfBlk *, const pcg_cuda::DpfBlk *, const pcg_cuda::DpfBlk *, pcg_cuda::DpfBlk *, int, int, int, int, unsigned long, unsigned long)"
1170843892,2304,2504,,,,,,,,,,0.000,111.111,Device,Device,NVIDIA L40S (0),1,,7,[CUDA memcpy Device-to-Device]
1170846836,50048,2505,16384,1,1,128,1,1,45,0.000,0.002,,,,,NVIDIA L40S (0),1,,7,"pcg_cuda::<unnamed>::hash_kernel_chacha8(const pcg_cuda::DpfBlk *, pcg_cuda::DpfBlk *, pcg_cuda::DpfBlk *, int, int, int, unsigned long, unsigned long)"
1170900628,896,2507,,,,,,,,,,0.000,285.714,Device,Pageable,NVIDIA L40S (0),1,,7,[CUDA memcpy Device-to-Host]
1170909076,416,2508,,,,,,,,,,0.000,615.385,Pageable,Device,NVIDIA L40S (0),1,,7,[CUDA memcpy Host-to-Device]
1170911380,136000,2509,16384,1,1,128,1,1,48,0.000,0.000,,,,,NVIDIA L40S (0),1,,7,"pcg_cuda::<unnamed>::expand_kernel(const pcg_cuda::DpfBlk *, const pcg_cuda::DpfBlk *, const pcg_cuda::DpfBlk *, const pcg_cuda::DpfBlk *, pcg_cuda::DpfBlk *, int, int, int, int, unsigned long, unsigned long)"
1171048148,1408,2511,,,,,,,,,,0.000,181.818,Device,Device,NVIDIA L40S (0),1,,7,[CUDA memcpy Device-to-Device]
1171050196,198272,2512,32768,1,1,128,1,1,45,0.000,0.002,,,,,NVIDIA L40S (0),1,,7,"pcg_cuda::<unnamed>::hash_kernel_chacha8(const pcg_cuda::DpfBlk *, pcg_cuda::DpfBlk *, pcg_cuda::DpfBlk *, int, int, int, unsigned long, unsigned long)"
1171250836,896,2514,,,,,,,,,,0.000,285.714,Device,Pageable,NVIDIA L40S (0),1,,7,[CUDA memcpy Device-to-Host]
1171259124,416,2515,,,,,,,,,,0.000,615.385,Pageable,Device,NVIDIA L40S (0),1,,7,[CUDA memcpy Host-to-Device]
1171261396,381856,2516,32768,1,1,128,1,1,48,0.000,0.000,,,,,NVIDIA L40S (0),1,,7,"pcg_cuda::<unnamed>::expand_kernel(const pcg_cuda::DpfBlk *, const pcg_cuda::DpfBlk *, const pcg_cuda::DpfBlk *, const pcg_cuda::DpfBlk *, pcg_cuda::DpfBlk *, int, int, int, int, unsigned long, unsigned long)"
1171644052,2432,2518,,,,,,,,,,0.000,105.263,Device,Device,NVIDIA L40S (0),1,,7,[CUDA memcpy Device-to-Device]
1171647156,387072,2519,65536,1,1,128,1,1,45,0.000,0.002,,,,,NVIDIA L40S (0),1,,7,"pcg_cuda::<unnamed>::hash_kernel_chacha8(const pcg_cuda::DpfBlk *, pcg_cuda::DpfBlk *, pcg_cuda::DpfBlk *, int, int, int, unsigned long, unsigned long)"
1172038292,1024,2521,,,,,,,,,,0.000,250.000,Device,Pageable,NVIDIA L40S (0),1,,7,[CUDA memcpy Device-to-Host]
1172047060,416,2522,,,,,,,,,,0.000,615.385,Pageable,Device,NVIDIA L40S (0),1,,7,[CUDA memcpy Host-to-Device]
1172049140,790944,2523,65536,1,1,128,1,1,48,0.000,0.000,,,,,NVIDIA L40S (0),1,,7,"pcg_cuda::<unnamed>::expand_kernel(const pcg_cuda::DpfBlk *, const pcg_cuda::DpfBlk *, const pcg_cuda::DpfBlk *, const pcg_cuda::DpfBlk *, pcg_cuda::DpfBlk *, int, int, int, int, unsigned long, unsigned long)"
1172840756,1760,2525,,,,,,,,,,0.000,145.454,Device,Device,NVIDIA L40S (0),1,,7,[CUDA memcpy Device-to-Device]
1172843253,798816,2526,131072,1,1,128,1,1,45,0.000,0.002,,,,,NVIDIA L40S (0),1,,7,"pcg_cuda::<unnamed>::hash_kernel_chacha8(const pcg_cuda::DpfBlk *, pcg_cuda::DpfBlk *, pcg_cuda::DpfBlk *, int, int, int, unsigned long, unsigned long)"
1173646997,1024,2528,,,,,,,,,,0.000,250.000,Device,Pageable,NVIDIA L40S (0),1,,7,[CUDA memcpy Device-to-Host]
1173655733,384,2529,,,,,,,,,,0.000,666.666,Pageable,Device,NVIDIA L40S (0),1,,7,[CUDA memcpy Host-to-Device]
1173657684,1585569,2530,131072,1,1,128,1,1,48,0.000,0.000,,,,,NVIDIA L40S (0),1,,7,"pcg_cuda::<unnamed>::expand_kernel(const pcg_cuda::DpfBlk *, const pcg_cuda::DpfBlk *, const pcg_cuda::DpfBlk *, const pcg_cuda::DpfBlk *, pcg_cuda::DpfBlk *, int, int, int, int, unsigned long, unsigned long)"
1175243989,813856,2532,1024,16,1,256,1,1,34,0.000,0.004,,,,,NVIDIA L40S (0),1,,7,"pcg_cuda::<unnamed>::out_sum_kernel(const pcg_cuda::DpfBlk *, unsigned long *, unsigned long, unsigned long, int)"
1176058549,3456,2534,16,1,1,256,1,1,22,0.000,0.004,,,,,NVIDIA L40S (0),1,,7,"pcg_cuda::<unnamed>::out_fold_kernel(const unsigned long *, unsigned long *, int, int, unsigned long)"
1176066709,896,2536,,,,,,,,,,0.000,285.714,Device,Pageable,NVIDIA L40S (0),1,,7,[CUDA memcpy Device-to-Host]
1176075573,384,2537,,,,,,,,,,0.000,333.333,Pageable,Device,NVIDIA L40S (0),1,,7,[CUDA memcpy Host-to-Device]
1176078773,12416,2538,,,,,,,,,,33.554,2702507.508,Device,,NVIDIA L40S (0),1,,7,[CUDA memset]
1176091925,1124384,2539,1024,16,1,256,1,1,38,0.000,0.000,,,,,NVIDIA L40S (0),1,,7,"pcg_cuda::<unnamed>::out_scatter_kernel(const pcg_cuda::DpfBlk *, const unsigned long *, unsigned long *, unsigned long, int, int, unsigned long, int)"
1177220757,1596545,2541,,,,,,,,,,33.554,21005.074,Device,Pageable,NVIDIA L40S (0),1,,7,[CUDA memcpy Device-to-Host]
1178880470,2368,2542,,,,,,,,,,0.000,108.108,Pageable,Device,NVIDIA L40S (0),1,,7,[CUDA memcpy Host-to-Device]
1178888534,576,2543,,,,,,,,,,0.005,9333.333,Pageable,Device,NVIDIA L40S (0),1,,7,[CUDA memcpy Host-to-Device]
1178892726,1280,2544,,,,,,,,,,0.000,200.000,Device,Device,NVIDIA L40S (0),1,,7,[CUDA memcpy Device-to-Device]
1178896886,2112,2545,1,1,1,128,1,1,45,0.000,0.002,,,,,NVIDIA L40S (0),1,,7,"pcg_cuda::<unnamed>::hash_kernel_chacha8(const pcg_cuda::DpfBlk *, pcg_cuda::DpfBlk *, pcg_cuda::DpfBlk *, int, int, int, unsigned long, unsigned long)"
1178899350,1472,2547,,,,,,,,,,0.000,173.913,Device,Pageable,NVIDIA L40S (0),1,,7,[CUDA memcpy Device-to-Host]
1178908118,384,2548,,,,,,,,,,0.000,666.666,Pageable,Device,NVIDIA L40S (0),1,,7,[CUDA memcpy Host-to-Device]
1178910998,1664,2549,1,1,1,128,1,1,48,0.000,0.000,,,,,NVIDIA L40S (0),1,,7,"pcg_cuda::<unnamed>::expand_kernel(const pcg_cuda::DpfBlk *, const pcg_cuda::DpfBlk *, const pcg_cuda::DpfBlk *, const pcg_cuda::DpfBlk *, pcg_cuda::DpfBlk *, int, int, int, int, unsigned long, unsigned long)"
1178914774,1024,2551,,,,,,,,,,0.000,250.000,Device,Device,NVIDIA L40S (0),1,,7,[CUDA memcpy Device-to-Device]
1178917302,1568,2552,1,1,1,128,1,1,45,0.000,0.002,,,,,NVIDIA L40S (0),1,,7,"pcg_cuda::<unnamed>::hash_kernel_chacha8(const pcg_cuda::DpfBlk *, pcg_cuda::DpfBlk *, pcg_cuda::DpfBlk *, int, int, int, unsigned long, unsigned long)"
1178919542,896,2554,,,,,,,,,,0.000,285.714,Device,Pageable,NVIDIA L40S (0),1,,7,[CUDA memcpy Device-to-Host]
1178927670,416,2555,,,,,,,,,,0.000,615.385,Pageable,Device,NVIDIA L40S (0),1,,7,[CUDA memcpy Host-to-Device]
1178930006,1504,2556,1,1,1,128,1,1,48,0.000,0.000,,,,,NVIDIA L40S (0),1,,7,"pcg_cuda::<unnamed>::expand_kernel(const pcg_cuda::DpfBlk *, const pcg_cuda::DpfBlk *, const pcg_cuda::DpfBlk *, const pcg_cuda::DpfBlk *, pcg_cuda::DpfBlk *, int, int, int, int, unsigned long, unsigned long)"
1178933814,1056,2558,,,,,,,,,,0.000,242.424,Device,Device,NVIDIA L40S (0),1,,7,[CUDA memcpy Device-to-Device]
1178935990,1600,2559,1,1,1,128,1,1,45,0.000,0.002,,,,,NVIDIA L40S (0),1,,7,"pcg_cuda::<unnamed>::hash_kernel_chacha8(const pcg_cuda::DpfBlk *, pcg_cuda::DpfBlk *, pcg_cuda::DpfBlk *, int, int, int, unsigned long, unsigned long)"
1178938774,896,2561,,,,,,,,,,0.000,285.714,Device,Pageable,NVIDIA L40S (0),1,,7,[CUDA memcpy Device-to-Host]
1178947062,384,2562,,,,,,,,,,0.000,666.666,Pageable,Device,NVIDIA L40S (0),1,,7,[CUDA memcpy Host-to-Device]
1178949238,1504,2563,1,1,1,128,1,1,48,0.000,0.000,,,,,NVIDIA L40S (0),1,,7,"pcg_cuda::<unnamed>::expand_kernel(const pcg_cuda::DpfBlk *, const pcg_cuda::DpfBlk *, const pcg_cuda::DpfBlk *, const pcg_cuda::DpfBlk *, pcg_cuda::DpfBlk *, int, int, int, int, unsigned long, unsigned long)"
1178954934,1024,2565,,,,,,,,,,0.000,250.000,Device,Device,NVIDIA L40S (0),1,,7,[CUDA memcpy Device-to-Device]
1178957558,1632,2566,1,1,1,128,1,1,45,0.000,0.002,,,,,NVIDIA L40S (0),1,,7,"pcg_cuda::<unnamed>::hash_kernel_chacha8(const pcg_cuda::DpfBlk *, pcg_cuda::DpfBlk *, pcg_cuda::DpfBlk *, int, int, int, unsigned long, unsigned long)"
1178960086,896,2568,,,,,,,,,,0.000,285.714,Device,Pageable,NVIDIA L40S (0),1,,7,[CUDA memcpy Device-to-Host]
1178968438,384,2569,,,,,,,,,,0.000,666.666,Pageable,Device,NVIDIA L40S (0),1,,7,[CUDA memcpy Host-to-Device]
1178970550,1504,2570,1,1,1,128,1,1,48,0.000,0.000,,,,,NVIDIA L40S (0),1,,7,"pcg_cuda::<unnamed>::expand_kernel(const pcg_cuda::DpfBlk *, const pcg_cuda::DpfBlk *, const pcg_cuda::DpfBlk *, const pcg_cuda::DpfBlk *, pcg_cuda::DpfBlk *, int, int, int, int, unsigned long, unsigned long)"
1178974230,1056,2572,,,,,,,,,,0.000,242.424,Device,Device,NVIDIA L40S (0),1,,7,[CUDA memcpy Device-to-Device]
1178976374,1824,2573,2,1,1,128,1,1,45,0.000,0.002,,,,,NVIDIA L40S (0),1,,7,"pcg_cuda::<unnamed>::hash_kernel_chacha8(const pcg_cuda::DpfBlk *, pcg_cuda::DpfBlk *, pcg_cuda::DpfBlk *, int, int, int, unsigned long, unsigned long)"
1178978774,896,2575,,,,,,,,,,0.000,285.714,Device,Pageable,NVIDIA L40S (0),1,,7,[CUDA memcpy Device-to-Host]
1178987126,352,2576,,,,,,,,,,0.000,727.273,Pageable,Device,NVIDIA L40S (0),1,,7,[CUDA memcpy Host-to-Device]
1178989174,1536,2577,2,1,1,128,1,1,48,0.000,0.000,,,,,NVIDIA L40S (0),1,,7,"pcg_cuda::<unnamed>::expand_kernel(const pcg_cuda::DpfBlk *, const pcg_cuda::DpfBlk *, const pcg_cuda::DpfBlk *, const pcg_cuda::DpfBlk *, pcg_cuda::DpfBlk *, int, int, int, int, unsigned long, unsigned long)"
1178992918,1056,2579,,,,,,,,,,0.000,242.424,Device,Device,NVIDIA L40S (0),1,,7,[CUDA memcpy Device-to-Device]
1178995126,2080,2580,4,1,1,128,1,1,45,0.000,0.002,,,,,NVIDIA L40S (0),1,,7,"pcg_cuda::<unnamed>::hash_kernel_chacha8(const pcg_cuda::DpfBlk *, pcg_cuda::DpfBlk *, pcg_cuda::DpfBlk *, int, int, int, unsigned long, unsigned long)"
1178997654,864,2582,,,,,,,,,,0.000,296.296,Device,Pageable,NVIDIA L40S (0),1,,7,[CUDA memcpy Device-to-Host]
1179005750,384,2583,,,,,,,,,,0.000,666.666,Pageable,Device,NVIDIA L40S (0),1,,7,[CUDA memcpy Host-to-Device]
1179008086,1568,2584,4,1,1,128,1,1,48,0.000,0.000,,,,,NVIDIA L40S (0),1,,7,"pcg_cuda::<unnamed>::expand_kernel(const pcg_cuda::DpfBlk *, const pcg_cuda::DpfBlk *, const pcg_cuda::DpfBlk *, const pcg_cuda::DpfBlk *, pcg_cuda::DpfBlk *, int, int, int, int, unsigned long, unsigned long)"
1179011766,1024,2586,,,,,,,,,,0.000,250.000,Device,Device,NVIDIA L40S (0),1,,7,[CUDA memcpy Device-to-Device]
1179014134,2688,2587,8,1,1,128,1,1,45,0.000,0.002,,,,,NVIDIA L40S (0),1,,7,"pcg_cuda::<unnamed>::hash_kernel_chacha8(const pcg_cuda::DpfBlk *, pcg_cuda::DpfBlk *, pcg_cuda::DpfBlk *, int, int, int, unsigned long, unsigned long)"
1179025046,896,2589,,,,,,,,,,0.000,285.714,Device,Pageable,NVIDIA L40S (0),1,,7,[CUDA memcpy Device-to-Host]
1179033366,384,2590,,,,,,,,,,0.000,666.666,Pageable,Device,NVIDIA L40S (0),1,,7,[CUDA memcpy Host-to-Device]
1179035606,1600,2591,8,1,1,128,1,1,48,0.000,0.000,,,,,NVIDIA L40S (0),1,,7,"pcg_cuda::<unnamed>::expand_kernel(const pcg_cuda::DpfBlk *, const pcg_cuda::DpfBlk *, const pcg_cuda::DpfBlk *, const pcg_cuda::DpfBlk *, pcg_cuda::DpfBlk *, int, int, int, int, unsigned long, unsigned long)"
1179039190,1056,2593,,,,,,,,,,0.000,242.424,Device,Device,NVIDIA L40S (0),1,,7,[CUDA memcpy Device-to-Device]
1179041526,2016,2594,16,1,1,128,1,1,45,0.000,0.002,,,,,NVIDIA L40S (0),1,,7,"pcg_cuda::<unnamed>::hash_kernel_chacha8(const pcg_cuda::DpfBlk *, pcg_cuda::DpfBlk *, pcg_cuda::DpfBlk *, int, int, int, unsigned long, unsigned long)"
1179043990,896,2596,,,,,,,,,,0.000,285.714,Device,Pageable,NVIDIA L40S (0),1,,7,[CUDA memcpy Device-to-Host]
1179052150,384,2597,,,,,,,,,,0.000,666.666,Pageable,Device,NVIDIA L40S (0),1,,7,[CUDA memcpy Host-to-Device]
1179054358,1600,2598,16,1,1,128,1,1,48,0.000,0.000,,,,,NVIDIA L40S (0),1,,7,"pcg_cuda::<unnamed>::expand_kernel(const pcg_cuda::DpfBlk *, const pcg_cuda::DpfBlk *, const pcg_cuda::DpfBlk *, const pcg_cuda::DpfBlk *, pcg_cuda::DpfBlk *, int, int, int, int, unsigned long, unsigned long)"
1179058198,1056,2600,,,,,,,,,,0.000,242.424,Device,Device,NVIDIA L40S (0),1,,7,[CUDA memcpy Device-to-Device]
1179060342,2016,2601,32,1,1,128,1,1,45,0.000,0.002,,,,,NVIDIA L40S (0),1,,7,"pcg_cuda::<unnamed>::hash_kernel_chacha8(const pcg_cuda::DpfBlk *, pcg_cuda::DpfBlk *, pcg_cuda::DpfBlk *, int, int, int, unsigned long, unsigned long)"
1179062614,992,2603,,,,,,,,,,0.000,258.064,Device,Pageable,NVIDIA L40S (0),1,,7,[CUDA memcpy Device-to-Host]
1179071190,384,2604,,,,,,,,,,0.000,666.666,Pageable,Device,NVIDIA L40S (0),1,,7,[CUDA memcpy Host-to-Device]
1179073142,1600,2605,32,1,1,128,1,1,48,0.000,0.000,,,,,NVIDIA L40S (0),1,,7,"pcg_cuda::<unnamed>::expand_kernel(const pcg_cuda::DpfBlk *, const pcg_cuda::DpfBlk *, const pcg_cuda::DpfBlk *, const pcg_cuda::DpfBlk *, pcg_cuda::DpfBlk *, int, int, int, int, unsigned long, unsigned long)"
1179077174,1056,2607,,,,,,,,,,0.000,242.424,Device,Device,NVIDIA L40S (0),1,,7,[CUDA memcpy Device-to-Device]
1179079350,2016,2608,64,1,1,128,1,1,45,0.000,0.002,,,,,NVIDIA L40S (0),1,,7,"pcg_cuda::<unnamed>::hash_kernel_chacha8(const pcg_cuda::DpfBlk *, pcg_cuda::DpfBlk *, pcg_cuda::DpfBlk *, int, int, int, unsigned long, unsigned long)"
1179081814,896,2610,,,,,,,,,,0.000,285.714,Device,Pageable,NVIDIA L40S (0),1,,7,[CUDA memcpy Device-to-Host]
1179090038,384,2611,,,,,,,,,,0.000,666.666,Pageable,Device,NVIDIA L40S (0),1,,7,[CUDA memcpy Host-to-Device]
1179092182,1600,2612,64,1,1,128,1,1,48,0.000,0.000,,,,,NVIDIA L40S (0),1,,7,"pcg_cuda::<unnamed>::expand_kernel(const pcg_cuda::DpfBlk *, const pcg_cuda::DpfBlk *, const pcg_cuda::DpfBlk *, const pcg_cuda::DpfBlk *, pcg_cuda::DpfBlk *, int, int, int, int, unsigned long, unsigned long)"
1179095766,1056,2614,,,,,,,,,,0.000,242.424,Device,Device,NVIDIA L40S (0),1,,7,[CUDA memcpy Device-to-Device]
1179098102,2112,2615,128,1,1,128,1,1,45,0.000,0.002,,,,,NVIDIA L40S (0),1,,7,"pcg_cuda::<unnamed>::hash_kernel_chacha8(const pcg_cuda::DpfBlk *, pcg_cuda::DpfBlk *, pcg_cuda::DpfBlk *, int, int, int, unsigned long, unsigned long)"
1179100502,896,2617,,,,,,,,,,0.000,285.714,Device,Pageable,NVIDIA L40S (0),1,,7,[CUDA memcpy Device-to-Host]
1179108726,384,2618,,,,,,,,,,0.000,666.666,Pageable,Device,NVIDIA L40S (0),1,,7,[CUDA memcpy Host-to-Device]
1179110934,1760,2619,128,1,1,128,1,1,48,0.000,0.000,,,,,NVIDIA L40S (0),1,,7,"pcg_cuda::<unnamed>::expand_kernel(const pcg_cuda::DpfBlk *, const pcg_cuda::DpfBlk *, const pcg_cuda::DpfBlk *, const pcg_cuda::DpfBlk *, pcg_cuda::DpfBlk *, int, int, int, int, unsigned long, unsigned long)"
1179114678,1056,2621,,,,,,,,,,0.000,242.424,Device,Device,NVIDIA L40S (0),1,,7,[CUDA memcpy Device-to-Device]
1179116886,2464,2622,256,1,1,128,1,1,45,0.000,0.002,,,,,NVIDIA L40S (0),1,,7,"pcg_cuda::<unnamed>::hash_kernel_chacha8(const pcg_cuda::DpfBlk *, pcg_cuda::DpfBlk *, pcg_cuda::DpfBlk *, int, int, int, unsigned long, unsigned long)"
1179119606,864,2624,,,,,,,,,,0.000,296.296,Device,Pageable,NVIDIA L40S (0),1,,7,[CUDA memcpy Device-to-Host]
1179127606,416,2625,,,,,,,,,,0.000,615.385,Pageable,Device,NVIDIA L40S (0),1,,7,[CUDA memcpy Host-to-Device]
1179129942,2432,2626,256,1,1,128,1,1,48,0.000,0.000,,,,,NVIDIA L40S (0),1,,7,"pcg_cuda::<unnamed>::expand_kernel(const pcg_cuda::DpfBlk *, const pcg_cuda::DpfBlk *, const pcg_cuda::DpfBlk *, const pcg_cuda::DpfBlk *, pcg_cuda::DpfBlk *, int, int, int, int, unsigned long, unsigned long)"
1179133750,1024,2628,,,,,,,,,,0.000,250.000,Device,Device,NVIDIA L40S (0),1,,7,[CUDA memcpy Device-to-Device]
1179136086,3072,2629,512,1,1,128,1,1,45,0.000,0.002,,,,,NVIDIA L40S (0),1,,7,"pcg_cuda::<unnamed>::hash_kernel_chacha8(const pcg_cuda::DpfBlk *, pcg_cuda::DpfBlk *, pcg_cuda::DpfBlk *, int, int, int, unsigned long, unsigned long)"
1179146902,896,2631,,,,,,,,,,0.000,285.714,Device,Pageable,NVIDIA L40S (0),1,,7,[CUDA memcpy Device-to-Host]
1179155254,384,2632,,,,,,,,,,0.000,666.666,Pageable,Device,NVIDIA L40S (0),1,,7,[CUDA memcpy Host-to-Device]
1179157366,3328,2633,512,1,1,128,1,1,48,0.000,0.000,,,,,NVIDIA L40S (0),1,,7,"pcg_cuda::<unnamed>::expand_kernel(const pcg_cuda::DpfBlk *, const pcg_cuda::DpfBlk *, const pcg_cuda::DpfBlk *, const pcg_cuda::DpfBlk *, pcg_cuda::DpfBlk *, int, int, int, int, unsigned long, unsigned long)"
1179163318,1056,2635,,,,,,,,,,0.000,242.424,Device,Device,NVIDIA L40S (0),1,,7,[CUDA memcpy Device-to-Device]
1179165878,4960,2636,1024,1,1,128,1,1,45,0.000,0.002,,,,,NVIDIA L40S (0),1,,7,"pcg_cuda::<unnamed>::hash_kernel_chacha8(const pcg_cuda::DpfBlk *, pcg_cuda::DpfBlk *, pcg_cuda::DpfBlk *, int, int, int, unsigned long, unsigned long)"
1179176598,896,2638,,,,,,,,,,0.000,285.714,Device,Pageable,NVIDIA L40S (0),1,,7,[CUDA memcpy Device-to-Host]
1179184726,416,2639,,,,,,,,,,0.000,615.385,Pageable,Device,NVIDIA L40S (0),1,,7,[CUDA memcpy Host-to-Device]
1179187126,6624,2640,1024,1,1,128,1,1,48,0.000,0.000,,,,,NVIDIA L40S (0),1,,7,"pcg_cuda::<unnamed>::expand_kernel(const pcg_cuda::DpfBlk *, const pcg_cuda::DpfBlk *, const pcg_cuda::DpfBlk *, const pcg_cuda::DpfBlk *, pcg_cuda::DpfBlk *, int, int, int, int, unsigned long, unsigned long)"
1179194422,1056,2642,,,,,,,,,,0.000,242.424,Device,Device,NVIDIA L40S (0),1,,7,[CUDA memcpy Device-to-Device]
1179196150,7872,2643,2048,1,1,128,1,1,45,0.000,0.002,,,,,NVIDIA L40S (0),1,,7,"pcg_cuda::<unnamed>::hash_kernel_chacha8(const pcg_cuda::DpfBlk *, pcg_cuda::DpfBlk *, pcg_cuda::DpfBlk *, int, int, int, unsigned long, unsigned long)"
1179212438,896,2645,,,,,,,,,,0.000,285.714,Device,Pageable,NVIDIA L40S (0),1,,7,[CUDA memcpy Device-to-Host]
1179220470,416,2646,,,,,,,,,,0.000,615.385,Pageable,Device,NVIDIA L40S (0),1,,7,[CUDA memcpy Host-to-Device]
1179222742,11488,2647,2048,1,1,128,1,1,48,0.000,0.000,,,,,NVIDIA L40S (0),1,,7,"pcg_cuda::<unnamed>::expand_kernel(const pcg_cuda::DpfBlk *, const pcg_cuda::DpfBlk *, const pcg_cuda::DpfBlk *, const pcg_cuda::DpfBlk *, pcg_cuda::DpfBlk *, int, int, int, int, unsigned long, unsigned long)"
1179234870,1056,2649,,,,,,,,,,0.000,242.424,Device,Device,NVIDIA L40S (0),1,,7,[CUDA memcpy Device-to-Device]
1179236630,13408,2650,4096,1,1,128,1,1,45,0.000,0.002,,,,,NVIDIA L40S (0),1,,7,"pcg_cuda::<unnamed>::hash_kernel_chacha8(const pcg_cuda::DpfBlk *, pcg_cuda::DpfBlk *, pcg_cuda::DpfBlk *, int, int, int, unsigned long, unsigned long)"
1179256470,928,2652,,,,,,,,,,0.000,275.862,Device,Pageable,NVIDIA L40S (0),1,,7,[CUDA memcpy Device-to-Host]
1179264726,416,2653,,,,,,,,,,0.000,615.385,Pageable,Device,NVIDIA L40S (0),1,,7,[CUDA memcpy Host-to-Device]
1179266870,21824,2654,4096,1,1,128,1,1,48,0.000,0.000,,,,,NVIDIA L40S (0),1,,7,"pcg_cuda::<unnamed>::expand_kernel(const pcg_cuda::DpfBlk *, const pcg_cuda::DpfBlk *, const pcg_cuda::DpfBlk *, const pcg_cuda::DpfBlk *, pcg_cuda::DpfBlk *, int, int, int, int, unsigned long, unsigned long)"
1179289366,1056,2656,,,,,,,,,,0.000,242.424,Device,Device,NVIDIA L40S (0),1,,7,[CUDA memcpy Device-to-Device]
1179291062,24768,2657,8192,1,1,128,1,1,45,0.000,0.002,,,,,NVIDIA L40S (0),1,,7,"pcg_cuda::<unnamed>::hash_kernel_chacha8(const pcg_cuda::DpfBlk *, pcg_cuda::DpfBlk *, pcg_cuda::DpfBlk *, int, int, int, unsigned long, unsigned long)"
1179317302,896,2659,,,,,,,,,,0.000,285.714,Device,Pageable,NVIDIA L40S (0),1,,7,[CUDA memcpy Device-to-Host]
1179325750,384,2660,,,,,,,,,,0.000,666.666,Pageable,Device,NVIDIA L40S (0),1,,7,[CUDA memcpy Host-to-Device]
1179327894,43136,2661,8192,1,1,128,1,1,48,0.000,0.000,,,,,NVIDIA L40S (0),1,,7,"pcg_cuda::<unnamed>::expand_kernel(const pcg_cuda::DpfBlk *, const pcg_cuda::DpfBlk *, const pcg_cuda::DpfBlk *, const pcg_cuda::DpfBlk *, pcg_cuda::DpfBlk *, int, int, int, int, unsigned long, unsigned long)"
1179371702,2336,2663,,,,,,,,,,0.000,109.589,Device,Device,NVIDIA L40S (0),1,,7,[CUDA memcpy Device-to-Device]
1179374678,48896,2664,16384,1,1,128,1,1,45,0.000,0.002,,,,,NVIDIA L40S (0),1,,7,"pcg_cuda::<unnamed>::hash_kernel_chacha8(const pcg_cuda::DpfBlk *, pcg_cuda::DpfBlk *, pcg_cuda::DpfBlk *, int, int, int, unsigned long, unsigned long)"
1179428502,928,2666,,,,,,,,,,0.000,275.862,Device,Pageable,NVIDIA L40S (0),1,,7,[CUDA memcpy Device-to-Host]
1179436822,416,2667,,,,,,,,,,0.000,615.385,Pageable,Device,NVIDIA L40S (0),1,,7,[CUDA memcpy Host-to-Device]
1179438966,137632,2668,16384,1,1,128,1,1,48,0.000,0.000,,,,,NVIDIA L40S (0),1,,7,"pcg_cuda::<unnamed>::expand_kernel(const pcg_cuda::DpfBlk *, const pcg_cuda::DpfBlk *, const pcg_cuda::DpfBlk *, const pcg_cuda::DpfBlk *, pcg_cuda::DpfBlk *, int, int, int, int, unsigned long, unsigned long)"
1179577334,1792,2670,,,,,,,,,,0.000,142.857,Device,Device,NVIDIA L40S (0),1,,7,[CUDA memcpy Device-to-Device]
1179579830,196512,2671,32768,1,1,128,1,1,45,0.000,0.002,,,,,NVIDIA L40S (0),1,,7,"pcg_cuda::<unnamed>::hash_kernel_chacha8(const pcg_cuda::DpfBlk *, pcg_cuda::DpfBlk *, pcg_cuda::DpfBlk *, int, int, int, unsigned long, unsigned long)"
1179779158,864,2673,,,,,,,,,,0.000,296.296,Device,Pageable,NVIDIA L40S (0),1,,7,[CUDA memcpy Device-to-Host]
1179787798,384,2674,,,,,,,,,,0.000,666.666,Pageable,Device,NVIDIA L40S (0),1,,7,[CUDA memcpy Host-to-Device]
1179789846,380416,2675,32768,1,1,128,1,1,48,0.000,0.000,,,,,NVIDIA L40S (0),1,,7,"pcg_cuda::<unnamed>::expand_kernel(const pcg_cuda::DpfBlk *, const pcg_cuda::DpfBlk *, const pcg_cuda::DpfBlk *, const pcg_cuda::DpfBlk *, pcg_cuda::DpfBlk *, int, int, int, int, unsigned long, unsigned long)"
1180171030,2144,2677,,,,,,,,,,0.000,119.403,Device,Device,NVIDIA L40S (0),1,,7,[CUDA memcpy Device-to-Device]
1180173846,390176,2678,65536,1,1,128,1,1,45,0.000,0.002,,,,,NVIDIA L40S (0),1,,7,"pcg_cuda::<unnamed>::hash_kernel_chacha8(const pcg_cuda::DpfBlk *, pcg_cuda::DpfBlk *, pcg_cuda::DpfBlk *, int, int, int, unsigned long, unsigned long)"
1180568214,1024,2680,,,,,,,,,,0.000,250.000,Device,Pageable,NVIDIA L40S (0),1,,7,[CUDA memcpy Device-to-Host]
1180576758,384,2681,,,,,,,,,,0.000,666.666,Pageable,Device,NVIDIA L40S (0),1,,7,[CUDA memcpy Host-to-Device]
1180578710,788384,2682,65536,1,1,128,1,1,48,0.000,0.000,,,,,NVIDIA L40S (0),1,,7,"pcg_cuda::<unnamed>::expand_kernel(const pcg_cuda::DpfBlk *, const pcg_cuda::DpfBlk *, const pcg_cuda::DpfBlk *, const pcg_cuda::DpfBlk *, pcg_cuda::DpfBlk *, int, int, int, int, unsigned long, unsigned long)"
1181367862,2176,2684,,,,,,,,,,0.000,117.647,Device,Device,NVIDIA L40S (0),1,,7,[CUDA memcpy Device-to-Device]
1181370806,790017,2685,131072,1,1,128,1,1,45,0.000,0.002,,,,,NVIDIA L40S (0),1,,7,"pcg_cuda::<unnamed>::hash_kernel_chacha8(const pcg_cuda::DpfBlk *, pcg_cuda::DpfBlk *, pcg_cuda::DpfBlk *, int, int, int, unsigned long, unsigned long)"
1182162998,1024,2687,,,,,,,,,,0.000,250.000,Device,Pageable,NVIDIA L40S (0),1,,7,[CUDA memcpy Device-to-Host]
1182171670,385,2688,,,,,,,,,,0.000,664.935,Pageable,Device,NVIDIA L40S (0),1,,7,[CUDA memcpy Host-to-Device]
1182173622,1595265,2689,131072,1,1,128,1,1,48,0.000,0.000,,,,,NVIDIA L40S (0),1,,7,"pcg_cuda::<unnamed>::expand_kernel(const pcg_cuda::DpfBlk *, const pcg_cuda::DpfBlk *, const pcg_cuda::DpfBlk *, const pcg_cuda::DpfBlk *, pcg_cuda::DpfBlk *, int, int, int, int, unsigned long, unsigned long)"
1183769719,815584,2691,1024,16,1,256,1,1,34,0.000,0.004,,,,,NVIDIA L40S (0),1,,7,"pcg_cuda::<unnamed>::out_sum_kernel(const pcg_cuda::DpfBlk *, unsigned long *, unsigned long, unsigned long, int)"
1184585975,3520,2693,16,1,1,256,1,1,22,0.000,0.004,,,,,NVIDIA L40S (0),1,,7,"pcg_cuda::<unnamed>::out_fold_kernel(const unsigned long *, unsigned long *, int, int, unsigned long)"
1184591511,1024,2695,,,,,,,,,,0.000,250.000,Device,Pageable,NVIDIA L40S (0),1,,7,[CUDA memcpy Device-to-Host]
1184600599,384,2696,,,,,,,,,,0.000,333.333,Pageable,Device,NVIDIA L40S (0),1,,7,[CUDA memcpy Host-to-Device]
1184603927,12352,2697,,,,,,,,,,33.554,2716499.706,Device,,NVIDIA L40S (0),1,,7,[CUDA memset]
1184616951,1121888,2698,1024,16,1,256,1,1,38,0.000,0.000,,,,,NVIDIA L40S (0),1,,7,"pcg_cuda::<unnamed>::out_scatter_kernel(const pcg_cuda::DpfBlk *, const unsigned long *, unsigned long *, unsigned long, int, int, unsigned long, int)"
1185745559,1590369,2700,,,,,,,,,,33.554,21072.183,Device,Pageable,NVIDIA L40S (0),1,,7,[CUDA memcpy Device-to-Host]
1187417239,6714690,2702,8192,1,64,8,32,1,36,0.000,0.004,,,,,NVIDIA L40S (0),1,,13,"void gpuntt::ForwardCore<unsigned long>(T1 *, std::make_unsigned<T1>::type *, const std::conditional<std::is_same<std::make_unsigned<T1>::type, unsigned int>::value, unsigned int, unsigned long>::type *, Modulus<std::make_unsigned<T1>::type>, int, int, int, int, bool, bool, bool)"
1194132665,7074369,2704,128,64,64,4,64,1,36,0.000,0.004,,,,,NVIDIA L40S (0),1,,13,"void gpuntt::ForwardCore<unsigned long>(T1 *, std::make_unsigned<T1>::type *, const std::conditional<std::is_same<std::make_unsigned<T1>::type, unsigned int>::value, unsigned int, unsigned long>::type *, Modulus<std::make_unsigned<T1>::type>, int, int, int, int, bool, bool, bool)"
1201207802,8700898,2706,1,8192,64,256,1,1,36,0.000,0.004,,,,,NVIDIA L40S (0),1,,13,"void gpuntt::ForwardCore<unsigned long>(T1 *, std::make_unsigned<T1>::type *, const std::conditional<std::is_same<std::make_unsigned<T1>::type, unsigned int>::value, unsigned int, unsigned long>::type *, Modulus<std::make_unsigned<T1>::type>, int, int, int, int, bool, bool, bool)"
1209909500,6764834,2708,8192,1,64,8,32,1,36,0.000,0.004,,,,,NVIDIA L40S (0),1,,13,"void gpuntt::ForwardCore<unsigned long>(T1 *, std::make_unsigned<T1>::type *, const std::conditional<std::is_same<std::make_unsigned<T1>::type, unsigned int>::value, unsigned int, unsigned long>::type *, Modulus<std::make_unsigned<T1>::type>, int, int, int, int, bool, bool, bool)"
1216675006,7070241,2710,128,64,64,4,64,1,36,0.000,0.004,,,,,NVIDIA L40S (0),1,,13,"void gpuntt::ForwardCore<unsigned long>(T1 *, std::make_unsigned<T1>::type *, const std::conditional<std::is_same<std::make_unsigned<T1>::type, unsigned int>::value, unsigned int, unsigned long>::type *, Modulus<std::make_unsigned<T1>::type>, int, int, int, int, bool, bool, bool)"
1223746015,8703074,2712,1,8192,64,256,1,1,36,0.000,0.004,,,,,NVIDIA L40S (0),1,,13,"void gpuntt::ForwardCore<unsigned long>(T1 *, std::make_unsigned<T1>::type *, const std::conditional<std::is_same<std::make_unsigned<T1>::type, unsigned int>::value, unsigned int, unsigned long>::type *, Modulus<std::make_unsigned<T1>::type>, int, int, int, int, bool, bool, bool)"
1232449857,9665026,2714,1048576,1,1,256,1,1,20,0.000,0.000,,,,,NVIDIA L40S (0),1,,13,"fused4::pointwise_kernel(unsigned long *, const unsigned long *, Modulus<unsigned long>, unsigned long)"
1242115651,8520738,2715,1,8192,64,256,1,1,36,0.000,0.004,,,,,NVIDIA L40S (0),1,,13,"void gpuntt::InverseCore<unsigned long>(std::make_unsigned<T1>::type *, T1 *, const std::conditional<std::is_same<std::make_unsigned<T1>::type, unsigned int>::value, unsigned int, unsigned long>::type *, Modulus<std::make_unsigned<T1>::type>, int, int, int, int, int, std::conditional<std::is_same<std::make_unsigned<T1>::type, unsigned int>::value, unsigned int, unsigned long>::type, bool, bool)"
1250637093,7098209,2717,128,64,64,4,64,1,36,0.000,0.004,,,,,NVIDIA L40S (0),1,,13,"void gpuntt::InverseCore<unsigned long>(std::make_unsigned<T1>::type *, T1 *, const std::conditional<std::is_same<std::make_unsigned<T1>::type, unsigned int>::value, unsigned int, unsigned long>::type *, Modulus<std::make_unsigned<T1>::type>, int, int, int, int, int, std::conditional<std::is_same<std::make_unsigned<T1>::type, unsigned int>::value, unsigned int, unsigned long>::type, bool, bool)"
1257736102,6729730,2719,8192,1,64,8,32,1,36,0.000,0.004,,,,,NVIDIA L40S (0),1,,13,"void gpuntt::InverseCore<unsigned long>(std::make_unsigned<T1>::type *, T1 *, const std::conditional<std::is_same<std::make_unsigned<T1>::type, unsigned int>::value, unsigned int, unsigned long>::type *, Modulus<std::make_unsigned<T1>::type>, int, int, int, int, int, std::conditional<std::is_same<std::make_unsigned<T1>::type, unsigned int>::value, unsigned int, unsigned long>::type, bool, bool)"
1264478280,6756577,2722,8192,1,64,8,32,1,36,0.000,0.004,,,,,NVIDIA L40S (0),1,,13,"void gpuntt::ForwardCore<unsigned long>(T1 *, std::make_unsigned<T1>::type *, const std::conditional<std::is_same<std::make_unsigned<T1>::type, unsigned int>::value, unsigned int, unsigned long>::type *, Modulus<std::make_unsigned<T1>::type>, int, int, int, int, bool, bool, bool)"
1264523400,2464,2741,,,,,,,,,,0.000,103.896,Pageable,Device,NVIDIA L40S (0),1,,7,[CUDA memcpy Host-to-Device]
1264534888,1440,2742,,,,,,,,,,0.005,3733.331,Pageable,Device,NVIDIA L40S (0),1,,7,[CUDA memcpy Host-to-Device]
1271222569,10304,2743,,,,,,,,,,0.000,24.845,Device,Device,NVIDIA L40S (0),1,,7,[CUDA memcpy Device-to-Device]
1271233673,10336,2744,1,1,1,128,1,1,45,0.000,0.002,,,,,NVIDIA L40S (0),1,,7,"pcg_cuda::<unnamed>::hash_kernel_chacha8(const pcg_cuda::DpfBlk *, pcg_cuda::DpfBlk *, pcg_cuda::DpfBlk *, int, int, int, unsigned long, unsigned long)"
1271235689,7061185,2724,128,64,64,4,64,1,36,0.000,0.004,,,,,NVIDIA L40S (0),1,,13,"void gpuntt::ForwardCore<unsigned long>(T1 *, std::make_unsigned<T1>::type *, const std::conditional<std::is_same<std::make_unsigned<T1>::type, unsigned int>::value, unsigned int, unsigned long>::type *, Modulus<std::make_unsigned<T1>::type>, int, int, int, int, bool, bool, bool)"
1271251657,2784,2746,,,,,,,,,,0.000,91.954,Device,Pageable,NVIDIA L40S (0),1,,7,[CUDA memcpy Device-to-Host]
1271268777,1984,2747,,,,,,,,,,0.000,129.032,Pageable,Device,NVIDIA L40S (0),1,,7,[CUDA memcpy Host-to-Device]
1278287051,8735,2748,1,1,1,128,1,1,48,0.000,0.000,,,,,NVIDIA L40S (0),1,,7,"pcg_cuda::<unnamed>::expand_kernel(const pcg_cuda::DpfBlk *, const pcg_cuda::DpfBlk *, const pcg_cuda::DpfBlk *, const pcg_cuda::DpfBlk *, pcg_cuda::DpfBlk *, int, int, int, int, unsigned long, unsigned long)"
1278296554,6241,2750,,,,,,,,,,0.000,41.019,Device,Device,NVIDIA L40S (0),1,,7,[CUDA memcpy Device-to-Device]
1278297611,8501985,2726,1,8192,64,256,1,1,36,0.000,0.004,,,,,NVIDIA L40S (0),1,,13,"void gpuntt::ForwardCore<unsigned long>(T1 *, std::make_unsigned<T1>::type *, const std::conditional<std::is_same<std::make_unsigned<T1>::type, unsigned int>::value, unsigned int, unsigned long>::type *, Modulus<std::make_unsigned<T1>::type>, int, int, int, int, bool, bool, bool)"
1286779980,15136,2751,1,1,1,128,1,1,45,0.000,0.002,,,,,NVIDIA L40S (0),1,,7,"pcg_cuda::<unnamed>::hash_kernel_chacha8(const pcg_cuda::DpfBlk *, pcg_cuda::DpfBlk *, pcg_cuda::DpfBlk *, int, int, int, unsigned long, unsigned long)"
1286796972,896,2753,,,,,,,,,,0.000,285.714,Device,Pageable,NVIDIA L40S (0),1,,7,[CUDA memcpy Device-to-Host]
1286800300,6757122,2728,8192,1,64,8,32,1,36,0.000,0.004,,,,,NVIDIA L40S (0),1,,13,"void gpuntt::ForwardCore<unsigned long>(T1 *, std::make_unsigned<T1>::type *, const std::conditional<std::is_same<std::make_unsigned<T1>::type, unsigned int>::value, unsigned int, unsigned long>::type *, Modulus<std::make_unsigned<T1>::type>, int, int, int, int, bool, bool, bool)"
1286809644,448,2754,,,,,,,,,,0.000,571.428,Pageable,Device,NVIDIA L40S (0),1,,7,[CUDA memcpy Host-to-Device]
1293543118,14496,2755,1,1,1,128,1,1,48,0.000,0.000,,,,,NVIDIA L40S (0),1,,7,"pcg_cuda::<unnamed>::expand_kernel(const pcg_cuda::DpfBlk *, const pcg_cuda::DpfBlk *, const pcg_cuda::DpfBlk *, const pcg_cuda::DpfBlk *, pcg_cuda::DpfBlk *, int, int, int, int, unsigned long, unsigned long)"
1293558125,7039906,2730,128,64,64,4,64,1,36,0.000,0.004,,,,,NVIDIA L40S (0),1,,13,"void gpuntt::ForwardCore<unsigned long>(T1 *, std::make_unsigned<T1>::type *, const std::conditional<std::is_same<std::make_unsigned<T1>::type, unsigned int>::value, unsigned int, unsigned long>::type *, Modulus<std::make_unsigned<T1>::type>, int, int, int, int, bool, bool, bool)"
1300587695,8512,2757,,,,,,,,,,0.000,30.075,Device,Device,NVIDIA L40S (0),1,,7,[CUDA memcpy Device-to-Device]
1300596975,2784,2758,1,1,1,128,1,1,45,0.000,0.002,,,,,NVIDIA L40S (0),1,,7,"pcg_cuda::<unnamed>::hash_kernel_chacha8(const pcg_cuda::DpfBlk *, pcg_cuda::DpfBlk *, pcg_cuda::DpfBlk *, int, int, int, unsigned long, unsigned long)"
1300598831,8920226,2732,1,8192,64,256,1,1,36,0.000,0.004,,,,,NVIDIA L40S (0),1,,13,"void gpuntt::ForwardCore<unsigned long>(T1 *, std::make_unsigned<T1>::type *, const std::conditional<std::is_same<std::make_unsigned<T1>::type, unsigned int>::value, unsigned int, unsigned long>::type *, Modulus<std::make_unsigned<T1>::type>, int, int, int, int, bool, bool, bool)"
1300607663,928,2760,,,,,,,,,,0.000,275.862,Device,Pageable,NVIDIA L40S (0),1,,7,[CUDA memcpy Device-to-Host]
1300618511,768,2761,,,,,,,,,,0.000,333.333,Pageable,Device,NVIDIA L40S (0),1,,7,[CUDA memcpy Host-to-Device]
1309502161,14272,2762,1,1,1,128,1,1,48,0.000,0.000,,,,,NVIDIA L40S (0),1,,7,"pcg_cuda::<unnamed>::expand_kernel(const pcg_cuda::DpfBlk *, const pcg_cuda::DpfBlk *, const pcg_cuda::DpfBlk *, const pcg_cuda::DpfBlk *, pcg_cuda::DpfBlk *, int, int, int, int, unsigned long, unsigned long)"
1309517105,1760,2764,,,,,,,,,,0.000,145.454,Device,Device,NVIDIA L40S (0),1,,7,[CUDA memcpy Device-to-Device]
1309519633,9088,2765,1,1,1,128,1,1,45,0.000,0.002,,,,,NVIDIA L40S (0),1,,7,"pcg_cuda::<unnamed>::hash_kernel_chacha8(const pcg_cuda::DpfBlk *, pcg_cuda::DpfBlk *, pcg_cuda::DpfBlk *, int, int, int, unsigned long, unsigned long)"
1309519825,9708962,2734,1048576,1,1,256,1,1,20,0.000,0.000,,,,,NVIDIA L40S (0),1,,13,"fused4::pointwise_kernel(unsigned long *, const unsigned long *, Modulus<unsigned long>, unsigned long)"
1309539153,2912,2767,,,,,,,,,,0.000,87.912,Device,Pageable,NVIDIA L40S (0),1,,7,[CUDA memcpy Device-to-Host]
1309563441,3424,2768,,,,,,,,,,0.000,74.766,Pageable,Device,NVIDIA L40S (0),1,,7,[CUDA memcpy Host-to-Device]
1319214163,15808,2769,1,1,1,128,1,1,48,0.000,0.000,,,,,NVIDIA L40S (0),1,,7,"pcg_cuda::<unnamed>::expand_kernel(const pcg_cuda::DpfBlk *, const pcg_cuda::DpfBlk *, const pcg_cuda::DpfBlk *, const pcg_cuda::DpfBlk *, pcg_cuda::DpfBlk *, int, int, int, int, unsigned long, unsigned long)"
1319229491,8505538,2735,1,8192,64,256,1,1,36,0.000,0.004,,,,,NVIDIA L40S (0),1,,13,"void gpuntt::InverseCore<unsigned long>(std::make_unsigned<T1>::type *, T1 *, const std::conditional<std::is_same<std::make_unsigned<T1>::type, unsigned int>::value, unsigned int, unsigned long>::type *, Modulus<std::make_unsigned<T1>::type>, int, int, int, int, int, std::conditional<std::is_same<std::make_unsigned<T1>::type, unsigned int>::value, unsigned int, unsigned long>::type, bool, bool)"
1327718965,11616,2771,,,,,,,,,,0.000,22.039,Device,Device,NVIDIA L40S (0),1,,7,[CUDA memcpy Device-to-Device]
1327731253,3360,2772,2,1,1,128,1,1,45,0.000,0.002,,,,,NVIDIA L40S (0),1,,7,"pcg_cuda::<unnamed>::hash_kernel_chacha8(const pcg_cuda::DpfBlk *, pcg_cuda::DpfBlk *, pcg_cuda::DpfBlk *, int, int, int, unsigned long, unsigned long)"
1327735797,7048385,2737,128,64,64,4,64,1,36,0.000,0.004,,,,,NVIDIA L40S (0),1,,13,"void gpuntt::InverseCore<unsigned long>(std::make_unsigned<T1>::type *, T1 *, const std::conditional<std::is_same<std::make_unsigned<T1>::type, unsigned int>::value, unsigned int, unsigned long>::type *, Modulus<std::make_unsigned<T1>::type>, int, int, int, int, int, std::conditional<std::is_same<std::make_unsigned<T1>::type, unsigned int>::value, unsigned int, unsigned long>::type, bool, bool)"
1327737621,1920,2774,,,,,,,,,,0.000,133.333,Device,Pageable,NVIDIA L40S (0),1,,7,[CUDA memcpy Device-to-Host]
1327749589,448,2775,,,,,,,,,,0.000,571.428,Pageable,Device,NVIDIA L40S (0),1,,7,[CUDA memcpy Host-to-Device]
1334774454,9440,2776,2,1,1,128,1,1,48,0.000,0.000,,,,,NVIDIA L40S (0),1,,7,"pcg_cuda::<unnamed>::expand_kernel(const pcg_cuda::DpfBlk *, const pcg_cuda::DpfBlk *, const pcg_cuda::DpfBlk *, const pcg_cuda::DpfBlk *, pcg_cuda::DpfBlk *, int, int, int, int, unsigned long, unsigned long)"
1334784694,6240,2778,,,,,,,,,,0.000,41.026,Device,Device,NVIDIA L40S (0),1,,7,[CUDA memcpy Device-to-Device]
1334784950,6657794,2739,8192,1,64,8,32,1,36,0.000,0.004,,,,,NVIDIA L40S (0),1,,13,"void gpuntt::InverseCore<unsigned long>(std::make_unsigned<T1>::type *, T1 *, const std::conditional<std::is_same<std::make_unsigned<T1>::type, unsigned int>::value, unsigned int, unsigned long>::type *, Modulus<std::make_unsigned<T1>::type>, int, int, int, int, int, std::conditional<std::is_same<std::make_unsigned<T1>::type, unsigned int>::value, unsigned int, unsigned long>::type, bool, bool)"
1341429208,13280,2779,4,1,1,128,1,1,45,0.000,0.002,,,,,NVIDIA L40S (0),1,,7,"pcg_cuda::<unnamed>::hash_kernel_chacha8(const pcg_cuda::DpfBlk *, pcg_cuda::DpfBlk *, pcg_cuda::DpfBlk *, int, int, int, unsigned long, unsigned long)"
1341447863,897,2781,,,,,,,,,,0.000,285.396,Device,Pageable,NVIDIA L40S (0),1,,7,[CUDA memcpy Device-to-Host]
1341456920,384,2782,,,,,,,,,,0.000,666.666,Pageable,Device,NVIDIA L40S (0),1,,7,[CUDA memcpy Host-to-Device]
1341458904,1952,2783,4,1,1,128,1,1,48,0.000,0.000,,,,,NVIDIA L40S (0),1,,7,"pcg_cuda::<unnamed>::expand_kernel(const pcg_cuda::DpfBlk *, const pcg_cuda::DpfBlk *, const pcg_cuda::DpfBlk *, const pcg_cuda::DpfBlk *, pcg_cuda::DpfBlk *, int, int, int, int, unsigned long, unsigned long)"
1341462456,1216,2785,,,,,,,,,,0.000,210.526,Device,Device,NVIDIA L40S (0),1,,7,[CUDA memcpy Device-to-Device]
1341465080,2656,2786,8,1,1,128,1,1,45,0.000,0.002,,,,,NVIDIA L40S (0),1,,7,"pcg_cuda::<unnamed>::hash_kernel_chacha8(const pcg_cuda::DpfBlk *, pcg_cuda::DpfBlk *, pcg_cuda::DpfBlk *, int, int, int, unsigned long, unsigned long)"
1341476536,896,2788,,,,,,,,,,0.000,285.714,Device,Pageable,NVIDIA L40S (0),1,,7,[CUDA memcpy Device-to-Host]
1341484728,384,2789,,,,,,,,,,0.000,666.666,Pageable,Device,NVIDIA L40S (0),1,,7,[CUDA memcpy Host-to-Device]
1341487032,1696,2790,8,1,1,128,1,1,48,0.000,0.000,,,,,NVIDIA L40S (0),1,,7,"pcg_cuda::<unnamed>::expand_kernel(const pcg_cuda::DpfBlk *, const pcg_cuda::DpfBlk *, const pcg_cuda::DpfBlk *, const pcg_cuda::DpfBlk *, pcg_cuda::DpfBlk *, int, int, int, int, unsigned long, unsigned long)"
1341490840,1248,2792,,,,,,,,,,0.000,205.128,Device,Device,NVIDIA L40S (0),1,,7,[CUDA memcpy Device-to-Device]
1341492792,2080,2793,16,1,1,128,1,1,45,0.000,0.002,,,,,NVIDIA L40S (0),1,,7,"pcg_cuda::<unnamed>::hash_kernel_chacha8(const pcg_cuda::DpfBlk *, pcg_cuda::DpfBlk *, pcg_cuda::DpfBlk *, int, int, int, unsigned long, unsigned long)"
1341495512,896,2795,,,,,,,,,,0.000,285.714,Device,Pageable,NVIDIA L40S (0),1,,7,[CUDA memcpy Device-to-Host]
1341503768,384,2796,,,,,,,,,,0.000,666.666,Pageable,Device,NVIDIA L40S (0),1,,7,[CUDA memcpy Host-to-Device]
1341506424,1696,2797,16,1,1,128,1,1,48,0.000,0.000,,,,,NVIDIA L40S (0),1,,7,"pcg_cuda::<unnamed>::expand_kernel(const pcg_cuda::DpfBlk *, const pcg_cuda::DpfBlk *, const pcg_cuda::DpfBlk *, const pcg_cuda::DpfBlk *, pcg_cuda::DpfBlk *, int, int, int, int, unsigned long, unsigned long)"
1341514040,1216,2799,,,,,,,,,,0.000,210.526,Device,Device,NVIDIA L40S (0),1,,7,[CUDA memcpy Device-to-Device]
1341516088,2048,2800,32,1,1,128,1,1,45,0.000,0.002,,,,,NVIDIA L40S (0),1,,7,"pcg_cuda::<unnamed>::hash_kernel_chacha8(const pcg_cuda::DpfBlk *, pcg_cuda::DpfBlk *, pcg_cuda::DpfBlk *, int, int, int, unsigned long, unsigned long)"
1341518616,896,2802,,,,,,,,,,0.000,285.714,Device,Pageable,NVIDIA L40S (0),1,,7,[CUDA memcpy Device-to-Host]
1341526904,384,2803,,,,,,,,,,0.000,666.666,Pageable,Device,NVIDIA L40S (0),1,,7,[CUDA memcpy Host-to-Device]
1341529080,1632,2804,32,1,1,128,1,1,48,0.000,0.000,,,,,NVIDIA L40S (0),1,,7,"pcg_cuda::<unnamed>::expand_kernel(const pcg_cuda::DpfBlk *, const pcg_cuda::DpfBlk *, const pcg_cuda::DpfBlk *, const pcg_cuda::DpfBlk *, pcg_cuda::DpfBlk *, int, int, int, int, unsigned long, unsigned long)"
1341532792,1184,2806,,,,,,,,,,0.000,216.216,Device,Device,NVIDIA L40S (0),1,,7,[CUDA memcpy Device-to-Device]
1341535032,2144,2807,64,1,1,128,1,1,45,0.000,0.002,,,,,NVIDIA L40S (0),1,,7,"pcg_cuda::<unnamed>::hash_kernel_chacha8(const pcg_cuda::DpfBlk *, pcg_cuda::DpfBlk *, pcg_cuda::DpfBlk *, int, int, int, unsigned long, unsigned long)"
1341537464,896,2809,,,,,,,,,,0.000,285.714,Device,Pageable,NVIDIA L40S (0),1,,7,[CUDA memcpy Device-to-Host]
1341545720,384,2810,,,,,,,,,,0.000,666.666,Pageable,Device,NVIDIA L40S (0),1,,7,[CUDA memcpy Host-to-Device]
1341548344,1696,2811,64,1,1,128,1,1,48,0.000,0.000,,,,,NVIDIA L40S (0),1,,7,"pcg_cuda::<unnamed>::expand_kernel(const pcg_cuda::DpfBlk *, const pcg_cuda::DpfBlk *, const pcg_cuda::DpfBlk *, const pcg_cuda::DpfBlk *, pcg_cuda::DpfBlk *, int, int, int, int, unsigned long, unsigned long)"
1341551864,1184,2813,,,,,,,,,,0.000,216.216,Device,Device,NVIDIA L40S (0),1,,7,[CUDA memcpy Device-to-Device]
1341554040,2112,2814,128,1,1,128,1,1,45,0.000,0.002,,,,,NVIDIA L40S (0),1,,7,"pcg_cuda::<unnamed>::hash_kernel_chacha8(const pcg_cuda::DpfBlk *, pcg_cuda::DpfBlk *, pcg_cuda::DpfBlk *, int, int, int, unsigned long, unsigned long)"
1341556632,896,2816,,,,,,,,,,0.000,285.714,Device,Pageable,NVIDIA L40S (0),1,,7,[CUDA memcpy Device-to-Host]
1341564952,384,2817,,,,,,,,,,0.000,666.666,Pageable,Device,NVIDIA L40S (0),1,,7,[CUDA memcpy Host-to-Device]
1341567384,1792,2818,128,1,1,128,1,1,48,0.000,0.000,,,,,NVIDIA L40S (0),1,,7,"pcg_cuda::<unnamed>::expand_kernel(const pcg_cuda::DpfBlk *, const pcg_cuda::DpfBlk *, const pcg_cuda::DpfBlk *, const pcg_cuda::DpfBlk *, pcg_cuda::DpfBlk *, int, int, int, int, unsigned long, unsigned long)"
1341571064,1184,2820,,,,,,,,,,0.000,216.216,Device,Device,NVIDIA L40S (0),1,,7,[CUDA memcpy Device-to-Device]
1341573112,2496,2821,256,1,1,128,1,1,45,0.000,0.002,,,,,NVIDIA L40S (0),1,,7,"pcg_cuda::<unnamed>::hash_kernel_chacha8(const pcg_cuda::DpfBlk *, pcg_cuda::DpfBlk *, pcg_cuda::DpfBlk *, int, int, int, unsigned long, unsigned long)"
1341575928,864,2823,,,,,,,,,,0.000,296.296,Device,Pageable,NVIDIA L40S (0),1,,7,[CUDA memcpy Device-to-Host]
1341584056,416,2824,,,,,,,,,,0.000,615.385,Pageable,Device,NVIDIA L40S (0),1,,7,[CUDA memcpy Host-to-Device]
1341586552,2496,2825,256,1,1,128,1,1,48,0.000,0.000,,,,,NVIDIA L40S (0),1,,7,"pcg_cuda::<unnamed>::expand_kernel(const pcg_cuda::DpfBlk *, const pcg_cuda::DpfBlk *, const pcg_cuda::DpfBlk *, const pcg_cuda::DpfBlk *, pcg_cuda::DpfBlk *, int, int, int, int, unsigned long, unsigned long)"
1341590168,1184,2827,,,,,,,,,,0.000,216.216,Device,Device,NVIDIA L40S (0),1,,7,[CUDA memcpy Device-to-Device]
1341592120,3136,2828,512,1,1,128,1,1,45,0.000,0.002,,,,,NVIDIA L40S (0),1,,7,"pcg_cuda::<unnamed>::hash_kernel_chacha8(const pcg_cuda::DpfBlk *, pcg_cuda::DpfBlk *, pcg_cuda::DpfBlk *, int, int, int, unsigned long, unsigned long)"
1341603512,896,2830,,,,,,,,,,0.000,285.714,Device,Pageable,NVIDIA L40S (0),1,,7,[CUDA memcpy Device-to-Host]
1341611864,384,2831,,,,,,,,,,0.000,666.666,Pageable,Device,NVIDIA L40S (0),1,,7,[CUDA memcpy Host-to-Device]
1341614040,3360,2832,512,1,1,128,1,1,48,0.000,0.000,,,,,NVIDIA L40S (0),1,,7,"pcg_cuda::<unnamed>::expand_kernel(const pcg_cuda::DpfBlk *, const pcg_cuda::DpfBlk *, const pcg_cuda::DpfBlk *, const pcg_cuda::DpfBlk *, pcg_cuda::DpfBlk *, int, int, int, int, unsigned long, unsigned long)"
1341618200,1184,2834,,,,,,,,,,0.000,216.216,Device,Device,NVIDIA L40S (0),1,,7,[CUDA memcpy Device-to-Device]
1341620056,4832,2835,1024,1,1,128,1,1,45,0.000,0.002,,,,,NVIDIA L40S (0),1,,7,"pcg_cuda::<unnamed>::hash_kernel_chacha8(const pcg_cuda::DpfBlk *, pcg_cuda::DpfBlk *, pcg_cuda::DpfBlk *, int, int, int, unsigned long, unsigned long)"
1341631160,896,2837,,,,,,,,,,0.000,285.714,Device,Pageable,NVIDIA L40S (0),1,,7,[CUDA memcpy Device-to-Host]
1341639256,384,2838,,,,,,,,,,0.000,666.666,Pageable,Device,NVIDIA L40S (0),1,,7,[CUDA memcpy Host-to-Device]
1341641592,6752,2839,1024,1,1,128,1,1,48,0.000,0.000,,,,,NVIDIA L40S (0),1,,7,"pcg_cuda::<unnamed>::expand_kernel(const pcg_cuda::DpfBlk *, const pcg_cuda::DpfBlk *, const pcg_cuda::DpfBlk *, const pcg_cuda::DpfBlk *, pcg_cuda::DpfBlk *, int, int, int, int, unsigned long, unsigned long)"
1341649080,1184,2841,,,,,,,,,,0.000,216.216,Device,Device,NVIDIA L40S (0),1,,7,[CUDA memcpy Device-to-Device]
1341650968,7712,2842,2048,1,1,128,1,1,45,0.000,0.002,,,,,NVIDIA L40S (0),1,,7,"pcg_cuda::<unnamed>::hash_kernel_chacha8(const pcg_cuda::DpfBlk *, pcg_cuda::DpfBlk *, pcg_cuda::DpfBlk *, int, int, int, unsigned long, unsigned long)"
1341667000,928,2844,,,,,,,,,,0.000,275.862,Device,Pageable,NVIDIA L40S (0),1,,7,[CUDA memcpy Device-to-Host]
1341675480,384,2845,,,,,,,,,,0.000,666.666,Pageable,Device,NVIDIA L40S (0),1,,7,[CUDA memcpy Host-to-Device]
1341677496,11712,2846,2048,1,1,128,1,1,48,0.000,0.000,,,,,NVIDIA L40S (0),1,,7,"pcg_cuda::<unnamed>::expand_kernel(const pcg_cuda::DpfBlk *, const pcg_cuda::DpfBlk *, const pcg_cuda::DpfBlk *, const pcg_cuda::DpfBlk *, pcg_cuda::DpfBlk *, int, int, int, int, unsigned long, unsigned long)"
1341689944,1280,2848,,,,,,,,,,0.000,200.000,Device,Device,NVIDIA L40S (0),1,,7,[CUDA memcpy Device-to-Device]
1341691992,13632,2849,4096,1,1,128,1,1,45,0.000,0.002,,,,,NVIDIA L40S (0),1,,7,"pcg_cuda::<unnamed>::hash_kernel_chacha8(const pcg_cuda::DpfBlk *, pcg_cuda::DpfBlk *, pcg_cuda::DpfBlk *, int, int, int, unsigned long, unsigned long)"
1341712056,896,2851,,,,,,,,,,0.000,285.714,Device,Pageable,NVIDIA L40S (0),1,,7,[CUDA memcpy Device-to-Host]
1341720536,384,2852,,,,,,,,,,0.000,666.666,Pageable,Device,NVIDIA L40S (0),1,,7,[CUDA memcpy Host-to-Device]
1341724696,22368,2853,4096,1,1,128,1,1,48,0.000,0.000,,,,,NVIDIA L40S (0),1,,7,"pcg_cuda::<unnamed>::expand_kernel(const pcg_cuda::DpfBlk *, const pcg_cuda::DpfBlk *, const pcg_cuda::DpfBlk *, const pcg_cuda::DpfBlk *, pcg_cuda::DpfBlk *, int, int, int, int, unsigned long, unsigned long)"
1341747736,1312,2855,,,,,,,,,,0.000,195.122,Device,Device,NVIDIA L40S (0),1,,7,[CUDA memcpy Device-to-Device]
1341749784,25472,2856,8192,1,1,128,1,1,45,0.000,0.002,,,,,NVIDIA L40S (0),1,,7,"pcg_cuda::<unnamed>::hash_kernel_chacha8(const pcg_cuda::DpfBlk *, pcg_cuda::DpfBlk *, pcg_cuda::DpfBlk *, int, int, int, unsigned long, unsigned long)"
1341782712,896,2858,,,,,,,,,,0.000,285.714,Device,Pageable,NVIDIA L40S (0),1,,7,[CUDA memcpy Device-to-Host]
1341791192,416,2859,,,,,,,,,,0.000,615.385,Pageable,Device,NVIDIA L40S (0),1,,7,[CUDA memcpy Host-to-Device]
1341793176,43328,2860,8192,1,1,128,1,1,48,0.000,0.000,,,,,NVIDIA L40S (0),1,,7,"pcg_cuda::<unnamed>::expand_kernel(const pcg_cuda::DpfBlk *, const pcg_cuda::DpfBlk *, const pcg_cuda::DpfBlk *, const pcg_cuda::DpfBlk *, pcg_cuda::DpfBlk *, int, int, int, int, unsigned long, unsigned long)"
1341837240,1824,2862,,,,,,,,,,0.000,140.351,Device,Device,NVIDIA L40S (0),1,,7,[CUDA memcpy Device-to-Device]
1341839768,51424,2863,16384,1,1,128,1,1,45,0.000,0.002,,,,,NVIDIA L40S (0),1,,7,"pcg_cuda::<unnamed>::hash_kernel_chacha8(const pcg_cuda::DpfBlk *, pcg_cuda::DpfBlk *, pcg_cuda::DpfBlk *, int, int, int, unsigned long, unsigned long)"
1341893304,896,2865,,,,,,,,,,0.000,285.714,Device,Pageable,NVIDIA L40S (0),1,,7,[CUDA memcpy Device-to-Host]
1341901816,384,2866,,,,,,,,,,0.000,666.666,Pageable,Device,NVIDIA L40S (0),1,,7,[CUDA memcpy Host-to-Device]
1341903960,138816,2867,16384,1,1,128,1,1,48,0.000,0.000,,,,,NVIDIA L40S (0),1,,7,"pcg_cuda::<unnamed>::expand_kernel(const pcg_cuda::DpfBlk *, const pcg_cuda::DpfBlk *, const pcg_cuda::DpfBlk *, const pcg_cuda::DpfBlk *, pcg_cuda::DpfBlk *, int, int, int, int, unsigned long, unsigned long)"
1342043416,1248,2869,,,,,,,,,,0.000,205.128,Device,Device,NVIDIA L40S (0),1,,7,[CUDA memcpy Device-to-Device]
1342045336,195936,2870,32768,1,1,128,1,1,45,0.000,0.002,,,,,NVIDIA L40S (0),1,,7,"pcg_cuda::<unnamed>::hash_kernel_chacha8(const pcg_cuda::DpfBlk *, pcg_cuda::DpfBlk *, pcg_cuda::DpfBlk *, int, int, int, unsigned long, unsigned long)"
1342245560,1088,2872,,,,,,,,,,0.000,235.294,Device,Pageable,NVIDIA L40S (0),1,,7,[CUDA memcpy Device-to-Host]
1342254168,416,2873,,,,,,,,,,0.000,615.385,Pageable,Device,NVIDIA L40S (0),1,,7,[CUDA memcpy Host-to-Device]
1342256280,381696,2874,32768,1,1,128,1,1,48,0.000,0.000,,,,,NVIDIA L40S (0),1,,7,"pcg_cuda::<unnamed>::expand_kernel(const pcg_cuda::DpfBlk *, const pcg_cuda::DpfBlk *, const pcg_cuda::DpfBlk *, const pcg_cuda::DpfBlk *, pcg_cuda::DpfBlk *, int, int, int, int, unsigned long, unsigned long)"
1342638648,2272,2876,,,,,,,,,,0.000,112.676,Device,Device,NVIDIA L40S (0),1,,7,[CUDA memcpy Device-to-Device]
1342641624,392608,2877,65536,1,1,128,1,1,45,0.000,0.002,,,,,NVIDIA L40S (0),1,,7,"pcg_cuda::<unnamed>::hash_kernel_chacha8(const pcg_cuda::DpfBlk *, pcg_cuda::DpfBlk *, pcg_cuda::DpfBlk *, int, int, int, unsigned long, unsigned long)"
1343035064,1024,2879,,,,,,,,,,0.000,250.000,Device,Pageable,NVIDIA L40S (0),1,,7,[CUDA memcpy Device-to-Host]
1343043608,384,2880,,,,,,,,,,0.000,666.666,Pageable,Device,NVIDIA L40S (0),1,,7,[CUDA memcpy Host-to-Device]
1343045720,788096,2881,65536,1,1,128,1,1,48,0.000,0.000,,,,,NVIDIA L40S (0),1,,7,"pcg_cuda::<unnamed>::expand_kernel(const pcg_cuda::DpfBlk *, const pcg_cuda::DpfBlk *, const pcg_cuda::DpfBlk *, const pcg_cuda::DpfBlk *, pcg_cuda::DpfBlk *, int, int, int, int, unsigned long, unsigned long)"
1343834552,2304,2883,,,,,,,,,,0.000,111.111,Device,Device,NVIDIA L40S (0),1,,7,[CUDA memcpy Device-to-Device]
1343837560,793760,2884,131072,1,1,128,1,1,45,0.000,0.002,,,,,NVIDIA L40S (0),1,,7,"pcg_cuda::<unnamed>::hash_kernel_chacha8(const pcg_cuda::DpfBlk *, pcg_cuda::DpfBlk *, pcg_cuda::DpfBlk *, int, int, int, unsigned long, unsigned long)"
1344633977,1087,2886,,,,,,,,,,0.000,235.511,Device,Pageable,NVIDIA L40S (0),1,,7,[CUDA memcpy Device-to-Host]
1344642809,383,2887,,,,,,,,,,0.000,668.407,Pageable,Device,NVIDIA L40S (0),1,,7,[CUDA memcpy Host-to-Device]
1344644760,1591105,2888,131072,1,1,128,1,1,48,0.000,0.000,,,,,NVIDIA L40S (0),1,,7,"pcg_cuda::<unnamed>::expand_kernel(const pcg_cuda::DpfBlk *, const pcg_cuda::DpfBlk *, const pcg_cuda::DpfBlk *, const pcg_cuda::DpfBlk *, pcg_cuda::DpfBlk *, int, int, int, int, unsigned long, unsigned long)"
1346236633,815680,2890,1024,16,1,256,1,1,34,0.000,0.004,,,,,NVIDIA L40S (0),1,,7,"pcg_cuda::<unnamed>::out_sum_kernel(const pcg_cuda::DpfBlk *, unsigned long *, unsigned long, unsigned long, int)"
1347053017,3616,2892,16,1,1,256,1,1,22,0.000,0.004,,,,,NVIDIA L40S (0),1,,7,"pcg_cuda::<unnamed>::out_fold_kernel(const unsigned long *, unsigned long *, int, int, unsigned long)"
1347058361,896,2894,,,,,,,,,,0.000,285.714,Device,Pageable,NVIDIA L40S (0),1,,7,[CUDA memcpy Device-to-Host]
1347067321,384,2895,,,,,,,,,,0.000,333.333,Pageable,Device,NVIDIA L40S (0),1,,7,[CUDA memcpy Host-to-Device]
1347070553,12448,2896,,,,,,,,,,33.554,2695561.740,Device,,NVIDIA L40S (0),1,,7,[CUDA memset]
1347083705,1123456,2897,1024,16,1,256,1,1,38,0.000,0.000,,,,,NVIDIA L40S (0),1,,7,"pcg_cuda::<unnamed>::out_scatter_kernel(const pcg_cuda::DpfBlk *, const unsigned long *, unsigned long *, unsigned long, int, int, unsigned long, int)"
1348212409,1591169,2899,,,,,,,,,,33.554,21072.183,Device,Pageable,NVIDIA L40S (0),1,,7,[CUDA memcpy Device-to-Host]
1349867994,2463,2900,,,,,,,,,,0.000,103.938,Pageable,Device,NVIDIA L40S (0),1,,7,[CUDA memcpy Host-to-Device]
1349876217,576,2901,,,,,,,,,,0.005,9333.333,Pageable,Device,NVIDIA L40S (0),1,,7,[CUDA memcpy Host-to-Device]
1349880601,1312,2902,,,,,,,,,,0.000,195.122,Device,Device,NVIDIA L40S (0),1,,7,[CUDA memcpy Device-to-Device]
1349884985,2048,2903,1,1,1,128,1,1,45,0.000,0.002,,,,,NVIDIA L40S (0),1,,7,"pcg_cuda::<unnamed>::hash_kernel_chacha8(const pcg_cuda::DpfBlk *, pcg_cuda::DpfBlk *, pcg_cuda::DpfBlk *, int, int, int, unsigned long, unsigned long)"
1349887353,1472,2905,,,,,,,,,,0.000,173.913,Device,Pageable,NVIDIA L40S (0),1,,7,[CUDA memcpy Device-to-Host]
1349896537,384,2906,,,,,,,,,,0.000,666.666,Pageable,Device,NVIDIA L40S (0),1,,7,[CUDA memcpy Host-to-Device]
1349899290,1695,2907,1,1,1,128,1,1,48,0.000,0.000,,,,,NVIDIA L40S (0),1,,7,"pcg_cuda::<unnamed>::expand_kernel(const pcg_cuda::DpfBlk *, const pcg_cuda::DpfBlk *, const pcg_cuda::DpfBlk *, const pcg_cuda::DpfBlk *, pcg_cuda::DpfBlk *, int, int, int, int, unsigned long, unsigned long)"
1349902682,1055,2909,,,,,,,,,,0.000,242.654,Device,Device,NVIDIA L40S (0),1,,7,[CUDA memcpy Device-to-Device]
1349905529,1600,2910,1,1,1,128,1,1,45,0.000,0.002,,,,,NVIDIA L40S (0),1,,7,"pcg_cuda::<unnamed>::hash_kernel_chacha8(const pcg_cuda::DpfBlk *, pcg_cuda::DpfBlk *, pcg_cuda::DpfBlk *, int, int, int, unsigned long, unsigned long)"
1349907449,1088,2912,,,,,,,,,,0.000,235.294,Device,Pageable,NVIDIA L40S (0),1,,7,[CUDA memcpy Device-to-Host]
1349915801,385,2913,,,,,,,,,,0.000,664.935,Pageable,Device,NVIDIA L40S (0),1,,7,[CUDA memcpy Host-to-Device]
1349917881,1536,2914,1,1,1,128,1,1,48,0.000,0.000,,,,,NVIDIA L40S (0),1,,7,"pcg_cuda::<unnamed>::expand_kernel(const pcg_cuda::DpfBlk *, const pcg_cuda::DpfBlk *, const pcg_cuda::DpfBlk *, const pcg_cuda::DpfBlk *, pcg_cuda::DpfBlk *, int, int, int, int, unsigned long, unsigned long)"
1349921626,1055,2916,,,,,,,,,,0.000,242.654,Device,Device,NVIDIA L40S (0),1,,7,[CUDA memcpy Device-to-Device]
1349923866,1632,2917,1,1,1,128,1,1,45,0.000,0.002,,,,,NVIDIA L40S (0),1,,7,"pcg_cuda::<unnamed>::hash_kernel_chacha8(const pcg_cuda::DpfBlk *, pcg_cuda::DpfBlk *, pcg_cuda::DpfBlk *, int, int, int, unsigned long, unsigned long)"
1349925818,895,2919,,,,,,,,,,0.000,286.033,Device,Pageable,NVIDIA L40S (0),1,,7,[CUDA memcpy Device-to-Host]
1349933945,385,2920,,,,,,,,,,0.000,664.935,Pageable,Device,NVIDIA L40S (0),1,,7,[CUDA memcpy Host-to-Device]
1349936218,1503,2921,1,1,1,128,1,1,48,0.000,0.000,,,,,NVIDIA L40S (0),1,,7,"pcg_cuda::<unnamed>::expand_kernel(const pcg_cuda::DpfBlk *, const pcg_cuda::DpfBlk *, const pcg_cuda::DpfBlk *, const pcg_cuda::DpfBlk *, pcg_cuda::DpfBlk *, int, int, int, int, unsigned long, unsigned long)"
1349942297,1025,2923,,,,,,,,,,0.000,249.756,Device,Device,NVIDIA L40S (0),1,,7,[CUDA memcpy Device-to-Device]
1349944922,1663,2924,1,1,1,128,1,1,45,0.000,0.002,,,,,NVIDIA L40S (0),1,,7,"pcg_cuda::<unnamed>::hash_kernel_chacha8(const pcg_cuda::DpfBlk *, pcg_cuda::DpfBlk *, pcg_cuda::DpfBlk *, int, int, int, unsigned long, unsigned long)"
1349947642,863,2926,,,,,,,,,,0.000,296.639,Device,Pageable,NVIDIA L40S (0),1,,7,[CUDA memcpy Device-to-Host]
1349955801,384,2927,,,,,,,,,,0.000,666.666,Pageable,Device,NVIDIA L40S (0),1,,7,[CUDA memcpy Host-to-Device]
1349957881,1536,2928,1,1,1,128,1,1,48,0.000,0.000,,,,,NVIDIA L40S (0),1,,7,"pcg_cuda::<unnamed>::expand_kernel(const pcg_cuda::DpfBlk *, const pcg_cuda::DpfBlk *, const pcg_cuda::DpfBlk *, const pcg_cuda::DpfBlk *, pcg_cuda::DpfBlk *, int, int, int, int, unsigned long, unsigned long)"
1349961689,1057,2930,,,,,,,,,,0.000,242.195,Device,Device,NVIDIA L40S (0),1,,7,[CUDA memcpy Device-to-Device]
1349964217,1824,2931,2,1,1,128,1,1,45,0.000,0.002,,,,,NVIDIA L40S (0),1,,7,"pcg_cuda::<unnamed>::hash_kernel_chacha8(const pcg_cuda::DpfBlk *, pcg_cuda::DpfBlk *, pcg_cuda::DpfBlk *, int, int, int, unsigned long, unsigned long)"
1349966489,897,2933,,,,,,,,,,0.000,285.396,Device,Pageable,NVIDIA L40S (0),1,,7,[CUDA memcpy Device-to-Host]
1349974713,385,2934,,,,,,,,,,0.000,664.935,Pageable,Device,NVIDIA L40S (0),1,,7,[CUDA memcpy Host-to-Device]
1349976890,1568,2935,2,1,1,128,1,1,48,0.000,0.000,,,,,NVIDIA L40S (0),1,,7,"pcg_cuda::<unnamed>::expand_kernel(const pcg_cuda::DpfBlk *, const pcg_cuda::DpfBlk *, const pcg_cuda::DpfBlk *, const pcg_cuda::DpfBlk *, pcg_cuda::DpfBlk *, int, int, int, int, unsigned long, unsigned long)"
1349980505,1056,2937,,,,,,,,,,0.000,242.424,Device,Device,NVIDIA L40S (0),1,,7,[CUDA memcpy Device-to-Device]
1349982810,2175,2938,4,1,1,128,1,1,45,0.000,0.002,,,,,NVIDIA L40S (0),1,,7,"pcg_cuda::<unnamed>::hash_kernel_chacha8(const pcg_cuda::DpfBlk *, pcg_cuda::DpfBlk *, pcg_cuda::DpfBlk *, int, int, int, unsigned long, unsigned long)"
1349985337,865,2940,,,,,,,,,,0.000,295.954,Device,Pageable,NVIDIA L40S (0),1,,7,[CUDA memcpy Device-to-Host]
1349993497,385,2941,,,,,,,,,,0.000,664.935,Pageable,Device,NVIDIA L40S (0),1,,7,[CUDA memcpy Host-to-Device]
1349995737,1600,2942,4,1,1,128,1,1,48,0.000,0.000,,,,,NVIDIA L40S (0),1,,7,"pcg_cuda::<unnamed>::expand_kernel(const pcg_cuda::DpfBlk *, const pcg_cuda::DpfBlk *, const pcg_cuda::DpfBlk *, const pcg_cuda::DpfBlk *, pcg_cuda::DpfBlk *, int, int, int, int, unsigned long, unsigned long)"
1349999481,1024,2944,,,,,,,,,,0.000,250.000,Device,Device,NVIDIA L40S (0),1,,7,[CUDA memcpy Device-to-Device]
1350001754,2847,2945,8,1,1,128,1,1,45,0.000,0.002,,,,,NVIDIA L40S (0),1,,7,"pcg_cuda::<unnamed>::hash_kernel_chacha8(const pcg_cuda::DpfBlk *, pcg_cuda::DpfBlk *, pcg_cuda::DpfBlk *, int, int, int, unsigned long, unsigned long)"
1350012601,897,2947,,,,,,,,,,0.000,285.396,Device,Pageable,NVIDIA L40S (0),1,,7,[CUDA memcpy Device-to-Host]
1350020633,417,2948,,,,,,,,,,0.000,613.909,Pageable,Device,NVIDIA L40S (0),1,,7,[CUDA memcpy Host-to-Device]
1350022810,1600,2949,8,1,1,128,1,1,48,0.000,0.000,,,,,NVIDIA L40S (0),1,,7,"pcg_cuda::<unnamed>::expand_kernel(const pcg_cuda::DpfBlk *, const pcg_cuda::DpfBlk *, const pcg_cuda::DpfBlk *, const pcg_cuda::DpfBlk *, pcg_cuda::DpfBlk *, int, int, int, int, unsigned long, unsigned long)"
1350026777,1056,2951,,,,,,,,,,0.000,242.424,Device,Device,NVIDIA L40S (0),1,,7,[CUDA memcpy Device-to-Device]
1350029465,2048,2952,16,1,1,128,1,1,45,0.000,0.002,,,,,NVIDIA L40S (0),1,,7,"pcg_cuda::<unnamed>::hash_kernel_chacha8(const pcg_cuda::DpfBlk *, pcg_cuda::DpfBlk *, pcg_cuda::DpfBlk *, int, int, int, unsigned long, unsigned long)"
1350031930,863,2954,,,,,,,,,,0.000,296.639,Device,Pageable,NVIDIA L40S (0),1,,7,[CUDA memcpy Device-to-Host]
1350040122,383,2955,,,,,,,,,,0.000,668.407,Pageable,Device,NVIDIA L40S (0),1,,7,[CUDA memcpy Host-to-Device]
1350042234,1631,2956,16,1,1,128,1,1,48,0.000,0.000,,,,,NVIDIA L40S (0),1,,7,"pcg_cuda::<unnamed>::expand_kernel(const pcg_cuda::DpfBlk *, const pcg_cuda::DpfBlk *, const pcg_cuda::DpfBlk *, const pcg_cuda::DpfBlk *, pcg_cuda::DpfBlk *, int, int, int, int, unsigned long, unsigned long)"
1350045946,1055,2958,,,,,,,,,,0.000,242.654,Device,Device,NVIDIA L40S (0),1,,7,[CUDA memcpy Device-to-Device]
1350048186,2048,2959,32,1,1,128,1,1,45,0.000,0.002,,,,,NVIDIA L40S (0),1,,7,"pcg_cuda::<unnamed>::hash_kernel_chacha8(const pcg_cuda::DpfBlk *, pcg_cuda::DpfBlk *, pcg_cuda::DpfBlk *, int, int, int, unsigned long, unsigned long)"
1350050586,895,2961,,,,,,,,,,0.000,286.033,Device,Pageable,NVIDIA L40S (0),1,,7,[CUDA memcpy Device-to-Host]
1350058778,383,2962,,,,,,,,,,0.000,668.407,Pageable,Device,NVIDIA L40S (0),1,,7,[CUDA memcpy Host-to-Device]
1350061145,1600,2963,32,1,1,128,1,1,48,0.000,0.000,,,,,NVIDIA L40S (0),1,,7,"pcg_cuda::<unnamed>::expand_kernel(const pcg_cuda::DpfBlk *, const pcg_cuda::DpfBlk *, const pcg_cuda::DpfBlk *, const pcg_cuda::DpfBlk *, pcg_cuda::DpfBlk *, int, int, int, int, unsigned long, unsigned long)"
1350064730,1055,2965,,,,,,,,,,0.000,242.654,Device,Device,NVIDIA L40S (0),1,,7,[CUDA memcpy Device-to-Device]
1350066938,2047,2966,64,1,1,128,1,1,45,0.000,0.002,,,,,NVIDIA L40S (0),1,,7,"pcg_cuda::<unnamed>::hash_kernel_chacha8(const pcg_cuda::DpfBlk *, pcg_cuda::DpfBlk *, pcg_cuda::DpfBlk *, int, int, int, unsigned long, unsigned long)"
1350069465,865,2968,,,,,,,,,,0.000,295.954,Device,Pageable,NVIDIA L40S (0),1,,7,[CUDA memcpy Device-to-Host]
1350077465,385,2969,,,,,,,,,,0.000,664.935,Pageable,Device,NVIDIA L40S (0),1,,7,[CUDA memcpy Host-to-Device]
1350079674,1631,2970,64,1,1,128,1,1,48,0.000,0.000,,,,,NVIDIA L40S (0),1,,7,"pcg_cuda::<unnamed>::expand_kernel(const pcg_cuda::DpfBlk *, const pcg_cuda::DpfBlk *, const pcg_cuda::DpfBlk *, const pcg_cuda::DpfBlk *, pcg_cuda::DpfBlk *, int, int, int, int, unsigned long, unsigned long)"
1350083417,1057,2972,,,,,,,,,,0.000,242.195,Device,Device,NVIDIA L40S (0),1,,7,[CUDA memcpy Device-to-Device]
1350085722,2112,2973,128,1,1,128,1,1,45,0.000,0.002,,,,,NVIDIA L40S (0),1,,7,"pcg_cuda::<unnamed>::hash_kernel_chacha8(const pcg_cuda::DpfBlk *, pcg_cuda::DpfBlk *, pcg_cuda::DpfBlk *, int, int, int, unsigned long, unsigned long)"
1350088089,897,2975,,,,,,,,,,0.000,285.396,Device,Pageable,NVIDIA L40S (0),1,,7,[CUDA memcpy Device-to-Host]
1350096249,384,2976,,,,,,,,,,0.000,666.666,Pageable,Device,NVIDIA L40S (0),1,,7,[CUDA memcpy Host-to-Device]
1350098458,1760,2977,128,1,1,128,1,1,48,0.000,0.000,,,,,NVIDIA L40S (0),1,,7,"pcg_cuda::<unnamed>::expand_kernel(const pcg_cuda::DpfBlk *, const pcg_cuda::DpfBlk *, const pcg_cuda::DpfBlk *, const pcg_cuda::DpfBlk *, pcg_cuda::DpfBlk *, int, int, int, int, unsigned long, unsigned long)"
1350102169,1057,2979,,,,,,,,,,0.000,242.195,Device,Device,NVIDIA L40S (0),1,,7,[CUDA memcpy Device-to-Device]
1350104281,2529,2980,256,1,1,128,1,1,45,0.000,0.002,,,,,NVIDIA L40S (0),1,,7,"pcg_cuda::<unnamed>::hash_kernel_chacha8(const pcg_cuda::DpfBlk *, pcg_cuda::DpfBlk *, pcg_cuda::DpfBlk *, int, int, int, unsigned long, unsigned long)"
1350107161,864,2982,,,,,,,,,,0.000,296.296,Device,Pageable,NVIDIA L40S (0),1,,7,[CUDA memcpy Device-to-Host]
1350115257,385,2983,,,,,,,,,,0.000,664.935,Pageable,Device,NVIDIA L40S (0),1,,7,[CUDA memcpy Host-to-Device]
1350117465,2497,2984,256,1,1,128,1,1,48,0.000,0.000,,,,,NVIDIA L40S (0),1,,7,"pcg_cuda::<unnamed>::expand_kernel(const pcg_cuda::DpfBlk *, const pcg_cuda::DpfBlk *, const pcg_cuda::DpfBlk *, const pcg_cuda::DpfBlk *, pcg_cuda::DpfBlk *, int, int, int, int, unsigned long, unsigned long)"
1350121177,1057,2986,,,,,,,,,,0.000,242.195,Device,Device,NVIDIA L40S (0),1,,7,[CUDA memcpy Device-to-Device]
1350123609,3136,2987,512,1,1,128,1,1,45,0.000,0.002,,,,,NVIDIA L40S (0),1,,7,"pcg_cuda::<unnamed>::hash_kernel_chacha8(const pcg_cuda::DpfBlk *, pcg_cuda::DpfBlk *, pcg_cuda::DpfBlk *, int, int, int, unsigned long, unsigned long)"
1350134457,897,2989,,,,,,,,,,0.000,285.396,Device,Pageable,NVIDIA L40S (0),1,,7,[CUDA memcpy Device-to-Host]
1350142618,383,2990,,,,,,,,,,0.000,668.407,Pageable,Device,NVIDIA L40S (0),1,,7,[CUDA memcpy Host-to-Device]
1350144953,3360,2991,512,1,1,128,1,1,48,0.000,0.000,,,,,NVIDIA L40S (0),1,,7,"pcg_cuda::<unnamed>::expand_kernel(const pcg_cuda::DpfBlk *, const pcg_cuda::DpfBlk *, const pcg_cuda::DpfBlk *, const pcg_cuda::DpfBlk *, pcg_cuda::DpfBlk *, int, int, int, int, unsigned long, unsigned long)"
1350149658,1055,2993,,,,,,,,,,0.000,242.654,Device,Device,NVIDIA L40S (0),1,,7,[CUDA memcpy Device-to-Device]
1350152185,4928,2994,1024,1,1,128,1,1,45,0.000,0.002,,,,,NVIDIA L40S (0),1,,7,"pcg_cuda::<unnamed>::hash_kernel_chacha8(const pcg_cuda::DpfBlk *, pcg_cuda::DpfBlk *, pcg_cuda::DpfBlk *, int, int, int, unsigned long, unsigned long)"
1350163130,895,2996,,,,,,,,,,0.000,286.033,Device,Pageable,NVIDIA L40S (0),1,,7,[CUDA memcpy Device-to-Host]
1350171322,383,2997,,,,,,,,,,0.000,668.407,Pageable,Device,NVIDIA L40S (0),1,,7,[CUDA memcpy Host-to-Device]
1350173594,6783,2998,1024,1,1,128,1,1,48,0.000,0.000,,,,,NVIDIA L40S (0),1,,7,"pcg_cuda::<unnamed>::expand_kernel(const pcg_cuda::DpfBlk *, const pcg_cuda::DpfBlk *, const pcg_cuda::DpfBlk *, const pcg_cuda::DpfBlk *, pcg_cuda::DpfBlk *, int, int, int, int, unsigned long, unsigned long)"
1350181081,1057,3000,,,,,,,,,,0.000,242.195,Device,Device,NVIDIA L40S (0),1,,7,[CUDA memcpy Device-to-Device]
1350182809,7841,3001,2048,1,1,128,1,1,45,0.000,0.002,,,,,NVIDIA L40S (0),1,,7,"pcg_cuda::<unnamed>::hash_kernel_chacha8(const pcg_cuda::DpfBlk *, pcg_cuda::DpfBlk *, pcg_cuda::DpfBlk *, int, int, int, unsigned long, unsigned long)"
1350191801,897,3003,,,,,,,,,,0.000,285.396,Device,Pageable,NVIDIA L40S (0),1,,7,[CUDA memcpy Device-to-Host]
1350200122,383,3004,,,,,,,,,,0.000,668.407,Pageable,Device,NVIDIA L40S (0),1,,7,[CUDA memcpy Host-to-Device]
1350202425,11360,3005,2048,1,1,128,1,1,48,0.000,0.000,,,,,NVIDIA L40S (0),1,,7,"pcg_cuda::<unnamed>::expand_kernel(const pcg_cuda::DpfBlk *, const pcg_cuda::DpfBlk *, const pcg_cuda::DpfBlk *, const pcg_cuda::DpfBlk *, pcg_cuda::DpfBlk *, int, int, int, int, unsigned long, unsigned long)"
1350214554,1055,3007,,,,,,,,,,0.000,242.654,Device,Device,NVIDIA L40S (0),1,,7,[CUDA memcpy Device-to-Device]
1350216282,13599,3008,4096,1,1,128,1,1,45,0.000,0.002,,,,,NVIDIA L40S (0),1,,7,"pcg_cuda::<unnamed>::hash_kernel_chacha8(const pcg_cuda::DpfBlk *, pcg_cuda::DpfBlk *, pcg_cuda::DpfBlk *, int, int, int, unsigned long, unsigned long)"
1350235833,897,3010,,,,,,,,,,0.000,285.396,Device,Pageable,NVIDIA L40S (0),1,,7,[CUDA memcpy Device-to-Host]
1350243833,385,3011,,,,,,,,,,0.000,664.935,Pageable,Device,NVIDIA L40S (0),1,,7,[CUDA memcpy Host-to-Device]
1350246042,22015,3012,4096,1,1,128,1,1,48,0.000,0.000,,,,,NVIDIA L40S (0),1,,7,"pcg_cuda::<unnamed>::expand_kernel(const pcg_cuda::DpfBlk *, const pcg_cuda::DpfBlk *, const pcg_cuda::DpfBlk *, const pcg_cuda::DpfBlk *, pcg_cuda::DpfBlk *, int, int, int, int, unsigned long, unsigned long)"
1350268826,1055,3014,,,,,,,,,,0.000,242.654,Device,Device,NVIDIA L40S (0),1,,7,[CUDA memcpy Device-to-Device]
1350270554,24896,3015,8192,1,1,128,1,1,45,0.000,0.002,,,,,NVIDIA L40S (0),1,,7,"pcg_cuda::<unnamed>::hash_kernel_chacha8(const pcg_cuda::DpfBlk *, pcg_cuda::DpfBlk *, pcg_cuda::DpfBlk *, int, int, int, unsigned long, unsigned long)"
1350296665,897,3017,,,,,,,,,,0.000,285.396,Device,Pageable,NVIDIA L40S (0),1,,7,[CUDA memcpy Device-to-Host]
1350305114,383,3018,,,,,,,,,,0.000,668.407,Pageable,Device,NVIDIA L40S (0),1,,7,[CUDA memcpy Host-to-Device]
1350307162,43552,3019,8192,1,1,128,1,1,48,0.000,0.000,,,,,NVIDIA L40S (0),1,,7,"pcg_cuda::<unnamed>::expand_kernel(const pcg_cuda::DpfBlk *, const pcg_cuda::DpfBlk *, const pcg_cuda::DpfBlk *, const pcg_cuda::DpfBlk *, pcg_cuda::DpfBlk *, int, int, int, int, unsigned long, unsigned long)"
1350351482,1759,3021,,,,,,,,,,0.000,145.537,Device,Device,NVIDIA L40S (0),1,,7,[CUDA memcpy Device-to-Device]
1350354009,49857,3022,16384,1,1,128,1,1,45,0.000,0.002,,,,,NVIDIA L40S (0),1,,7,"pcg_cuda::<unnamed>::hash_kernel_chacha8(const pcg_cuda::DpfBlk *, pcg_cuda::DpfBlk *, pcg_cuda::DpfBlk *, int, int, int, unsigned long, unsigned long)"
1350408890,896,3024,,,,,,,,,,0.000,285.714,Device,Pageable,NVIDIA L40S (0),1,,7,[CUDA memcpy Device-to-Host]
1350417273,417,3025,,,,,,,,,,0.000,613.909,Pageable,Device,NVIDIA L40S (0),1,,7,[CUDA memcpy Host-to-Device]
1350419290,138367,3026,16384,1,1,128,1,1,48,0.000,0.000,,,,,NVIDIA L40S (0),1,,7,"pcg_cuda::<unnamed>::expand_kernel(const pcg_cuda::DpfBlk *, const pcg_cuda::DpfBlk *, const pcg_cuda::DpfBlk *, const pcg_cuda::DpfBlk *, pcg_cuda::DpfBlk *, int, int, int, int, unsigned long, unsigned long)"
1350558362,2208,3028,,,,,,,,,,0.000,115.942,Device,Device,NVIDIA L40S (0),1,,7,[CUDA memcpy Device-to-Device]
1350561305,198496,3029,32768,1,1,128,1,1,45,0.000,0.002,,,,,NVIDIA L40S (0),1,,7,"pcg_cuda::<unnamed>::hash_kernel_chacha8(const pcg_cuda::DpfBlk *, pcg_cuda::DpfBlk *, pcg_cuda::DpfBlk *, int, int, int, unsigned long, unsigned long)"
1350766266,896,3031,,,,,,,,,,0.000,285.714,Device,Pageable,NVIDIA L40S (0),1,,7,[CUDA memcpy Device-to-Host]
1350774585,385,3032,,,,,,,,,,0.000,664.935,Pageable,Device,NVIDIA L40S (0),1,,7,[CUDA memcpy Host-to-Device]
1350776730,380160,3033,32768,1,1,128,1,1,48,0.000,0.000,,,,,NVIDIA L40S (0),1,,7,"pcg_cuda::<unnamed>::expand_kernel(const pcg_cuda::DpfBlk *, const pcg_cuda::DpfBlk *, const pcg_cuda::DpfBlk *, const pcg_cuda::DpfBlk *, pcg_cuda::DpfBlk *, int, int, int, int, unsigned long, unsigned long)"
1351157626,1952,3035,,,,,,,,,,0.000,131.148,Device,Device,NVIDIA L40S (0),1,,7,[CUDA memcpy Device-to-Device]
1351160282,391328,3036,65536,1,1,128,1,1,45,0.000,0.002,,,,,NVIDIA L40S (0),1,,7,"pcg_cuda::<unnamed>::hash_kernel_chacha8(const pcg_cuda::DpfBlk *, pcg_cuda::DpfBlk *, pcg_cuda::DpfBlk *, int, int, int, unsigned long, unsigned long)"
1351553722,1088,3038,,,,,,,,,,0.000,235.294,Device,Pageable,NVIDIA L40S (0),1,,7,[CUDA memcpy Device-to-Host]
1351562458,384,3039,,,,,,,,,,0.000,666.666,Pageable,Device,NVIDIA L40S (0),1,,7,[CUDA memcpy Host-to-Device]
1351564442,784128,3040,65536,1,1,128,1,1,48,0.000,0.000,,,,,NVIDIA L40S (0),1,,7,"pcg_cuda::<unnamed>::expand_kernel(const pcg_cuda::DpfBlk *, const pcg_cuda::DpfBlk *, const pcg_cuda::DpfBlk *, const pcg_cuda::DpfBlk *, pcg_cuda::DpfBlk *, int, int, int, int, unsigned long, unsigned long)"
1352349242,2208,3042,,,,,,,,,,0.000,115.942,Device,Device,NVIDIA L40S (0),1,,7,[CUDA memcpy Device-to-Device]
1352352186,791328,3043,131072,1,1,128,1,1,45,0.000,0.002,,,,,NVIDIA L40S (0),1,,7,"pcg_cuda::<unnamed>::hash_kernel_chacha8(const pcg_cuda::DpfBlk *, pcg_cuda::DpfBlk *, pcg_cuda::DpfBlk *, int, int, int, unsigned long, unsigned long)"
1353151162,1024,3045,,,,,,,,,,0.000,250.000,Device,Pageable,NVIDIA L40S (0),1,,7,[CUDA memcpy Device-to-Host]
1353159898,416,3046,,,,,,,,,,0.000,615.385,Pageable,Device,NVIDIA L40S (0),1,,7,[CUDA memcpy Host-to-Device]
1353161882,1593729,3047,131072,1,1,128,1,1,48,0.000,0.000,,,,,NVIDIA L40S (0),1,,7,"pcg_cuda::<unnamed>::expand_kernel(const pcg_cuda::DpfBlk *, const pcg_cuda::DpfBlk *, const pcg_cuda::DpfBlk *, const pcg_cuda::DpfBlk *, pcg_cuda::DpfBlk *, int, int, int, int, unsigned long, unsigned long)"
1354756283,814912,3049,1024,16,1,256,1,1,34,0.000,0.004,,,,,NVIDIA L40S (0),1,,7,"pcg_cuda::<unnamed>::out_sum_kernel(const pcg_cuda::DpfBlk *, unsigned long *, unsigned long, unsigned long, int)"
1355571962,3457,3051,16,1,1,256,1,1,22,0.000,0.004,,,,,NVIDIA L40S (0),1,,7,"pcg_cuda::<unnamed>::out_fold_kernel(const unsigned long *, unsigned long *, int, int, unsigned long)"
1355583163,896,3053,,,,,,,,,,0.000,285.714,Device,Pageable,NVIDIA L40S (0),1,,7,[CUDA memcpy Device-to-Host]
1355591835,384,3054,,,,,,,,,,0.000,333.333,Pageable,Device,NVIDIA L40S (0),1,,7,[CUDA memcpy Host-to-Device]
1355595098,12289,3055,,,,,,,,,,33.554,2730424.795,Device,,NVIDIA L40S (0),1,,7,[CUDA memset]
1355608155,1124800,3056,1024,16,1,256,1,1,38,0.000,0.000,,,,,NVIDIA L40S (0),1,,7,"pcg_cuda::<unnamed>::out_scatter_kernel(const pcg_cuda::DpfBlk *, const unsigned long *, unsigned long *, unsigned long, int, int, unsigned long, int)"
1356741307,1594368,3058,,,,,,,,,,33.554,21038.629,Device,Pageable,NVIDIA L40S (0),1,,7,[CUDA memcpy Device-to-Host]
1358399963,2336,3059,,,,,,,,,,0.000,109.589,Pageable,Device,NVIDIA L40S (0),1,,7,[CUDA memcpy Host-to-Device]
1358408123,608,3060,,,,,,,,,,0.005,8842.101,Pageable,Device,NVIDIA L40S (0),1,,7,[CUDA memcpy Host-to-Device]
1358412347,1280,3061,,,,,,,,,,0.000,200.000,Device,Device,NVIDIA L40S (0),1,,7,[CUDA memcpy Device-to-Device]
1358418043,2016,3062,1,1,1,128,1,1,45,0.000,0.002,,,,,NVIDIA L40S (0),1,,7,"pcg_cuda::<unnamed>::hash_kernel_chacha8(const pcg_cuda::DpfBlk *, pcg_cuda::DpfBlk *, pcg_cuda::DpfBlk *, int, int, int, unsigned long, unsigned long)"
1358421467,1472,3064,,,,,,,,,,0.000,173.913,Device,Pageable,NVIDIA L40S (0),1,,7,[CUDA memcpy Device-to-Host]
1358430363,384,3065,,,,,,,,,,0.000,666.666,Pageable,Device,NVIDIA L40S (0),1,,7,[CUDA memcpy Host-to-Device]
1358432859,1696,3066,1,1,1,128,1,1,48,0.000,0.000,,,,,NVIDIA L40S (0),1,,7,"pcg_cuda::<unnamed>::expand_kernel(const pcg_cuda::DpfBlk *, const pcg_cuda::DpfBlk *, const pcg_cuda::DpfBlk *, const pcg_cuda::DpfBlk *, pcg_cuda::DpfBlk *, int, int, int, int, unsigned long, unsigned long)"
1358436795,1024,3068,,,,,,,,,,0.000,250.000,Device,Device,NVIDIA L40S (0),1,,7,[CUDA memcpy Device-to-Device]
1358438971,1600,3069,1,1,1,128,1,1,45,0.000,0.002,,,,,NVIDIA L40S (0),1,,7,"pcg_cuda::<unnamed>::hash_kernel_chacha8(const pcg_cuda::DpfBlk *, pcg_cuda::DpfBlk *, pcg_cuda::DpfBlk *, int, int, int, unsigned long, unsigned long)"
1358442011,896,3071,,,,,,,,,,0.000,285.714,Device,Pageable,NVIDIA L40S (0),1,,7,[CUDA memcpy Device-to-Host]
1358450395,384,3072,,,,,,,,,,0.000,666.666,Pageable,Device,NVIDIA L40S (0),1,,7,[CUDA memcpy Host-to-Device]
1358452763,1536,3073,1,1,1,128,1,1,48,0.000,0.000,,,,,NVIDIA L40S (0),1,,7,"pcg_cuda::<unnamed>::expand_kernel(const pcg_cuda::DpfBlk *, const pcg_cuda::DpfBlk *, const pcg_cuda::DpfBlk *, const pcg_cuda::DpfBlk *, pcg_cuda::DpfBlk *, int, int, int, int, unsigned long, unsigned long)"
1358456315,1024,3075,,,,,,,,,,0.000,250.000,Device,Device,NVIDIA L40S (0),1,,7,[CUDA memcpy Device-to-Device]
1358458587,1568,3076,1,1,1,128,1,1,45,0.000,0.002,,,,,NVIDIA L40S (0),1,,7,"pcg_cuda::<unnamed>::hash_kernel_chacha8(const pcg_cuda::DpfBlk *, pcg_cuda::DpfBlk *, pcg_cuda::DpfBlk *, int, int, int, unsigned long, unsigned long)"
1358461051,896,3078,,,,,,,,,,0.000,285.714,Device,Pageable,NVIDIA L40S (0),1,,7,[CUDA memcpy Device-to-Host]
1358469051,416,3079,,,,,,,,,,0.000,615.385,Pageable,Device,NVIDIA L40S (0),1,,7,[CUDA memcpy Host-to-Device]
1358471483,1504,3080,1,1,1,128,1,1,48,0.000,0.000,,,,,NVIDIA L40S (0),1,,7,"pcg_cuda::<unnamed>::expand_kernel(const pcg_cuda::DpfBlk *, const pcg_cuda::DpfBlk *, const pcg_cuda::DpfBlk *, const pcg_cuda::DpfBlk *, pcg_cuda::DpfBlk *, int, int, int, int, unsigned long, unsigned long)"
1358475259,1024,3082,,,,,,,,,,0.000,250.000,Device,Device,NVIDIA L40S (0),1,,7,[CUDA memcpy Device-to-Device]
1358477339,1664,3083,1,1,1,128,1,1,45,0.000,0.002,,,,,NVIDIA L40S (0),1,,7,"pcg_cuda::<unnamed>::hash_kernel_chacha8(const pcg_cuda::DpfBlk *, pcg_cuda::DpfBlk *, pcg_cuda::DpfBlk *, int, int, int, unsigned long, unsigned long)"
1358480155,896,3085,,,,,,,,,,0.000,285.714,Device,Pageable,NVIDIA L40S (0),1,,7,[CUDA memcpy Device-to-Host]
1358488475,384,3086,,,,,,,,,,0.000,666.666,Pageable,Device,NVIDIA L40S (0),1,,7,[CUDA memcpy Host-to-Device]
1358490939,1504,3087,1,1,1,128,1,1,48,0.000,0.000,,,,,NVIDIA L40S (0),1,,7,"pcg_cuda::<unnamed>::expand_kernel(const pcg_cuda::DpfBlk *, const pcg_cuda::DpfBlk *, const pcg_cuda::DpfBlk *, const pcg_cuda::DpfBlk *, pcg_cuda::DpfBlk *, int, int, int, int, unsigned long, unsigned long)"
1358494747,1024,3089,,,,,,,,,,0.000,250.000,Device,Device,NVIDIA L40S (0),1,,7,[CUDA memcpy Device-to-Device]
1358496891,1824,3090,2,1,1,128,1,1,45,0.000,0.002,,,,,NVIDIA L40S (0),1,,7,"pcg_cuda::<unnamed>::hash_kernel_chacha8(const pcg_cuda::DpfBlk *, pcg_cuda::DpfBlk *, pcg_cuda::DpfBlk *, int, int, int, unsigned long, unsigned long)"
1358499291,896,3092,,,,,,,,,,0.000,285.714,Device,Pageable,NVIDIA L40S (0),1,,7,[CUDA memcpy Device-to-Host]
1358507483,384,3093,,,,,,,,,,0.000,666.666,Pageable,Device,NVIDIA L40S (0),1,,7,[CUDA memcpy Host-to-Device]
1358509883,1536,3094,2,1,1,128,1,1,48,0.000,0.000,,,,,NVIDIA L40S (0),1,,7,"pcg_cuda::<unnamed>::expand_kernel(const pcg_cuda::DpfBlk *, const pcg_cuda::DpfBlk *, const pcg_cuda::DpfBlk *, const pcg_cuda::DpfBlk *, pcg_cuda::DpfBlk *, int, int, int, int, unsigned long, unsigned long)"
1358513339,1056,3096,,,,,,,,,,0.000,242.424,Device,Device,NVIDIA L40S (0),1,,7,[CUDA memcpy Device-to-Device]
1358515547,2144,3097,4,1,1,128,1,1,45,0.000,0.002,,,,,NVIDIA L40S (0),1,,7,"pcg_cuda::<unnamed>::hash_kernel_chacha8(const pcg_cuda::DpfBlk *, pcg_cuda::DpfBlk *, pcg_cuda::DpfBlk *, int, int, int, unsigned long, unsigned long)"
1358518011,864,3099,,,,,,,,,,0.000,296.296,Device,Pageable,NVIDIA L40S (0),1,,7,[CUDA memcpy Device-to-Host]
1358526171,384,3100,,,,,,,,,,0.000,666.666,Pageable,Device,NVIDIA L40S (0),1,,7,[CUDA memcpy Host-to-Device]
1358528539,1568,3101,4,1,1,128,1,1,48,0.000,0.000,,,,,NVIDIA L40S (0),1,,7,"pcg_cuda::<unnamed>::expand_kernel(const pcg_cuda::DpfBlk *, const pcg_cuda::DpfBlk *, const pcg_cuda::DpfBlk *, const pcg_cuda::DpfBlk *, pcg_cuda::DpfBlk *, int, int, int, int, unsigned long, unsigned long)"
1358531963,1024,3103,,,,,,,,,,0.000,250.000,Device,Device,NVIDIA L40S (0),1,,7,[CUDA memcpy Device-to-Device]
1358534107,2816,3104,8,1,1,128,1,1,45,0.000,0.002,,,,,NVIDIA L40S (0),1,,7,"pcg_cuda::<unnamed>::hash_kernel_chacha8(const pcg_cuda::DpfBlk *, pcg_cuda::DpfBlk *, pcg_cuda::DpfBlk *, int, int, int, unsigned long, unsigned long)"
1358545595,896,3106,,,,,,,,,,0.000,285.714,Device,Pageable,NVIDIA L40S (0),1,,7,[CUDA memcpy Device-to-Host]
1358553723,416,3107,,,,,,,,,,0.000,615.385,Pageable,Device,NVIDIA L40S (0),1,,7,[CUDA memcpy Host-to-Device]
1358556027,1600,3108,8,1,1,128,1,1,48,0.000,0.000,,,,,NVIDIA L40S (0),1,,7,"pcg_cuda::<unnamed>::expand_kernel(const pcg_cuda::DpfBlk *, const pcg_cuda::DpfBlk *, const pcg_cuda::DpfBlk *, const pcg_cuda::DpfBlk *, pcg_cuda::DpfBlk *, int, int, int, int, unsigned long, unsigned long)"
1358559547,1024,3110,,,,,,,,,,0.000,250.000,Device,Device,NVIDIA L40S (0),1,,7,[CUDA memcpy Device-to-Device]
1358561787,2016,3111,16,1,1,128,1,1,45,0.000,0.002,,,,,NVIDIA L40S (0),1,,7,"pcg_cuda::<unnamed>::hash_kernel_chacha8(const pcg_cuda::DpfBlk *, pcg_cuda::DpfBlk *, pcg_cuda::DpfBlk *, int, int, int, unsigned long, unsigned long)"
1358564379,864,3113,,,,,,,,,,0.000,296.296,Device,Pageable,NVIDIA L40S (0),1,,7,[CUDA memcpy Device-to-Host]
1358572539,384,3114,,,,,,,,,,0.000,666.666,Pageable,Device,NVIDIA L40S (0),1,,7,[CUDA memcpy Host-to-Device]
1358575035,1600,3115,16,1,1,128,1,1,48,0.000,0.000,,,,,NVIDIA L40S (0),1,,7,"pcg_cuda::<unnamed>::expand_kernel(const pcg_cuda::DpfBlk *, const pcg_cuda::DpfBlk *, const pcg_cuda::DpfBlk *, const pcg_cuda::DpfBlk *, pcg_cuda::DpfBlk *, int, int, int, int, unsigned long, unsigned long)"
1358578779,1056,3117,,,,,,,,,,0.000,242.424,Device,Device,NVIDIA L40S (0),1,,7,[CUDA memcpy Device-to-Device]
1358581083,2016,3118,32,1,1,128,1,1,45,0.000,0.002,,,,,NVIDIA L40S (0),1,,7,"pcg_cuda::<unnamed>::hash_kernel_chacha8(const pcg_cuda::DpfBlk *, pcg_cuda::DpfBlk *, pcg_cuda::DpfBlk *, int, int, int, unsigned long, unsigned long)"
1358583739,864,3120,,,,,,,,,,0.000,296.296,Device,Pageable,NVIDIA L40S (0),1,,7,[CUDA memcpy Device-to-Host]
1358591963,384,3121,,,,,,,,,,0.000,666.666,Pageable,Device,NVIDIA L40S (0),1,,7,[CUDA memcpy Host-to-Device]
1358594331,1632,3122,32,1,1,128,1,1,48,0.000,0.000,,,,,NVIDIA L40S (0),1,,7,"pcg_cuda::<unnamed>::expand_kernel(const pcg_cuda::DpfBlk *, const pcg_cuda::DpfBlk *, const pcg_cuda::DpfBlk *, const pcg_cuda::DpfBlk *, pcg_cuda::DpfBlk *, int, int, int, int, unsigned long, unsigned long)"
1358597947,1056,3124,,,,,,,,,,0.000,242.424,Device,Device,NVIDIA L40S (0),1,,7,[CUDA memcpy Device-to-Device]
1358600123,2048,3125,64,1,1,128,1,1,45,0.000,0.002,,,,,NVIDIA L40S (0),1,,7,"pcg_cuda::<unnamed>::hash_kernel_chacha8(const pcg_cuda::DpfBlk *, pcg_cuda::DpfBlk *, pcg_cuda::DpfBlk *, int, int, int, unsigned long, unsigned long)"
1358602587,864,3127,,,,,,,,,,0.000,296.296,Device,Pageable,NVIDIA L40S (0),1,,7,[CUDA memcpy Device-to-Host]
1358610587,416,3128,,,,,,,,,,0.000,615.385,Pageable,Device,NVIDIA L40S (0),1,,7,[CUDA memcpy Host-to-Device]
1358613179,1632,3129,64,1,1,128,1,1,48,0.000,0.000,,,,,NVIDIA L40S (0),1,,7,"pcg_cuda::<unnamed>::expand_kernel(const pcg_cuda::DpfBlk *, const pcg_cuda::DpfBlk *, const pcg_cuda::DpfBlk *, const pcg_cuda::DpfBlk *, pcg_cuda::DpfBlk *, int, int, int, int, unsigned long, unsigned long)"
1358617883,1056,3131,,,,,,,,,,0.000,242.424,Device,Device,NVIDIA L40S (0),1,,7,[CUDA memcpy Device-to-Device]
1358620507,2112,3132,128,1,1,128,1,1,45,0.000,0.002,,,,,NVIDIA L40S (0),1,,7,"pcg_cuda::<unnamed>::hash_kernel_chacha8(const pcg_cuda::DpfBlk *, pcg_cuda::DpfBlk *, pcg_cuda::DpfBlk *, int, int, int, unsigned long, unsigned long)"
1358622875,896,3134,,,,,,,,,,0.000,285.714,Device,Pageable,NVIDIA L40S (0),1,,7,[CUDA memcpy Device-to-Host]
1358631035,384,3135,,,,,,,,,,0.000,666.666,Pageable,Device,NVIDIA L40S (0),1,,7,[CUDA memcpy Host-to-Device]
1358633435,1824,3136,128,1,1,128,1,1,48,0.000,0.000,,,,,NVIDIA L40S (0),1,,7,"pcg_cuda::<unnamed>::expand_kernel(const pcg_cuda::DpfBlk *, const pcg_cuda::DpfBlk *, const pcg_cuda::DpfBlk *, const pcg_cuda::DpfBlk *, pcg_cuda::DpfBlk *, int, int, int, int, unsigned long, unsigned long)"
1358637051,1056,3138,,,,,,,,,,0.000,242.424,Device,Device,NVIDIA L40S (0),1,,7,[CUDA memcpy Device-to-Device]
1358639227,2496,3139,256,1,1,128,1,1,45,0.000,0.002,,,,,NVIDIA L40S (0),1,,7,"pcg_cuda::<unnamed>::hash_kernel_chacha8(const pcg_cuda::DpfBlk *, pcg_cuda::DpfBlk *, pcg_cuda::DpfBlk *, int, int, int, unsigned long, unsigned long)"
1358642107,864,3141,,,,,,,,,,0.000,296.296,Device,Pageable,NVIDIA L40S (0),1,,7,[CUDA memcpy Device-to-Host]
1358650363,384,3142,,,,,,,,,,0.000,666.666,Pageable,Device,NVIDIA L40S (0),1,,7,[CUDA memcpy Host-to-Device]
1358652731,2432,3143,256,1,1,128,1,1,48,0.000,0.000,,,,,NVIDIA L40S (0),1,,7,"pcg_cuda::<unnamed>::expand_kernel(const pcg_cuda::DpfBlk *, const pcg_cuda::DpfBlk *, const pcg_cuda::DpfBlk *, const pcg_cuda::DpfBlk *, pcg_cuda::DpfBlk *, int, int, int, int, unsigned long, unsigned long)"
1358656251,1056,3145,,,,,,,,,,0.000,242.424,Device,Device,NVIDIA L40S (0),1,,7,[CUDA memcpy Device-to-Device]
1358658459,3104,3146,512,1,1,128,1,1,45,0.000,0.002,,,,,NVIDIA L40S (0),1,,7,"pcg_cuda::<unnamed>::hash_kernel_chacha8(const pcg_cuda::DpfBlk *, pcg_cuda::DpfBlk *, pcg_cuda::DpfBlk *, int, int, int, unsigned long, unsigned long)"
1358669499,896,3148,,,,,,,,,,0.000,285.714,Device,Pageable,NVIDIA L40S (0),1,,7,[CUDA memcpy Device-to-Host]
1358677755,384,3149,,,,,,,,,,0.000,666.666,Pageable,Device,NVIDIA L40S (0),1,,7,[CUDA memcpy Host-to-Device]
1358680347,3328,3150,512,1,1,128,1,1,48,0.000,0.000,,,,,NVIDIA L40S (0),1,,7,"pcg_cuda::<unnamed>::expand_kernel(const pcg_cuda::DpfBlk *, const pcg_cuda::DpfBlk *, const pcg_cuda::DpfBlk *, const pcg_cuda::DpfBlk *, pcg_cuda::DpfBlk *, int, int, int, int, unsigned long, unsigned long)"
1358684475,1024,3152,,,,,,,,,,0.000,250.000,Device,Device,NVIDIA L40S (0),1,,7,[CUDA memcpy Device-to-Device]
1358686299,4960,3153,1024,1,1,128,1,1,45,0.000,0.002,,,,,NVIDIA L40S (0),1,,7,"pcg_cuda::<unnamed>::hash_kernel_chacha8(const pcg_cuda::DpfBlk *, pcg_cuda::DpfBlk *, pcg_cuda::DpfBlk *, int, int, int, unsigned long, unsigned long)"
1358697147,896,3155,,,,,,,,,,0.000,285.714,Device,Pageable,NVIDIA L40S (0),1,,7,[CUDA memcpy Device-to-Host]
1358705275,384,3156,,,,,,,,,,0.000,666.666,Pageable,Device,NVIDIA L40S (0),1,,7,[CUDA memcpy Host-to-Device]
1358707835,6848,3157,1024,1,1,128,1,1,48,0.000,0.000,,,,,NVIDIA L40S (0),1,,7,"pcg_cuda::<unnamed>::expand_kernel(const pcg_cuda::DpfBlk *, const pcg_cuda::DpfBlk *, const pcg_cuda::DpfBlk *, const pcg_cuda::DpfBlk *, pcg_cuda::DpfBlk *, int, int, int, int, unsigned long, unsigned long)"
1358715387,1056,3159,,,,,,,,,,0.000,242.424,Device,Device,NVIDIA L40S (0),1,,7,[CUDA memcpy Device-to-Device]
1358717147,7776,3160,2048,1,1,128,1,1,45,0.000,0.002,,,,,NVIDIA L40S (0),1,,7,"pcg_cuda::<unnamed>::hash_kernel_chacha8(const pcg_cuda::DpfBlk *, pcg_cuda::DpfBlk *, pcg_cuda::DpfBlk *, int, int, int, unsigned long, unsigned long)"
1358732987,896,3162,,,,,,,,,,0.000,285.714,Device,Pageable,NVIDIA L40S (0),1,,7,[CUDA memcpy Device-to-Host]
1358741211,384,3163,,,,,,,,,,0.000,666.666,Pageable,Device,NVIDIA L40S (0),1,,7,[CUDA memcpy Host-to-Device]
1358743579,11584,3164,2048,1,1,128,1,1,48,0.000,0.000,,,,,NVIDIA L40S (0),1,,7,"pcg_cuda::<unnamed>::expand_kernel(const pcg_cuda::DpfBlk *, const pcg_cuda::DpfBlk *, const pcg_cuda::DpfBlk *, const pcg_cuda::DpfBlk *, pcg_cuda::DpfBlk *, int, int, int, int, unsigned long, unsigned long)"
1358755899,1056,3166,,,,,,,,,,0.000,242.424,Device,Device,NVIDIA L40S (0),1,,7,[CUDA memcpy Device-to-Device]
1358757627,13344,3167,4096,1,1,128,1,1,45,0.000,0.002,,,,,NVIDIA L40S (0),1,,7,"pcg_cuda::<unnamed>::hash_kernel_chacha8(const pcg_cuda::DpfBlk *, pcg_cuda::DpfBlk *, pcg_cuda::DpfBlk *, int, int, int, unsigned long, unsigned long)"
1358777019,896,3169,,,,,,,,,,0.000,285.714,Device,Pageable,NVIDIA L40S (0),1,,7,[CUDA memcpy Device-to-Host]
1358785083,384,3170,,,,,,,,,,0.000,666.666,Pageable,Device,NVIDIA L40S (0),1,,7,[CUDA memcpy Host-to-Device]
1358787611,21824,3171,4096,1,1,128,1,1,48,0.000,0.000,,,,,NVIDIA L40S (0),1,,7,"pcg_cuda::<unnamed>::expand_kernel(const pcg_cuda::DpfBlk *, const pcg_cuda::DpfBlk *, const pcg_cuda::DpfBlk *, const pcg_cuda::DpfBlk *, pcg_cuda::DpfBlk *, int, int, int, int, unsigned long, unsigned long)"
1358810139,1056,3173,,,,,,,,,,0.000,242.424,Device,Device,NVIDIA L40S (0),1,,7,[CUDA memcpy Device-to-Device]
1358811899,24800,3174,8192,1,1,128,1,1,45,0.000,0.002,,,,,NVIDIA L40S (0),1,,7,"pcg_cuda::<unnamed>::hash_kernel_chacha8(const pcg_cuda::DpfBlk *, pcg_cuda::DpfBlk *, pcg_cuda::DpfBlk *, int, int, int, unsigned long, unsigned long)"
1358837851,896,3176,,,,,,,,,,0.000,285.714,Device,Pageable,NVIDIA L40S (0),1,,7,[CUDA memcpy Device-to-Host]
1358846171,384,3177,,,,,,,,,,0.000,666.666,Pageable,Device,NVIDIA L40S (0),1,,7,[CUDA memcpy Host-to-Device]
1358848475,43040,3178,8192,1,1,128,1,1,48,0.000,0.000,,,,,NVIDIA L40S (0),1,,7,"pcg_cuda::<unnamed>::expand_kernel(const pcg_cuda::DpfBlk *, const pcg_cuda::DpfBlk *, const pcg_cuda::DpfBlk *, const pcg_cuda::DpfBlk *, pcg_cuda::DpfBlk *, int, int, int, int, unsigned long, unsigned long)"
1358892155,1792,3180,,,,,,,,,,0.000,142.857,Device,Device,NVIDIA L40S (0),1,,7,[CUDA memcpy Device-to-Device]
1358894651,49792,3181,16384,1,1,128,1,1,45,0.000,0.002,,,,,NVIDIA L40S (0),1,,7,"pcg_cuda::<unnamed>::hash_kernel_chacha8(const pcg_cuda::DpfBlk *, pcg_cuda::DpfBlk *, pcg_cuda::DpfBlk *, int, int, int, unsigned long, unsigned long)"
1358949051,896,3183,,,,,,,,,,0.000,285.714,Device,Pageable,NVIDIA L40S (0),1,,7,[CUDA memcpy Device-to-Host]
1358957659,416,3184,,,,,,,,,,0.000,615.385,Pageable,Device,NVIDIA L40S (0),1,,7,[CUDA memcpy Host-to-Device]
1358959899,135872,3185,16384,1,1,128,1,1,48,0.000,0.000,,,,,NVIDIA L40S (0),1,,7,"pcg_cuda::<unnamed>::expand_kernel(const pcg_cuda::DpfBlk *, const pcg_cuda::DpfBlk *, const pcg_cuda::DpfBlk *, const pcg_cuda::DpfBlk *, pcg_cuda::DpfBlk *, int, int, int, int, unsigned long, unsigned long)"
1359096539,2048,3187,,,,,,,,,,0.000,125.000,Device,Device,NVIDIA L40S (0),1,,7,[CUDA memcpy Device-to-Device]
1359099387,199713,3188,32768,1,1,128,1,1,45,0.000,0.002,,,,,NVIDIA L40S (0),1,,7,"pcg_cuda::<unnamed>::hash_kernel_chacha8(const pcg_cuda::DpfBlk *, pcg_cuda::DpfBlk *, pcg_cuda::DpfBlk *, int, int, int, unsigned long, unsigned long)"
1359299900,863,3190,,,,,,,,,,0.000,296.639,Device,Pageable,NVIDIA L40S (0),1,,7,[CUDA memcpy Device-to-Host]
1359308155,417,3191,,,,,,,,,,0.000,613.909,Pageable,Device,NVIDIA L40S (0),1,,7,[CUDA memcpy Host-to-Device]
1359310332,378783,3192,32768,1,1,128,1,1,48,0.000,0.000,,,,,NVIDIA L40S (0),1,,7,"pcg_cuda::<unnamed>::expand_kernel(const pcg_cuda::DpfBlk *, const pcg_cuda::DpfBlk *, const pcg_cuda::DpfBlk *, const pcg_cuda::DpfBlk *, pcg_cuda::DpfBlk *, int, int, int, int, unsigned long, unsigned long)"
1359689883,2625,3194,,,,,,,,,,0.000,97.524,Device,Device,NVIDIA L40S (0),1,,7,[CUDA memcpy Device-to-Device]
1359693275,387808,3195,65536,1,1,128,1,1,45,0.000,0.002,,,,,NVIDIA L40S (0),1,,7,"pcg_cuda::<unnamed>::hash_kernel_chacha8(const pcg_cuda::DpfBlk *, pcg_cuda::DpfBlk *, pcg_cuda::DpfBlk *, int, int, int, unsigned long, unsigned long)"
1360084348,1024,3197,,,,,,,,,,0.000,250.000,Device,Pageable,NVIDIA L40S (0),1,,7,[CUDA memcpy Device-to-Host]
1360092860,384,3198,,,,,,,,,,0.000,666.666,Pageable,Device,NVIDIA L40S (0),1,,7,[CUDA memcpy Host-to-Device]
1360094940,790560,3199,65536,1,1,128,1,1,48,0.000,0.000,,,,,NVIDIA L40S (0),1,,7,"pcg_cuda::<unnamed>::expand_kernel(const pcg_cuda::DpfBlk *, const pcg_cuda::DpfBlk *, const pcg_cuda::DpfBlk *, const pcg_cuda::DpfBlk *, pcg_cuda::DpfBlk *, int, int, int, int, unsigned long, unsigned long)"
1360886268,1664,3201,,,,,,,,,,0.000,153.846,Device,Device,NVIDIA L40S (0),1,,7,[CUDA memcpy Device-to-Device]
1360888636,786144,3202,131072,1,1,128,1,1,45,0.000,0.002,,,,,NVIDIA L40S (0),1,,7,"pcg_cuda::<unnamed>::hash_kernel_chacha8(const pcg_cuda::DpfBlk *, pcg_cuda::DpfBlk *, pcg_cuda::DpfBlk *, int, int, int, unsigned long, unsigned long)"
1361676668,1024,3204,,,,,,,,,,0.000,250.000,Device,Pageable,NVIDIA L40S (0),1,,7,[CUDA memcpy Device-to-Host]
1361685340,416,3205,,,,,,,,,,0.000,615.385,Pageable,Device,NVIDIA L40S (0),1,,7,[CUDA memcpy Host-to-Device]
1361687388,1599456,3206,131072,1,1,128,1,1,48,0.000,0.000,,,,,NVIDIA L40S (0),1,,7,"pcg_cuda::<unnamed>::expand_kernel(const pcg_cuda::DpfBlk *, const pcg_cuda::DpfBlk *, const pcg_cuda::DpfBlk *, const pcg_cuda::DpfBlk *, pcg_cuda::DpfBlk *, int, int, int, int, unsigned long, unsigned long)"
1363287580,814689,3208,1024,16,1,256,1,1,34,0.000,0.004,,,,,NVIDIA L40S (0),1,,7,"pcg_cuda::<unnamed>::out_sum_kernel(const pcg_cuda::DpfBlk *, unsigned long *, unsigned long, unsigned long, int)"
1364103004,3392,3210,16,1,1,256,1,1,22,0.000,0.004,,,,,NVIDIA L40S (0),1,,7,"pcg_cuda::<unnamed>::out_fold_kernel(const unsigned long *, unsigned long *, int, int, unsigned long)"
1364108989,1087,3212,,,,,,,,,,0.000,235.511,Device,Pageable,NVIDIA L40S (0),1,,7,[CUDA memcpy Device-to-Host]
1364117981,415,3213,,,,,,,,,,0.000,308.434,Pageable,Device,NVIDIA L40S (0),1,,7,[CUDA memcpy Host-to-Device]
1364121373,12255,3214,,,,,,,,,,33.554,2738008.097,Device,,NVIDIA L40S (0),1,,7,[CUDA memset]
1364134332,1125569,3215,1024,16,1,256,1,1,38,0.000,0.000,,,,,NVIDIA L40S (0),1,,7,"pcg_cuda::<unnamed>::out_scatter_kernel(const pcg_cuda::DpfBlk *, const unsigned long *, unsigned long *, unsigned long, int, int, unsigned long, int)"
1365262748,1596577,3217,,,,,,,,,,33.554,21005.074,Device,Pageable,NVIDIA L40S (0),1,,7,[CUDA memcpy Device-to-Host]
1366923101,2432,3218,,,,,,,,,,0.000,105.263,Pageable,Device,NVIDIA L40S (0),1,,7,[CUDA memcpy Host-to-Device]
1366931357,576,3219,,,,,,,,,,0.005,9333.333,Pageable,Device,NVIDIA L40S (0),1,,7,[CUDA memcpy Host-to-Device]
1366935485,1312,3220,,,,,,,,,,0.000,195.122,Device,Device,NVIDIA L40S (0),1,,7,[CUDA memcpy Device-to-Device]
1366939485,2048,3221,1,1,1,128,1,1,45,0.000,0.002,,,,,NVIDIA L40S (0),1,,7,"pcg_cuda::<unnamed>::hash_kernel_chacha8(const pcg_cuda::DpfBlk *, pcg_cuda::DpfBlk *, pcg_cuda::DpfBlk *, int, int, int, unsigned long, unsigned long)"
1366942461,1440,3223,,,,,,,,,,0.000,177.778,Device,Pageable,NVIDIA L40S (0),1,,7,[CUDA memcpy Device-to-Host]
1366951421,384,3224,,,,,,,,,,0.000,666.666,Pageable,Device,NVIDIA L40S (0),1,,7,[CUDA memcpy Host-to-Device]
1366954333,1728,3225,1,1,1,128,1,1,48,0.000,0.000,,,,,NVIDIA L40S (0),1,,7,"pcg_cuda::<unnamed>::expand_kernel(const pcg_cuda::DpfBlk *, const pcg_cuda::DpfBlk *, const pcg_cuda::DpfBlk *, const pcg_cuda::DpfBlk *, pcg_cuda::DpfBlk *, int, int, int, int, unsigned long, unsigned long)"
1366958173,1024,3227,,,,,,,,,,0.000,250.000,Device,Device,NVIDIA L40S (0),1,,7,[CUDA memcpy Device-to-Device]
1366960381,1568,3228,1,1,1,128,1,1,45,0.000,0.002,,,,,NVIDIA L40S (0),1,,7,"pcg_cuda::<unnamed>::hash_kernel_chacha8(const pcg_cuda::DpfBlk *, pcg_cuda::DpfBlk *, pcg_cuda::DpfBlk *, int, int, int, unsigned long, unsigned long)"
1366962877,896,3230,,,,,,,,,,0.000,285.714,Device,Pageable,NVIDIA L40S (0),1,,7,[CUDA memcpy Device-to-Host]
1366971005,384,3231,,,,,,,,,,0.000,666.666,Pageable,Device,NVIDIA L40S (0),1,,7,[CUDA memcpy Host-to-Device]
1366973309,1504,3232,1,1,1,128,1,1,48,0.000,0.000,,,,,NVIDIA L40S (0),1,,7,"pcg_cuda::<unnamed>::expand_kernel(const pcg_cuda::DpfBlk *, const pcg_cuda::DpfBlk *, const pcg_cuda::DpfBlk *, const pcg_cuda::DpfBlk *, pcg_cuda::DpfBlk *, int, int, int, int, unsigned long, unsigned long)"
1366976733,1024,3234,,,,,,,,,,0.000,250.000,Device,Device,NVIDIA L40S (0),1,,7,[CUDA memcpy Device-to-Device]
1366979293,1632,3235,1,1,1,128,1,1,45,0.000,0.002,,,,,NVIDIA L40S (0),1,,7,"pcg_cuda::<unnamed>::hash_kernel_chacha8(const pcg_cuda::DpfBlk *, pcg_cuda::DpfBlk *, pcg_cuda::DpfBlk *, int, int, int, unsigned long, unsigned long)"
1366981597,896,3237,,,,,,,,,,0.000,285.714,Device,Pageable,NVIDIA L40S (0),1,,7,[CUDA memcpy Device-to-Host]
1366989757,384,3238,,,,,,,,,,0.000,666.666,Pageable,Device,NVIDIA L40S (0),1,,7,[CUDA memcpy Host-to-Device]
1366992157,1472,3239,1,1,1,128,1,1,48,0.000,0.000,,,,,NVIDIA L40S (0),1,,7,"pcg_cuda::<unnamed>::expand_kernel(const pcg_cuda::DpfBlk *, const pcg_cuda::DpfBlk *, const pcg_cuda::DpfBlk *, const pcg_cuda::DpfBlk *, pcg_cuda::DpfBlk *, int, int, int, int, unsigned long, unsigned long)"
1366995389,1024,3241,,,,,,,,,,0.000,250.000,Device,Device,NVIDIA L40S (0),1,,7,[CUDA memcpy Device-to-Device]
1366998397,1664,3242,1,1,1,128,1,1,45,0.000,0.002,,,,,NVIDIA L40S (0),1,,7,"pcg_cuda::<unnamed>::hash_kernel_chacha8(const pcg_cuda::DpfBlk *, pcg_cuda::DpfBlk *, pcg_cuda::DpfBlk *, int, int, int, unsigned long, unsigned long)"
1367000349,864,3244,,,,,,,,,,0.000,296.296,Device,Pageable,NVIDIA L40S (0),1,,7,[CUDA memcpy Device-to-Host]
1367008317,384,3245,,,,,,,,,,0.000,666.666,Pageable,Device,NVIDIA L40S (0),1,,7,[CUDA memcpy Host-to-Device]
1367010557,1504,3246,1,1,1,128,1,1,48,0.000,0.000,,,,,NVIDIA L40S (0),1,,7,"pcg_cuda::<unnamed>::expand_kernel(const pcg_cuda::DpfBlk *, const pcg_cuda::DpfBlk *, const pcg_cuda::DpfBlk *, const pcg_cuda::DpfBlk *, pcg_cuda::DpfBlk *, int, int, int, int, unsigned long, unsigned long)"
1367014397,1056,3248,,,,,,,,,,0.000,242.424,Device,Device,NVIDIA L40S (0),1,,7,[CUDA memcpy Device-to-Device]
1367016893,1824,3249,2,1,1,128,1,1,45,0.000,0.002,,,,,NVIDIA L40S (0),1,,7,"pcg_cuda::<unnamed>::hash_kernel_chacha8(const pcg_cuda::DpfBlk *, pcg_cuda::DpfBlk *, pcg_cuda::DpfBlk *, int, int, int, unsigned long, unsigned long)"
1367019325,896,3251,,,,,,,,,,0.000,285.714,Device,Pageable,NVIDIA L40S (0),1,,7,[CUDA memcpy Device-to-Host]
1367027645,416,3252,,,,,,,,,,0.000,615.385,Pageable,Device,NVIDIA L40S (0),1,,7,[CUDA memcpy Host-to-Device]
1367029949,1536,3253,2,1,1,128,1,1,48,0.000,0.000,,,,,NVIDIA L40S (0),1,,7,"pcg_cuda::<unnamed>::expand_kernel(const pcg_cuda::DpfBlk *, const pcg_cuda::DpfBlk *, const pcg_cuda::DpfBlk *, const pcg_cuda::DpfBlk *, pcg_cuda::DpfBlk *, int, int, int, int, unsigned long, unsigned long)"
1367033597,1024,3255,,,,,,,,,,0.000,250.000,Device,Device,NVIDIA L40S (0),1,,7,[CUDA memcpy Device-to-Device]
1367035805,2336,3256,4,1,1,128,1,1,45,0.000,0.002,,,,,NVIDIA L40S (0),1,,7,"pcg_cuda::<unnamed>::hash_kernel_chacha8(const pcg_cuda::DpfBlk *, pcg_cuda::DpfBlk *, pcg_cuda::DpfBlk *, int, int, int, unsigned long, unsigned long)"
1367046845,896,3258,,,,,,,,,,0.000,285.714,Device,Pageable,NVIDIA L40S (0),1,,7,[CUDA memcpy Device-to-Host]
1367055197,384,3259,,,,,,,,,,0.000,666.666,Pageable,Device,NVIDIA L40S (0),1,,7,[CUDA memcpy Host-to-Device]
1367057341,1568,3260,4,1,1,128,1,1,48,0.000,0.000,,,,,NVIDIA L40S (0),1,,7,"pcg_cuda::<unnamed>::expand_kernel(const pcg_cuda::DpfBlk *, const pcg_cuda::DpfBlk *, const pcg_cuda::DpfBlk *, const pcg_cuda::DpfBlk *, pcg_cuda::DpfBlk *, int, int, int, int, unsigned long, unsigned long)"
1367060989,1056,3262,,,,,,,,,,0.000,242.424,Device,Device,NVIDIA L40S (0),1,,7,[CUDA memcpy Device-to-Device]
1367063261,2720,3263,8,1,1,128,1,1,45,0.000,0.002,,,,,NVIDIA L40S (0),1,,7,"pcg_cuda::<unnamed>::hash_kernel_chacha8(const pcg_cuda::DpfBlk *, pcg_cuda::DpfBlk *, pcg_cuda::DpfBlk *, int, int, int, unsigned long, unsigned long)"
1367074493,896,3265,,,,,,,,,,0.000,285.714,Device,Pageable,NVIDIA L40S (0),1,,7,[CUDA memcpy Device-to-Host]
1367082749,416,3266,,,,,,,,,,0.000,615.385,Pageable,Device,NVIDIA L40S (0),1,,7,[CUDA memcpy Host-to-Device]
1367085021,1568,3267,8,1,1,128,1,1,48,0.000,0.000,,,,,NVIDIA L40S (0),1,,7,"pcg_cuda::<unnamed>::expand_kernel(const pcg_cuda::DpfBlk *, const pcg_cuda::DpfBlk *, const pcg_cuda::DpfBlk *, const pcg_cuda::DpfBlk *, pcg_cuda::DpfBlk *, int, int, int, int, unsigned long, unsigned long)"
1367088605,1056,3269,,,,,,,,,,0.000,242.424,Device,Device,NVIDIA L40S (0),1,,7,[CUDA memcpy Device-to-Device]
1367093341,2016,3270,16,1,1,128,1,1,45,0.000,0.002,,,,,NVIDIA L40S (0),1,,7,"pcg_cuda::<unnamed>::hash_kernel_chacha8(const pcg_cuda::DpfBlk *, pcg_cuda::DpfBlk *, pcg_cuda::DpfBlk *, int, int, int, unsigned long, unsigned long)"
1367103165,896,3272,,,,,,,,,,0.000,285.714,Device,Pageable,NVIDIA L40S (0),1,,7,[CUDA memcpy Device-to-Host]
1367111293,384,3273,,,,,,,,,,0.000,666.666,Pageable,Device,NVIDIA L40S (0),1,,7,[CUDA memcpy Host-to-Device]
1367113565,1600,3274,16,1,1,128,1,1,48,0.000,0.000,,,,,NVIDIA L40S (0),1,,7,"pcg_cuda::<unnamed>::expand_kernel(const pcg_cuda::DpfBlk *, const pcg_cuda::DpfBlk *, const pcg_cuda::DpfBlk *, const pcg_cuda::DpfBlk *, pcg_cuda::DpfBlk *, int, int, int, int, unsigned long, unsigned long)"
1367117373,1056,3276,,,,,,,,,,0.000,242.424,Device,Device,NVIDIA L40S (0),1,,7,[CUDA memcpy Device-to-Device]
1367119645,2016,3277,32,1,1,128,1,1,45,0.000,0.002,,,,,NVIDIA L40S (0),1,,7,"pcg_cuda::<unnamed>::hash_kernel_chacha8(const pcg_cuda::DpfBlk *, pcg_cuda::DpfBlk *, pcg_cuda::DpfBlk *, int, int, int, unsigned long, unsigned long)"
1367121981,896,3279,,,,,,,,,,0.000,285.714,Device,Pageable,NVIDIA L40S (0),1,,7,[CUDA memcpy Device-to-Host]
1367130365,384,3280,,,,,,,,,,0.000,666.666,Pageable,Device,NVIDIA L40S (0),1,,7,[CUDA memcpy Host-to-Device]
1367132573,1568,3281,32,1,1,128,1,1,48,0.000,0.000,,,,,NVIDIA L40S (0),1,,7,"pcg_cuda::<unnamed>::expand_kernel(const pcg_cuda::DpfBlk *, const pcg_cuda::DpfBlk *, const pcg_cuda::DpfBlk *, const pcg_cuda::DpfBlk *, pcg_cuda::DpfBlk *, int, int, int, int, unsigned long, unsigned long)"
1367136221,1056,3283,,,,,,,,,,0.000,242.424,Device,Device,NVIDIA L40S (0),1,,7,[CUDA memcpy Device-to-Device]
1367138333,2048,3284,64,1,1,128,1,1,45,0.000,0.002,,,,,NVIDIA L40S (0),1,,7,"pcg_cuda::<unnamed>::hash_kernel_chacha8(const pcg_cuda::DpfBlk *, pcg_cuda::DpfBlk *, pcg_cuda::DpfBlk *, int, int, int, unsigned long, unsigned long)"
1367140893,864,3286,,,,,,,,,,0.000,296.296,Device,Pageable,NVIDIA L40S (0),1,,7,[CUDA memcpy Device-to-Host]
1367149085,384,3287,,,,,,,,,,0.000,666.666,Pageable,Device,NVIDIA L40S (0),1,,7,[CUDA memcpy Host-to-Device]
1367151037,1632,3288,64,1,1,128,1,1,48,0.000,0.000,,,,,NVIDIA L40S (0),1,,7,"pcg_cuda::<unnamed>::expand_kernel(const pcg_cuda::DpfBlk *, const pcg_cuda::DpfBlk *, const pcg_cuda::DpfBlk *, const pcg_cuda::DpfBlk *, pcg_cuda::DpfBlk *, int, int, int, int, unsigned long, unsigned long)"
1367154685,1056,3290,,,,,,,,,,0.000,242.424,Device,Device,NVIDIA L40S (0),1,,7,[CUDA memcpy Device-to-Device]
1367156925,2112,3291,128,1,1,128,1,1,45,0.000,0.002,,,,,NVIDIA L40S (0),1,,7,"pcg_cuda::<unnamed>::hash_kernel_chacha8(const pcg_cuda::DpfBlk *, pcg_cuda::DpfBlk *, pcg_cuda::DpfBlk *, int, int, int, unsigned long, unsigned long)"
1367159293,864,3293,,,,,,,,,,0.000,296.296,Device,Pageable,NVIDIA L40S (0),1,,7,[CUDA memcpy Device-to-Host]
1367167517,384,3294,,,,,,,,,,0.000,666.666,Pageable,Device,NVIDIA L40S (0),1,,7,[CUDA memcpy Host-to-Device]
1367169757,1760,3295,128,1,1,128,1,1,48,0.000,0.000,,,,,NVIDIA L40S (0),1,,7,"pcg_cuda::<unnamed>::expand_kernel(const pcg_cuda::DpfBlk *, const pcg_cuda::DpfBlk *, const pcg_cuda::DpfBlk *, const pcg_cuda::DpfBlk *, pcg_cuda::DpfBlk *, int, int, int, int, unsigned long, unsigned long)"
1367173373,1056,3297,,,,,,,,,,0.000,242.424,Device,Device,NVIDIA L40S (0),1,,7,[CUDA memcpy Device-to-Device]
1367175709,2496,3298,256,1,1,128,1,1,45,0.000,0.002,,,,,NVIDIA L40S (0),1,,7,"pcg_cuda::<unnamed>::hash_kernel_chacha8(const pcg_cuda::DpfBlk *, pcg_cuda::DpfBlk *, pcg_cuda::DpfBlk *, int, int, int, unsigned long, unsigned long)"
1367186109,896,3300,,,,,,,,,,0.000,285.714,Device,Pageable,NVIDIA L40S (0),1,,7,[CUDA memcpy Device-to-Host]
1367194173,416,3301,,,,,,,,,,0.000,615.385,Pageable,Device,NVIDIA L40S (0),1,,7,[CUDA memcpy Host-to-Device]
1367196413,2400,3302,256,1,1,128,1,1,48,0.000,0.000,,,,,NVIDIA L40S (0),1,,7,"pcg_cuda::<unnamed>::expand_kernel(const pcg_cuda::DpfBlk *, const pcg_cuda::DpfBlk *, const pcg_cuda::DpfBlk *, const pcg_cuda::DpfBlk *, pcg_cuda::DpfBlk *, int, int, int, int, unsigned long, unsigned long)"
1367200157,1024,3304,,,,,,,,,,0.000,250.000,Device,Device,NVIDIA L40S (0),1,,7,[CUDA memcpy Device-to-Device]
1367202397,3072,3305,512,1,1,128,1,1,45,0.000,0.002,,,,,NVIDIA L40S (0),1,,7,"pcg_cuda::<unnamed>::hash_kernel_chacha8(const pcg_cuda::DpfBlk *, pcg_cuda::DpfBlk *, pcg_cuda::DpfBlk *, int, int, int, unsigned long, unsigned long)"
1367213757,960,3307,,,,,,,,,,0.000,266.666,Device,Pageable,NVIDIA L40S (0),1,,7,[CUDA memcpy Device-to-Host]
1367221885,416,3308,,,,,,,,,,0.000,615.385,Pageable,Device,NVIDIA L40S (0),1,,7,[CUDA memcpy Host-to-Device]
1367224221,3328,3309,512,1,1,128,1,1,48,0.000,0.000,,,,,NVIDIA L40S (0),1,,7,"pcg_cuda::<unnamed>::expand_kernel(const pcg_cuda::DpfBlk *, const pcg_cuda::DpfBlk *, const pcg_cuda::DpfBlk *, const pcg_cuda::DpfBlk *, pcg_cuda::DpfBlk *, int, int, int, int, unsigned long, unsigned long)"
1367228285,1056,3311,,,,,,,,,,0.000,242.424,Device,Device,NVIDIA L40S (0),1,,7,[CUDA memcpy Device-to-Device]
1367230173,4896,3312,1024,1,1,128,1,1,45,0.000,0.002,,,,,NVIDIA L40S (0),1,,7,"pcg_cuda::<unnamed>::hash_kernel_chacha8(const pcg_cuda::DpfBlk *, pcg_cuda::DpfBlk *, pcg_cuda::DpfBlk *, int, int, int, unsigned long, unsigned long)"
1367241405,896,3314,,,,,,,,,,0.000,285.714,Device,Pageable,NVIDIA L40S (0),1,,7,[CUDA memcpy Device-to-Host]
1367249117,384,3315,,,,,,,,,,0.000,666.666,Pageable,Device,NVIDIA L40S (0),1,,7,[CUDA memcpy Host-to-Device]
1367251293,6368,3316,1024,1,1,128,1,1,48,0.000,0.000,,,,,NVIDIA L40S (0),1,,7,"pcg_cuda::<unnamed>::expand_kernel(const pcg_cuda::DpfBlk *, const pcg_cuda::DpfBlk *, const pcg_cuda::DpfBlk *, const pcg_cuda::DpfBlk *, pcg_cuda::DpfBlk *, int, int, int, int, unsigned long, unsigned long)"
1367258461,1056,3318,,,,,,,,,,0.000,242.424,Device,Device,NVIDIA L40S (0),1,,7,[CUDA memcpy Device-to-Device]
1367260189,7680,3319,2048,1,1,128,1,1,45,0.000,0.002,,,,,NVIDIA L40S (0),1,,7,"pcg_cuda::<unnamed>::hash_kernel_chacha8(const pcg_cuda::DpfBlk *, pcg_cuda::DpfBlk *, pcg_cuda::DpfBlk *, int, int, int, unsigned long, unsigned long)"
1367275933,864,3321,,,,,,,,,,0.000,296.296,Device,Pageable,NVIDIA L40S (0),1,,7,[CUDA memcpy Device-to-Host]
1367283709,384,3322,,,,,,,,,,0.000,666.666,Pageable,Device,NVIDIA L40S (0),1,,7,[CUDA memcpy Host-to-Device]
1367286045,11456,3323,2048,1,1,128,1,1,48,0.000,0.000,,,,,NVIDIA L40S (0),1,,7,"pcg_cuda::<unnamed>::expand_kernel(const pcg_cuda::DpfBlk *, const pcg_cuda::DpfBlk *, const pcg_cuda::DpfBlk *, const pcg_cuda::DpfBlk *, pcg_cuda::DpfBlk *, int, int, int, int, unsigned long, unsigned long)"
1367298269,1024,3325,,,,,,,,,,0.000,250.000,Device,Device,NVIDIA L40S (0),1,,7,[CUDA memcpy Device-to-Device]
1367300061,13440,3326,4096,1,1,128,1,1,45,0.000,0.002,,,,,NVIDIA L40S (0),1,,7,"pcg_cuda::<unnamed>::hash_kernel_chacha8(const pcg_cuda::DpfBlk *, pcg_cuda::DpfBlk *, pcg_cuda::DpfBlk *, int, int, int, unsigned long, unsigned long)"
1367319229,1024,3328,,,,,,,,,,0.000,250.000,Device,Pageable,NVIDIA L40S (0),1,,7,[CUDA memcpy Device-to-Host]
1367327357,384,3329,,,,,,,,,,0.000,666.666,Pageable,Device,NVIDIA L40S (0),1,,7,[CUDA memcpy Host-to-Device]
1367329725,21824,3330,4096,1,1,128,1,1,48,0.000,0.000,,,,,NVIDIA L40S (0),1,,7,"pcg_cuda::<unnamed>::expand_kernel(const pcg_cuda::DpfBlk *, const pcg_cuda::DpfBlk *, const pcg_cuda::DpfBlk *, const pcg_cuda::DpfBlk *, pcg_cuda::DpfBlk *, int, int, int, int, unsigned long, unsigned long)"
1367352349,1024,3332,,,,,,,,,,0.000,250.000,Device,Device,NVIDIA L40S (0),1,,7,[CUDA memcpy Device-to-Device]
1367354045,24960,3333,8192,1,1,128,1,1,45,0.000,0.002,,,,,NVIDIA L40S (0),1,,7,"pcg_cuda::<unnamed>::hash_kernel_chacha8(const pcg_cuda::DpfBlk *, pcg_cuda::DpfBlk *, pcg_cuda::DpfBlk *, int, int, int, unsigned long, unsigned long)"
1367380093,864,3335,,,,,,,,,,0.000,296.296,Device,Pageable,NVIDIA L40S (0),1,,7,[CUDA memcpy Device-to-Host]
1367388445,384,3336,,,,,,,,,,0.000,666.666,Pageable,Device,NVIDIA L40S (0),1,,7,[CUDA memcpy Host-to-Device]
1367390365,43200,3337,8192,1,1,128,1,1,48,0.000,0.000,,,,,NVIDIA L40S (0),1,,7,"pcg_cuda::<unnamed>::expand_kernel(const pcg_cuda::DpfBlk *, const pcg_cuda::DpfBlk *, const pcg_cuda::DpfBlk *, const pcg_cuda::DpfBlk *, pcg_cuda::DpfBlk *, int, int, int, int, unsigned long, unsigned long)"
1367434205,1760,3339,,,,,,,,,,0.000,145.454,Device,Device,NVIDIA L40S (0),1,,7,[CUDA memcpy Device-to-Device]
1367436701,49408,3340,16384,1,1,128,1,1,45,0.000,0.002,,,,,NVIDIA L40S (0),1,,7,"pcg_cuda::<unnamed>::hash_kernel_chacha8(const pcg_cuda::DpfBlk *, pcg_cuda::DpfBlk *, pcg_cuda::DpfBlk *, int, int, int, unsigned long, unsigned long)"
1367492285,896,3342,,,,,,,,,,0.000,285.714,Device,Pageable,NVIDIA L40S (0),1,,7,[CUDA memcpy Device-to-Host]
1367500541,416,3343,,,,,,,,,,0.000,615.385,Pageable,Device,NVIDIA L40S (0),1,,7,[CUDA memcpy Host-to-Device]
1367502589,136576,3344,16384,1,1,128,1,1,48,0.000,0.000,,,,,NVIDIA L40S (0),1,,7,"pcg_cuda::<unnamed>::expand_kernel(const pcg_cuda::DpfBlk *, const pcg_cuda::DpfBlk *, const pcg_cuda::DpfBlk *, const pcg_cuda::DpfBlk *, pcg_cuda::DpfBlk *, int, int, int, int, unsigned long, unsigned long)"
1367639933,2432,3346,,,,,,,,,,0.000,105.263,Device,Device,NVIDIA L40S (0),1,,7,[CUDA memcpy Device-to-Device]
1367643037,197696,3347,32768,1,1,128,1,1,45,0.000,0.002,,,,,NVIDIA L40S (0),1,,7,"pcg_cuda::<unnamed>::hash_kernel_chacha8(const pcg_cuda::DpfBlk *, pcg_cuda::DpfBlk *, pcg_cuda::DpfBlk *, int, int, int, unsigned long, unsigned long)"
1367844541,896,3349,,,,,,,,,,0.000,285.714,Device,Pageable,NVIDIA L40S (0),1,,7,[CUDA memcpy Device-to-Host]
1367852989,416,3350,,,,,,,,,,0.000,615.385,Pageable,Device,NVIDIA L40S (0),1,,7,[CUDA memcpy Host-to-Device]
1367855133,380224,3351,32768,1,1,128,1,1,48,0.000,0.000,,,,,NVIDIA L40S (0),1,,7,"pcg_cuda::<unnamed>::expand_kernel(const pcg_cuda::DpfBlk *, const pcg_cuda::DpfBlk *, const pcg_cuda::DpfBlk *, const pcg_cuda::DpfBlk *, pcg_cuda::DpfBlk *, int, int, int, int, unsigned long, unsigned long)"
1368236093,2144,3353,,,,,,,,,,0.000,119.403,Device,Device,NVIDIA L40S (0),1,,7,[CUDA memcpy Device-to-Device]
1368238941,394816,3354,65536,1,1,128,1,1,45,0.000,0.002,,,,,NVIDIA L40S (0),1,,7,"pcg_cuda::<unnamed>::hash_kernel_chacha8(const pcg_cuda::DpfBlk *, pcg_cuda::DpfBlk *, pcg_cuda::DpfBlk *, int, int, int, unsigned long, unsigned long)"
1368639165,1024,3356,,,,,,,,,,0.000,250.000,Device,Pageable,NVIDIA L40S (0),1,,7,[CUDA memcpy Device-to-Host]
1368647869,384,3357,,,,,,,,,,0.000,666.666,Pageable,Device,NVIDIA L40S (0),1,,7,[CUDA memcpy Host-to-Device]
1368649789,781185,3358,65536,1,1,128,1,1,48,0.000,0.000,,,,,NVIDIA L40S (0),1,,7,"pcg_cuda::<unnamed>::expand_kernel(const pcg_cuda::DpfBlk *, const pcg_cuda::DpfBlk *, const pcg_cuda::DpfBlk *, const pcg_cuda::DpfBlk *, pcg_cuda::DpfBlk *, int, int, int, int, unsigned long, unsigned long)"
1369431774,1664,3360,,,,,,,,,,0.000,153.846,Device,Device,NVIDIA L40S (0),1,,7,[CUDA memcpy Device-to-Device]
1369434238,776831,3361,131072,1,1,128,1,1,45,0.000,0.002,,,,,NVIDIA L40S (0),1,,7,"pcg_cuda::<unnamed>::hash_kernel_chacha8(const pcg_cuda::DpfBlk *, pcg_cuda::DpfBlk *, pcg_cuda::DpfBlk *, int, int, int, unsigned long, unsigned long)"
1370212029,1217,3363,,,,,,,,,,0.000,210.353,Device,Pageable,NVIDIA L40S (0),1,,7,[CUDA memcpy Device-to-Host]
1370220798,416,3364,,,,,,,,,,0.000,615.385,Pageable,Device,NVIDIA L40S (0),1,,7,[CUDA memcpy Host-to-Device]
1370222782,1568096,3365,131072,1,1,128,1,1,48,0.000,0.000,,,,,NVIDIA L40S (0),1,,7,"pcg_cuda::<unnamed>::expand_kernel(const pcg_cuda::DpfBlk *, const pcg_cuda::DpfBlk *, const pcg_cuda::DpfBlk *, const pcg_cuda::DpfBlk *, pcg_cuda::DpfBlk *, int, int, int, int, unsigned long, unsigned long)"
1371791518,815968,3367,1024,16,1,256,1,1,34,0.000,0.004,,,,,NVIDIA L40S (0),1,,7,"pcg_cuda::<unnamed>::out_sum_kernel(const pcg_cuda::DpfBlk *, unsigned long *, unsigned long, unsigned long, int)"
1372608222,3424,3369,16,1,1,256,1,1,22,0.000,0.004,,,,,NVIDIA L40S (0),1,,7,"pcg_cuda::<unnamed>::out_fold_kernel(const unsigned long *, unsigned long *, int, int, unsigned long)"
1372618430,896,3371,,,,,,,,,,0.000,285.714,Device,Pageable,NVIDIA L40S (0),1,,7,[CUDA memcpy Device-to-Host]
1372627198,384,3372,,,,,,,,,,0.000,333.333,Pageable,Device,NVIDIA L40S (0),1,,7,[CUDA memcpy Host-to-Device]
1372630366,12384,3373,,,,,,,,,,33.554,2709486.830,Device,,NVIDIA L40S (0),1,,7,[CUDA memset]
1372643390,1124352,3374,1024,16,1,256,1,1,38,0.000,0.000,,,,,NVIDIA L40S (0),1,,7,"pcg_cuda::<unnamed>::out_scatter_kernel(const pcg_cuda::DpfBlk *, const unsigned long *, unsigned long *, unsigned long, int, int, unsigned long, int)"
1373771454,1593345,3376,,,,,,,,,,33.554,21038.629,Device,Pageable,NVIDIA L40S (0),1,,7,[CUDA memcpy Device-to-Host]
1375428351,2336,3377,,,,,,,,,,0.000,109.589,Pageable,Device,NVIDIA L40S (0),1,,7,[CUDA memcpy Host-to-Device]
1375436351,576,3378,,,,,,,,,,0.005,9333.333,Pageable,Device,NVIDIA L40S (0),1,,7,[CUDA memcpy Host-to-Device]
1375440671,1280,3379,,,,,,,,,,0.000,200.000,Device,Device,NVIDIA L40S (0),1,,7,[CUDA memcpy Device-to-Device]
1375444415,2016,3380,1,1,1,128,1,1,45,0.000,0.002,,,,,NVIDIA L40S (0),1,,7,"pcg_cuda::<unnamed>::hash_kernel_chacha8(const pcg_cuda::DpfBlk *, pcg_cuda::DpfBlk *, pcg_cuda::DpfBlk *, int, int, int, unsigned long, unsigned long)"
1375446815,1440,3382,,,,,,,,,,0.000,177.778,Device,Pageable,NVIDIA L40S (0),1,,7,[CUDA memcpy Device-to-Host]
1375455903,384,3383,,,,,,,,,,0.000,666.666,Pageable,Device,NVIDIA L40S (0),1,,7,[CUDA memcpy Host-to-Device]
1375458975,1696,3384,1,1,1,128,1,1,48,0.000,0.000,,,,,NVIDIA L40S (0),1,,7,"pcg_cuda::<unnamed>::expand_kernel(const pcg_cuda::DpfBlk *, const pcg_cuda::DpfBlk *, const pcg_cuda::DpfBlk *, const pcg_cuda::DpfBlk *, pcg_cuda::DpfBlk *, int, int, int, int, unsigned long, unsigned long)"
1375462943,1024,3386,,,,,,,,,,0.000,250.000,Device,Device,NVIDIA L40S (0),1,,7,[CUDA memcpy Device-to-Device]
1375464607,1600,3387,1,1,1,128,1,1,45,0.000,0.002,,,,,NVIDIA L40S (0),1,,7,"pcg_cuda::<unnamed>::hash_kernel_chacha8(const pcg_cuda::DpfBlk *, pcg_cuda::DpfBlk *, pcg_cuda::DpfBlk *, int, int, int, unsigned long, unsigned long)"
1375467103,896,3389,,,,,,,,,,0.000,285.714,Device,Pageable,NVIDIA L40S (0),1,,7,[CUDA memcpy Device-to-Host]
1375475455,384,3390,,,,,,,,,,0.000,666.666,Pageable,Device,NVIDIA L40S (0),1,,7,[CUDA memcpy Host-to-Device]
1375477823,1536,3391,1,1,1,128,1,1,48,0.000,0.000,,,,,NVIDIA L40S (0),1,,7,"pcg_cuda::<unnamed>::expand_kernel(const pcg_cuda::DpfBlk *, const pcg_cuda::DpfBlk *, const pcg_cuda::DpfBlk *, const pcg_cuda::DpfBlk *, pcg_cuda::DpfBlk *, int, int, int, int, unsigned long, unsigned long)"
1375481503,1056,3393,,,,,,,,,,0.000,242.424,Device,Device,NVIDIA L40S (0),1,,7,[CUDA memcpy Device-to-Device]
1375483551,1600,3394,1,1,1,128,1,1,45,0.000,0.002,,,,,NVIDIA L40S (0),1,,7,"pcg_cuda::<unnamed>::hash_kernel_chacha8(const pcg_cuda::DpfBlk *, pcg_cuda::DpfBlk *, pcg_cuda::DpfBlk *, int, int, int, unsigned long, unsigned long)"
1375486239,864,3396,,,,,,,,,,0.000,296.296,Device,Pageable,NVIDIA L40S (0),1,,7,[CUDA memcpy Device-to-Host]
1375494495,384,3397,,,,,,,,,,0.000,666.666,Pageable,Device,NVIDIA L40S (0),1,,7,[CUDA memcpy Host-to-Device]
1375496767,1472,3398,1,1,1,128,1,1,48,0.000,0.000,,,,,NVIDIA L40S (0),1,,7,"pcg_cuda::<unnamed>::expand_kernel(const pcg_cuda::DpfBlk *, const pcg_cuda::DpfBlk *, const pcg_cuda::DpfBlk *, const pcg_cuda::DpfBlk *, pcg_cuda::DpfBlk *, int, int, int, int, unsigned long, unsigned long)"
1375500255,1024,3400,,,,,,,,,,0.000,250.000,Device,Device,NVIDIA L40S (0),1,,7,[CUDA memcpy Device-to-Device]
1375502527,1664,3401,1,1,1,128,1,1,45,0.000,0.002,,,,,NVIDIA L40S (0),1,,7,"pcg_cuda::<unnamed>::hash_kernel_chacha8(const pcg_cuda::DpfBlk *, pcg_cuda::DpfBlk *, pcg_cuda::DpfBlk *, int, int, int, unsigned long, unsigned long)"
1375505087,1024,3403,,,,,,,,,,0.000,250.000,Device,Pageable,NVIDIA L40S (0),1,,7,[CUDA memcpy Device-to-Host]
1375513439,384,3404,,,,,,,,,,0.000,666.666,Pageable,Device,NVIDIA L40S (0),1,,7,[CUDA memcpy Host-to-Device]
1375515711,1536,3405,1,1,1,128,1,1,48,0.000,0.000,,,,,NVIDIA L40S (0),1,,7,"pcg_cuda::<unnamed>::expand_kernel(const pcg_cuda::DpfBlk *, const pcg_cuda::DpfBlk *, const pcg_cuda::DpfBlk *, const pcg_cuda::DpfBlk *, pcg_cuda::DpfBlk *, int, int, int, int, unsigned long, unsigned long)"
1375519263,1056,3407,,,,,,,,,,0.000,242.424,Device,Device,NVIDIA L40S (0),1,,7,[CUDA memcpy Device-to-Device]
1375523711,1824,3408,2,1,1,128,1,1,45,0.000,0.002,,,,,NVIDIA L40S (0),1,,7,"pcg_cuda::<unnamed>::hash_kernel_chacha8(const pcg_cuda::DpfBlk *, pcg_cuda::DpfBlk *, pcg_cuda::DpfBlk *, int, int, int, unsigned long, unsigned long)"
1375525823,896,3410,,,,,,,,,,0.000,285.714,Device,Pageable,NVIDIA L40S (0),1,,7,[CUDA memcpy Device-to-Host]
1375534175,416,3411,,,,,,,,,,0.000,615.385,Pageable,Device,NVIDIA L40S (0),1,,7,[CUDA memcpy Host-to-Device]
1375536383,1568,3412,2,1,1,128,1,1,48,0.000,0.000,,,,,NVIDIA L40S (0),1,,7,"pcg_cuda::<unnamed>::expand_kernel(const pcg_cuda::DpfBlk *, const pcg_cuda::DpfBlk *, const pcg_cuda::DpfBlk *, const pcg_cuda::DpfBlk *, pcg_cuda::DpfBlk *, int, int, int, int, unsigned long, unsigned long)"
1375539903,1056,3414,,,,,,,,,,0.000,242.424,Device,Device,NVIDIA L40S (0),1,,7,[CUDA memcpy Device-to-Device]
1375542175,2176,3415,4,1,1,128,1,1,45,0.000,0.002,,,,,NVIDIA L40S (0),1,,7,"pcg_cuda::<unnamed>::hash_kernel_chacha8(const pcg_cuda::DpfBlk *, pcg_cuda::DpfBlk *, pcg_cuda::DpfBlk *, int, int, int, unsigned long, unsigned long)"
1375544703,896,3417,,,,,,,,,,0.000,285.714,Device,Pageable,NVIDIA L40S (0),1,,7,[CUDA memcpy Device-to-Host]
1375552767,384,3418,,,,,,,,,,0.000,666.666,Pageable,Device,NVIDIA L40S (0),1,,7,[CUDA memcpy Host-to-Device]
1375555135,1568,3419,4,1,1,128,1,1,48,0.000,0.000,,,,,NVIDIA L40S (0),1,,7,"pcg_cuda::<unnamed>::expand_kernel(const pcg_cuda::DpfBlk *, const pcg_cuda::DpfBlk *, const pcg_cuda::DpfBlk *, const pcg_cuda::DpfBlk *, pcg_cuda::DpfBlk *, int, int, int, int, unsigned long, unsigned long)"
1375559039,1056,3421,,,,,,,,,,0.000,242.424,Device,Device,NVIDIA L40S (0),1,,7,[CUDA memcpy Device-to-Device]
1375561279,3040,3422,8,1,1,128,1,1,45,0.000,0.002,,,,,NVIDIA L40S (0),1,,7,"pcg_cuda::<unnamed>::hash_kernel_chacha8(const pcg_cuda::DpfBlk *, pcg_cuda::DpfBlk *, pcg_cuda::DpfBlk *, int, int, int, unsigned long, unsigned long)"
1375572671,896,3424,,,,,,,,,,0.000,285.714,Device,Pageable,NVIDIA L40S (0),1,,7,[CUDA memcpy Device-to-Host]
1375580927,384,3425,,,,,,,,,,0.000,666.666,Pageable,Device,NVIDIA L40S (0),1,,7,[CUDA memcpy Host-to-Device]
1375583295,1600,3426,8,1,1,128,1,1,48,0.000,0.000,,,,,NVIDIA L40S (0),1,,7,"pcg_cuda::<unnamed>::expand_kernel(const pcg_cuda::DpfBlk *, const pcg_cuda::DpfBlk *, const pcg_cuda::DpfBlk *, const pcg_cuda::DpfBlk *, pcg_cuda::DpfBlk *, int, int, int, int, unsigned long, unsigned long)"
1375586815,1056,3428,,,,,,,,,,0.000,242.424,Device,Device,NVIDIA L40S (0),1,,7,[CUDA memcpy Device-to-Device]
1375588863,1984,3429,16,1,1,128,1,1,45,0.000,0.002,,,,,NVIDIA L40S (0),1,,7,"pcg_cuda::<unnamed>::hash_kernel_chacha8(const pcg_cuda::DpfBlk *, pcg_cuda::DpfBlk *, pcg_cuda::DpfBlk *, int, int, int, unsigned long, unsigned long)"
1375591487,864,3431,,,,,,,,,,0.000,296.296,Device,Pageable,NVIDIA L40S (0),1,,7,[CUDA memcpy Device-to-Host]
1375599679,416,3432,,,,,,,,,,0.000,615.385,Pageable,Device,NVIDIA L40S (0),1,,7,[CUDA memcpy Host-to-Device]
1375602239,1600,3433,16,1,1,128,1,1,48,0.000,0.000,,,,,NVIDIA L40S (0),1,,7,"pcg_cuda::<unnamed>::expand_kernel(const pcg_cuda::DpfBlk *, const pcg_cuda::DpfBlk *, const pcg_cuda::DpfBlk *, const pcg_cuda::DpfBlk *, pcg_cuda::DpfBlk *, int, int, int, int, unsigned long, unsigned long)"
1375605759,1024,3435,,,,,,,,,,0.000,250.000,Device,Device,NVIDIA L40S (0),1,,7,[CUDA memcpy Device-to-Device]
1375607775,2016,3436,32,1,1,128,1,1,45,0.000,0.002,,,,,NVIDIA L40S (0),1,,7,"pcg_cuda::<unnamed>::hash_kernel_chacha8(const pcg_cuda::DpfBlk *, pcg_cuda::DpfBlk *, pcg_cuda::DpfBlk *, int, int, int, unsigned long, unsigned long)"
1375610175,896,3438,,,,,,,,,,0.000,285.714,Device,Pageable,NVIDIA L40S (0),1,,7,[CUDA memcpy Device-to-Host]
1375618431,384,3439,,,,,,,,,,0.000,666.666,Pageable,Device,NVIDIA L40S (0),1,,7,[CUDA memcpy Host-to-Device]
1375620639,1600,3440,32,1,1,128,1,1,48,0.000,0.000,,,,,NVIDIA L40S (0),1,,7,"pcg_cuda::<unnamed>::expand_kernel(const pcg_cuda::DpfBlk *, const pcg_cuda::DpfBlk *, const pcg_cuda::DpfBlk *, const pcg_cuda::DpfBlk *, pcg_cuda::DpfBlk *, int, int, int, int, unsigned long, unsigned long)"
1375624127,1056,3442,,,,,,,,,,0.000,242.424,Device,Device,NVIDIA L40S (0),1,,7,[CUDA memcpy Device-to-Device]
1375626335,2016,3443,64,1,1,128,1,1,45,0.000,0.002,,,,,NVIDIA L40S (0),1,,7,"pcg_cuda::<unnamed>::hash_kernel_chacha8(const pcg_cuda::DpfBlk *, pcg_cuda::DpfBlk *, pcg_cuda::DpfBlk *, int, int, int, unsigned long, unsigned long)"
1375628831,896,3445,,,,,,,,,,0.000,285.714,Device,Pageable,NVIDIA L40S (0),1,,7,[CUDA memcpy Device-to-Host]
1375636959,384,3446,,,,,,,,,,0.000,666.666,Pageable,Device,NVIDIA L40S (0),1,,7,[CUDA memcpy Host-to-Device]
1375639359,1600,3447,64,1,1,128,1,1,48,0.000,0.000,,,,,NVIDIA L40S (0),1,,7,"pcg_cuda::<unnamed>::expand_kernel(const pcg_cuda::DpfBlk *, const pcg_cuda::DpfBlk *, const pcg_cuda::DpfBlk *, const pcg_cuda::DpfBlk *, pcg_cuda::DpfBlk *, int, int, int, int, unsigned long, unsigned long)"
1375642879,1056,3449,,,,,,,,,,0.000,242.424,Device,Device,NVIDIA L40S (0),1,,7,[CUDA memcpy Device-to-Device]
1375644959,2144,3450,128,1,1,128,1,1,45,0.000,0.002,,,,,NVIDIA L40S (0),1,,7,"pcg_cuda::<unnamed>::hash_kernel_chacha8(const pcg_cuda::DpfBlk *, pcg_cuda::DpfBlk *, pcg_cuda::DpfBlk *, int, int, int, unsigned long, unsigned long)"
1375647391,896,3452,,,,,,,,,,0.000,285.714,Device,Pageable,NVIDIA L40S (0),1,,7,[CUDA memcpy Device-to-Host]
1375655583,384,3453,,,,,,,,,,0.000,666.666,Pageable,Device,NVIDIA L40S (0),1,,7,[CUDA memcpy Host-to-Device]
1375657983,1824,3454,128,1,1,128,1,1,48,0.000,0.000,,,,,NVIDIA L40S (0),1,,7,"pcg_cuda::<unnamed>::expand_kernel(const pcg_cuda::DpfBlk *, const pcg_cuda::DpfBlk *, const pcg_cuda::DpfBlk *, const pcg_cuda::DpfBlk *, pcg_cuda::DpfBlk *, int, int, int, int, unsigned long, unsigned long)"
1375661471,1056,3456,,,,,,,,,,0.000,242.424,Device,Device,NVIDIA L40S (0),1,,7,[CUDA memcpy Device-to-Device]
1375663743,2496,3457,256,1,1,128,1,1,45,0.000,0.002,,,,,NVIDIA L40S (0),1,,7,"pcg_cuda::<unnamed>::hash_kernel_chacha8(const pcg_cuda::DpfBlk *, pcg_cuda::DpfBlk *, pcg_cuda::DpfBlk *, int, int, int, unsigned long, unsigned long)"
1375666655,864,3459,,,,,,,,,,0.000,296.296,Device,Pageable,NVIDIA L40S (0),1,,7,[CUDA memcpy Device-to-Host]
1375674783,384,3460,,,,,,,,,,0.000,666.666,Pageable,Device,NVIDIA L40S (0),1,,7,[CUDA memcpy Host-to-Device]
1375677183,2432,3461,256,1,1,128,1,1,48,0.000,0.000,,,,,NVIDIA L40S (0),1,,7,"pcg_cuda::<unnamed>::expand_kernel(const pcg_cuda::DpfBlk *, const pcg_cuda::DpfBlk *, const pcg_cuda::DpfBlk *, const pcg_cuda::DpfBlk *, pcg_cuda::DpfBlk *, int, int, int, int, unsigned long, unsigned long)"
1375680671,1056,3463,,,,,,,,,,0.000,242.424,Device,Device,NVIDIA L40S (0),1,,7,[CUDA memcpy Device-to-Device]
1375682847,3104,3464,512,1,1,128,1,1,45,0.000,0.002,,,,,NVIDIA L40S (0),1,,7,"pcg_cuda::<unnamed>::hash_kernel_chacha8(const pcg_cuda::DpfBlk *, pcg_cuda::DpfBlk *, pcg_cuda::DpfBlk *, int, int, int, unsigned long, unsigned long)"
1375693503,864,3466,,,,,,,,,,0.000,296.296,Device,Pageable,NVIDIA L40S (0),1,,7,[CUDA memcpy Device-to-Host]
1375701823,416,3467,,,,,,,,,,0.000,615.385,Pageable,Device,NVIDIA L40S (0),1,,7,[CUDA memcpy Host-to-Device]
1375704255,3360,3468,512,1,1,128,1,1,48,0.000,0.000,,,,,NVIDIA L40S (0),1,,7,"pcg_cuda::<unnamed>::expand_kernel(const pcg_cuda::DpfBlk *, const pcg_cuda::DpfBlk *, const pcg_cuda::DpfBlk *, const pcg_cuda::DpfBlk *, pcg_cuda::DpfBlk *, int, int, int, int, unsigned long, unsigned long)"
1375708351,1056,3470,,,,,,,,,,0.000,242.424,Device,Device,NVIDIA L40S (0),1,,7,[CUDA memcpy Device-to-Device]
1375710143,4800,3471,1024,1,1,128,1,1,45,0.000,0.002,,,,,NVIDIA L40S (0),1,,7,"pcg_cuda::<unnamed>::hash_kernel_chacha8(const pcg_cuda::DpfBlk *, pcg_cuda::DpfBlk *, pcg_cuda::DpfBlk *, int, int, int, unsigned long, unsigned long)"
1375721151,992,3473,,,,,,,,,,0.000,258.064,Device,Pageable,NVIDIA L40S (0),1,,7,[CUDA memcpy Device-to-Host]
1375729343,384,3474,,,,,,,,,,0.000,666.666,Pageable,Device,NVIDIA L40S (0),1,,7,[CUDA memcpy Host-to-Device]
1375731935,6848,3475,1024,1,1,128,1,1,48,0.000,0.000,,,,,NVIDIA L40S (0),1,,7,"pcg_cuda::<unnamed>::expand_kernel(const pcg_cuda::DpfBlk *, const pcg_cuda::DpfBlk *, const pcg_cuda::DpfBlk *, const pcg_cuda::DpfBlk *, pcg_cuda::DpfBlk *, int, int, int, int, unsigned long, unsigned long)"
1375739487,1056,3477,,,,,,,,,,0.000,242.424,Device,Device,NVIDIA L40S (0),1,,7,[CUDA memcpy Device-to-Device]
1375741247,7616,3478,2048,1,1,128,1,1,45,0.000,0.002,,,,,NVIDIA L40S (0),1,,7,"pcg_cuda::<unnamed>::hash_kernel_chacha8(const pcg_cuda::DpfBlk *, pcg_cuda::DpfBlk *, pcg_cuda::DpfBlk *, int, int, int, unsigned long, unsigned long)"
1375749823,896,3480,,,,,,,,,,0.000,285.714,Device,Pageable,NVIDIA L40S (0),1,,7,[CUDA memcpy Device-to-Host]
1375758047,384,3481,,,,,,,,,,0.000,666.666,Pageable,Device,NVIDIA L40S (0),1,,7,[CUDA memcpy Host-to-Device]
1375760575,11296,3482,2048,1,1,128,1,1,48,0.000,0.000,,,,,NVIDIA L40S (0),1,,7,"pcg_cuda::<unnamed>::expand_kernel(const pcg_cuda::DpfBlk *, const pcg_cuda::DpfBlk *, const pcg_cuda::DpfBlk *, const pcg_cuda::DpfBlk *, pcg_cuda::DpfBlk *, int, int, int, int, unsigned long, unsigned long)"
1375772607,1056,3484,,,,,,,,,,0.000,242.424,Device,Device,NVIDIA L40S (0),1,,7,[CUDA memcpy Device-to-Device]
1375774335,13312,3485,4096,1,1,128,1,1,45,0.000,0.002,,,,,NVIDIA L40S (0),1,,7,"pcg_cuda::<unnamed>::hash_kernel_chacha8(const pcg_cuda::DpfBlk *, pcg_cuda::DpfBlk *, pcg_cuda::DpfBlk *, int, int, int, unsigned long, unsigned long)"
1375793855,896,3487,,,,,,,,,,0.000,285.714,Device,Pageable,NVIDIA L40S (0),1,,7,[CUDA memcpy Device-to-Host]
1375801887,352,3488,,,,,,,,,,0.000,727.273,Pageable,Device,NVIDIA L40S (0),1,,7,[CUDA memcpy Host-to-Device]
1375804351,21920,3489,4096,1,1,128,1,1,48,0.000,0.000,,,,,NVIDIA L40S (0),1,,7,"pcg_cuda::<unnamed>::expand_kernel(const pcg_cuda::DpfBlk *, const pcg_cuda::DpfBlk *, const pcg_cuda::DpfBlk *, const pcg_cuda::DpfBlk *, pcg_cuda::DpfBlk *, int, int, int, int, unsigned long, unsigned long)"
1375826975,1056,3491,,,,,,,,,,0.000,242.424,Device,Device,NVIDIA L40S (0),1,,7,[CUDA memcpy Device-to-Device]
1375828735,25152,3492,8192,1,1,128,1,1,45,0.000,0.002,,,,,NVIDIA L40S (0),1,,7,"pcg_cuda::<unnamed>::hash_kernel_chacha8(const pcg_cuda::DpfBlk *, pcg_cuda::DpfBlk *, pcg_cuda::DpfBlk *, int, int, int, unsigned long, unsigned long)"
1375861439,896,3494,,,,,,,,,,0.000,285.714,Device,Pageable,NVIDIA L40S (0),1,,7,[CUDA memcpy Device-to-Host]
1375869983,416,3495,,,,,,,,,,0.000,615.385,Pageable,Device,NVIDIA L40S (0),1,,7,[CUDA memcpy Host-to-Device]
1375872159,42880,3496,8192,1,1,128,1,1,48,0.000,0.000,,,,,NVIDIA L40S (0),1,,7,"pcg_cuda::<unnamed>::expand_kernel(const pcg_cuda::DpfBlk *, const pcg_cuda::DpfBlk *, const pcg_cuda::DpfBlk *, const pcg_cuda::DpfBlk *, pcg_cuda::DpfBlk *, int, int, int, int, unsigned long, unsigned long)"
1375915775,1728,3498,,,,,,,,,,0.000,148.148,Device,Device,NVIDIA L40S (0),1,,7,[CUDA memcpy Device-to-Device]
1375918239,50496,3499,16384,1,1,128,1,1,45,0.000,0.002,,,,,NVIDIA L40S (0),1,,7,"pcg_cuda::<unnamed>::hash_kernel_chacha8(const pcg_cuda::DpfBlk *, pcg_cuda::DpfBlk *, pcg_cuda::DpfBlk *, int, int, int, unsigned long, unsigned long)"
1375971007,896,3501,,,,,,,,,,0.000,285.714,Device,Pageable,NVIDIA L40S (0),1,,7,[CUDA memcpy Device-to-Host]
1375979487,416,3502,,,,,,,,,,0.000,615.385,Pageable,Device,NVIDIA L40S (0),1,,7,[CUDA memcpy Host-to-Device]
1375981791,134272,3503,16384,1,1,128,1,1,48,0.000,0.000,,,,,NVIDIA L40S (0),1,,7,"pcg_cuda::<unnamed>::expand_kernel(const pcg_cuda::DpfBlk *, const pcg_cuda::DpfBlk *, const pcg_cuda::DpfBlk *, const pcg_cuda::DpfBlk *, pcg_cuda::DpfBlk *, int, int, int, int, unsigned long, unsigned long)"
1376116831,2304,3505,,,,,,,,,,0.000,111.111,Device,Device,NVIDIA L40S (0),1,,7,[CUDA memcpy Device-to-Device]
1376119807,201952,3506,32768,1,1,128,1,1,45,0.000,0.002,,,,,NVIDIA L40S (0),1,,7,"pcg_cuda::<unnamed>::hash_kernel_chacha8(const pcg_cuda::DpfBlk *, pcg_cuda::DpfBlk *, pcg_cuda::DpfBlk *, int, int, int, unsigned long, unsigned long)"
1376327359,896,3508,,,,,,,,,,0.000,285.714,Device,Pageable,NVIDIA L40S (0),1,,7,[CUDA memcpy Device-to-Host]
1376335871,384,3509,,,,,,,,,,0.000,666.666,Pageable,Device,NVIDIA L40S (0),1,,7,[CUDA memcpy Host-to-Device]
1376338111,380000,3510,32768,1,1,128,1,1,48,0.000,0.000,,,,,NVIDIA L40S (0),1,,7,"pcg_cuda::<unnamed>::expand_kernel(const pcg_cuda::DpfBlk *, const pcg_cuda::DpfBlk *, const pcg_cuda::DpfBlk *, const pcg_cuda::DpfBlk *, pcg_cuda::DpfBlk *, int, int, int, int, unsigned long, unsigned long)"
1376718879,1824,3512,,,,,,,,,,0.000,140.351,Device,Device,NVIDIA L40S (0),1,,7,[CUDA memcpy Device-to-Device]
1376721503,394368,3513,65536,1,1,128,1,1,45,0.000,0.002,,,,,NVIDIA L40S (0),1,,7,"pcg_cuda::<unnamed>::hash_kernel_chacha8(const pcg_cuda::DpfBlk *, pcg_cuda::DpfBlk *, pcg_cuda::DpfBlk *, int, int, int, unsigned long, unsigned long)"
1377118911,1024,3515,,,,,,,,,,0.000,250.000,Device,Pageable,NVIDIA L40S (0),1,,7,[CUDA memcpy Device-to-Host]
1377127583,384,3516,,,,,,,,,,0.000,666.666,Pageable,Device,NVIDIA L40S (0),1,,7,[CUDA memcpy Host-to-Device]
1377129951,780928,3517,65536,1,1,128,1,1,48,0.000,0.000,,,,,NVIDIA L40S (0),1,,7,"pcg_cuda::<unnamed>::expand_kernel(const pcg_cuda::DpfBlk *, const pcg_cuda::DpfBlk *, const pcg_cuda::DpfBlk *, const pcg_cuda::DpfBlk *, pcg_cuda::DpfBlk *, int, int, int, int, unsigned long, unsigned long)"
1377911615,1696,3519,,,,,,,,,,0.000,150.943,Device,Device,NVIDIA L40S (0),1,,7,[CUDA memcpy Device-to-Device]
1377913983,776032,3520,131072,1,1,128,1,1,45,0.000,0.002,,,,,NVIDIA L40S (0),1,,7,"pcg_cuda::<unnamed>::hash_kernel_chacha8(const pcg_cuda::DpfBlk *, pcg_cuda::DpfBlk *, pcg_cuda::DpfBlk *, int, int, int, unsigned long, unsigned long)"
1378696896,1023,3522,,,,,,,,,,0.000,250.244,Device,Pageable,NVIDIA L40S (0),1,,7,[CUDA memcpy Device-to-Host]
1378705439,417,3523,,,,,,,,,,0.000,613.909,Pageable,Device,NVIDIA L40S (0),1,,7,[CUDA memcpy Host-to-Device]
1378707519,1575649,3524,131072,1,1,128,1,1,48,0.000,0.000,,,,,NVIDIA L40S (0),1,,7,"pcg_cuda::<unnamed>::expand_kernel(const pcg_cuda::DpfBlk *, const pcg_cuda::DpfBlk *, const pcg_cuda::DpfBlk *, const pcg_cuda::DpfBlk *, pcg_cuda::DpfBlk *, int, int, int, int, unsigned long, unsigned long)"
1380283840,813312,3526,1024,16,1,256,1,1,34,0.000,0.004,,,,,NVIDIA L40S (0),1,,7,"pcg_cuda::<unnamed>::out_sum_kernel(const pcg_cuda::DpfBlk *, unsigned long *, unsigned long, unsigned long, int)"
1381097920,3488,3528,16,1,1,256,1,1,22,0.000,0.004,,,,,NVIDIA L40S (0),1,,7,"pcg_cuda::<unnamed>::out_fold_kernel(const unsigned long *, unsigned long *, int, int, unsigned long)"
1381105344,896,3530,,,,,,,,,,0.000,285.714,Device,Pageable,NVIDIA L40S (0),1,,7,[CUDA memcpy Device-to-Host]
1381114240,384,3531,,,,,,,,,,0.000,333.333,Pageable,Device,NVIDIA L40S (0),1,,7,[CUDA memcpy Host-to-Device]
1381117440,12320,3532,,,,,,,,,,33.554,2723546.137,Device,,NVIDIA L40S (0),1,,7,[CUDA memset]
1381130464,1124704,3533,1024,16,1,256,1,1,38,0.000,0.000,,,,,NVIDIA L40S (0),1,,7,"pcg_cuda::<unnamed>::out_scatter_kernel(const pcg_cuda::DpfBlk *, const unsigned long *, unsigned long *, unsigned long, int, int, unsigned long, int)"
1382257344,1594112,3535,,,,,,,,,,33.554,21038.629,Device,Pageable,NVIDIA L40S (0),1,,7,[CUDA memcpy Device-to-Host]
1383914945,2304,3536,,,,,,,,,,0.000,111.111,Pageable,Device,NVIDIA L40S (0),1,,7,[CUDA memcpy Host-to-Device]
1383922912,609,3537,,,,,,,,,,0.005,8827.586,Pageable,Device,NVIDIA L40S (0),1,,7,[CUDA memcpy Host-to-Device]
1383927073,1311,3538,,,,,,,,,,0.000,195.271,Device,Device,NVIDIA L40S (0),1,,7,[CUDA memcpy Device-to-Device]
1383931136,2017,3539,1,1,1,128,1,1,45,0.000,0.002,,,,,NVIDIA L40S (0),1,,7,"pcg_cuda::<unnamed>::hash_kernel_chacha8(const pcg_cuda::DpfBlk *, pcg_cuda::DpfBlk *, pcg_cuda::DpfBlk *, int, int, int, unsigned long, unsigned long)"
1383933536,1569,3541,,,,,,,,,,0.000,163.161,Device,Pageable,NVIDIA L40S (0),1,,7,[CUDA memcpy Device-to-Host]
1383942465,383,3542,,,,,,,,,,0.000,668.407,Pageable,Device,NVIDIA L40S (0),1,,7,[CUDA memcpy Host-to-Device]
1383945440,1697,3543,1,1,1,128,1,1,48,0.000,0.000,,,,,NVIDIA L40S (0),1,,7,"pcg_cuda::<unnamed>::expand_kernel(const pcg_cuda::DpfBlk *, const pcg_cuda::DpfBlk *, const pcg_cuda::DpfBlk *, const pcg_cuda::DpfBlk *, pcg_cuda::DpfBlk *, int, int, int, int, unsigned long, unsigned long)"
1383949057,1056,3545,,,,,,,,,,0.000,242.424,Device,Device,NVIDIA L40S (0),1,,7,[CUDA memcpy Device-to-Device]
1383952000,1600,3546,1,1,1,128,1,1,45,0.000,0.002,,,,,NVIDIA L40S (0),1,,7,"pcg_cuda::<unnamed>::hash_kernel_chacha8(const pcg_cuda::DpfBlk *, pcg_cuda::DpfBlk *, pcg_cuda::DpfBlk *, int, int, int, unsigned long, unsigned long)"
1383955809,896,3548,,,,,,,,,,0.000,285.714,Device,Pageable,NVIDIA L40S (0),1,,7,[CUDA memcpy Device-to-Host]
1383964129,383,3549,,,,,,,,,,0.000,668.407,Pageable,Device,NVIDIA L40S (0),1,,7,[CUDA memcpy Host-to-Device]
1383966529,1535,3550,1,1,1,128,1,1,48,0.000,0.000,,,,,NVIDIA L40S (0),1,,7,"pcg_cuda::<unnamed>::expand_kernel(const pcg_cuda::DpfBlk *, const pcg_cuda::DpfBlk *, const pcg_cuda::DpfBlk *, const pcg_cuda::DpfBlk *, pcg_cuda::DpfBlk *, int, int, int, int, unsigned long, unsigned long)"
1383970176,1025,3552,,,,,,,,,,0.000,249.756,Device,Device,NVIDIA L40S (0),1,,7,[CUDA memcpy Device-to-Device]
1383972353,1631,3553,1,1,1,128,1,1,45,0.000,0.002,,,,,NVIDIA L40S (0),1,,7,"pcg_cuda::<unnamed>::hash_kernel_chacha8(const pcg_cuda::DpfBlk *, pcg_cuda::DpfBlk *, pcg_cuda::DpfBlk *, int, int, int, unsigned long, unsigned long)"
1383974689,895,3555,,,,,,,,,,0.000,286.033,Device,Pageable,NVIDIA L40S (0),1,,7,[CUDA memcpy Device-to-Host]
1383983201,384,3556,,,,,,,,,,0.000,666.666,Pageable,Device,NVIDIA L40S (0),1,,7,[CUDA memcpy Host-to-Device]
1383985376,1505,3557,1,1,1,128,1,1,48,0.000,0.000,,,,,NVIDIA L40S (0),1,,7,"pcg_cuda::<unnamed>::expand_kernel(const pcg_cuda::DpfBlk *, const pcg_cuda::DpfBlk *, const pcg_cuda::DpfBlk *, const pcg_cuda::DpfBlk *, pcg_cuda::DpfBlk *, int, int, int, int, unsigned long, unsigned long)"
1383989345,1055,3559,,,,,,,,,,0.000,242.654,Device,Device,NVIDIA L40S (0),1,,7,[CUDA memcpy Device-to-Device]
1383991585,1663,3560,1,1,1,128,1,1,45,0.000,0.002,,,,,NVIDIA L40S (0),1,,7,"pcg_cuda::<unnamed>::hash_kernel_chacha8(const pcg_cuda::DpfBlk *, pcg_cuda::DpfBlk *, pcg_cuda::DpfBlk *, int, int, int, unsigned long, unsigned long)"
1383993985,992,3562,,,,,,,,,,0.000,258.064,Device,Pageable,NVIDIA L40S (0),1,,7,[CUDA memcpy Device-to-Host]
1384002240,385,3563,,,,,,,,,,0.000,664.935,Pageable,Device,NVIDIA L40S (0),1,,7,[CUDA memcpy Host-to-Device]
1384004512,1537,3564,1,1,1,128,1,1,48,0.000,0.000,,,,,NVIDIA L40S (0),1,,7,"pcg_cuda::<unnamed>::expand_kernel(const pcg_cuda::DpfBlk *, const pcg_cuda::DpfBlk *, const pcg_cuda::DpfBlk *, const pcg_cuda::DpfBlk *, pcg_cuda::DpfBlk *, int, int, int, int, unsigned long, unsigned long)"
1384008064,1057,3566,,,,,,,,,,0.000,242.195,Device,Device,NVIDIA L40S (0),1,,7,[CUDA memcpy Device-to-Device]
1384010624,1825,3567,2,1,1,128,1,1,45,0.000,0.002,,,,,NVIDIA L40S (0),1,,7,"pcg_cuda::<unnamed>::hash_kernel_chacha8(const pcg_cuda::DpfBlk *, pcg_cuda::DpfBlk *, pcg_cuda::DpfBlk *, int, int, int, unsigned long, unsigned long)"
1384012801,895,3569,,,,,,,,,,0.000,286.033,Device,Pageable,NVIDIA L40S (0),1,,7,[CUDA memcpy Device-to-Host]
1384021025,384,3570,,,,,,,,,,0.000,666.666,Pageable,Device,NVIDIA L40S (0),1,,7,[CUDA memcpy Host-to-Device]
1384023233,1568,3571,2,1,1,128,1,1,48,0.000,0.000,,,,,NVIDIA L40S (0),1,,7,"pcg_cuda::<unnamed>::expand_kernel(const pcg_cuda::DpfBlk *, const pcg_cuda::DpfBlk *, const pcg_cuda::DpfBlk *, const pcg_cuda::DpfBlk *, pcg_cuda::DpfBlk *, int, int, int, int, unsigned long, unsigned long)"
1384027073,1055,3573,,,,,,,,,,0.000,242.654,Device,Device,NVIDIA L40S (0),1,,7,[CUDA memcpy Device-to-Device]
1384029633,2335,3574,4,1,1,128,1,1,45,0.000,0.002,,,,,NVIDIA L40S (0),1,,7,"pcg_cuda::<unnamed>::hash_kernel_chacha8(const pcg_cuda::DpfBlk *, pcg_cuda::DpfBlk *, pcg_cuda::DpfBlk *, int, int, int, unsigned long, unsigned long)"
1384032320,897,3576,,,,,,,,,,0.000,285.396,Device,Pageable,NVIDIA L40S (0),1,,7,[CUDA memcpy Device-to-Host]
1384040385,384,3577,,,,,,,,,,0.000,666.666,Pageable,Device,NVIDIA L40S (0),1,,7,[CUDA memcpy Host-to-Device]
1384042720,1569,3578,4,1,1,128,1,1,48,0.000,0.000,,,,,NVIDIA L40S (0),1,,7,"pcg_cuda::<unnamed>::expand_kernel(const pcg_cuda::DpfBlk *, const pcg_cuda::DpfBlk *, const pcg_cuda::DpfBlk *, const pcg_cuda::DpfBlk *, pcg_cuda::DpfBlk *, int, int, int, int, unsigned long, unsigned long)"
1384046209,1056,3580,,,,,,,,,,0.000,242.424,Device,Device,NVIDIA L40S (0),1,,7,[CUDA memcpy Device-to-Device]
1384048672,2720,3581,8,1,1,128,1,1,45,0.000,0.002,,,,,NVIDIA L40S (0),1,,7,"pcg_cuda::<unnamed>::hash_kernel_chacha8(const pcg_cuda::DpfBlk *, pcg_cuda::DpfBlk *, pcg_cuda::DpfBlk *, int, int, int, unsigned long, unsigned long)"
1384059584,897,3583,,,,,,,,,,0.000,285.396,Device,Pageable,NVIDIA L40S (0),1,,7,[CUDA memcpy Device-to-Host]
1384067841,384,3584,,,,,,,,,,0.000,666.666,Pageable,Device,NVIDIA L40S (0),1,,7,[CUDA memcpy Host-to-Device]
1384070113,1568,3585,8,1,1,128,1,1,48,0.000,0.000,,,,,NVIDIA L40S (0),1,,7,"pcg_cuda::<unnamed>::expand_kernel(const pcg_cuda::DpfBlk *, const pcg_cuda::DpfBlk *, const pcg_cuda::DpfBlk *, const pcg_cuda::DpfBlk *, pcg_cuda::DpfBlk *, int, int, int, int, unsigned long, unsigned long)"
1384073665,1056,3587,,,,,,,,,,0.000,242.424,Device,Device,NVIDIA L40S (0),1,,7,[CUDA memcpy Device-to-Device]
1384076065,2015,3588,16,1,1,128,1,1,45,0.000,0.002,,,,,NVIDIA L40S (0),1,,7,"pcg_cuda::<unnamed>::hash_kernel_chacha8(const pcg_cuda::DpfBlk *, pcg_cuda::DpfBlk *, pcg_cuda::DpfBlk *, int, int, int, unsigned long, unsigned long)"
1384078400,897,3590,,,,,,,,,,0.000,285.396,Device,Pageable,NVIDIA L40S (0),1,,7,[CUDA memcpy Device-to-Host]
1384086592,417,3591,,,,,,,,,,0.000,613.909,Pageable,Device,NVIDIA L40S (0),1,,7,[CUDA memcpy Host-to-Device]
1384088769,1632,3592,16,1,1,128,1,1,48,0.000,0.000,,,,,NVIDIA L40S (0),1,,7,"pcg_cuda::<unnamed>::expand_kernel(const pcg_cuda::DpfBlk *, const pcg_cuda::DpfBlk *, const pcg_cuda::DpfBlk *, const pcg_cuda::DpfBlk *, pcg_cuda::DpfBlk *, int, int, int, int, unsigned long, unsigned long)"
1384092512,1057,3594,,,,,,,,,,0.000,242.195,Device,Device,NVIDIA L40S (0),1,,7,[CUDA memcpy Device-to-Device]
1384094657,2015,3595,32,1,1,128,1,1,45,0.000,0.002,,,,,NVIDIA L40S (0),1,,7,"pcg_cuda::<unnamed>::hash_kernel_chacha8(const pcg_cuda::DpfBlk *, pcg_cuda::DpfBlk *, pcg_cuda::DpfBlk *, int, int, int, unsigned long, unsigned long)"
1384096929,863,3597,,,,,,,,,,0.000,296.639,Device,Pageable,NVIDIA L40S (0),1,,7,[CUDA memcpy Device-to-Host]
1384104929,415,3598,,,,,,,,,,0.000,616.867,Pageable,Device,NVIDIA L40S (0),1,,7,[CUDA memcpy Host-to-Device]
1384107265,1600,3599,32,1,1,128,1,1,48,0.000,0.000,,,,,NVIDIA L40S (0),1,,7,"pcg_cuda::<unnamed>::expand_kernel(const pcg_cuda::DpfBlk *, const pcg_cuda::DpfBlk *, const pcg_cuda::DpfBlk *, const pcg_cuda::DpfBlk *, pcg_cuda::DpfBlk *, int, int, int, int, unsigned long, unsigned long)"
1384110881,1055,3601,,,,,,,,,,0.000,242.654,Device,Device,NVIDIA L40S (0),1,,7,[CUDA memcpy Device-to-Device]
1384113153,2048,3602,64,1,1,128,1,1,45,0.000,0.002,,,,,NVIDIA L40S (0),1,,7,"pcg_cuda::<unnamed>::hash_kernel_chacha8(const pcg_cuda::DpfBlk *, pcg_cuda::DpfBlk *, pcg_cuda::DpfBlk *, int, int, int, unsigned long, unsigned long)"
1384115553,864,3604,,,,,,,,,,0.000,296.296,Device,Pageable,NVIDIA L40S (0),1,,7,[CUDA memcpy Device-to-Host]
1384123745,415,3605,,,,,,,,,,0.000,616.867,Pageable,Device,NVIDIA L40S (0),1,,7,[CUDA memcpy Host-to-Device]
1384126113,1632,3606,64,1,1,128,1,1,48,0.000,0.000,,,,,NVIDIA L40S (0),1,,7,"pcg_cuda::<unnamed>::expand_kernel(const pcg_cuda::DpfBlk *, const pcg_cuda::DpfBlk *, const pcg_cuda::DpfBlk *, const pcg_cuda::DpfBlk *, pcg_cuda::DpfBlk *, int, int, int, int, unsigned long, unsigned long)"
1384129952,1025,3608,,,,,,,,,,0.000,249.756,Device,Device,NVIDIA L40S (0),1,,7,[CUDA memcpy Device-to-Device]
1384132257,2112,3609,128,1,1,128,1,1,45,0.000,0.002,,,,,NVIDIA L40S (0),1,,7,"pcg_cuda::<unnamed>::hash_kernel_chacha8(const pcg_cuda::DpfBlk *, pcg_cuda::DpfBlk *, pcg_cuda::DpfBlk *, int, int, int, unsigned long, unsigned long)"
1384134721,1024,3611,,,,,,,,,,0.000,250.000,Device,Pageable,NVIDIA L40S (0),1,,7,[CUDA memcpy Device-to-Host]
1384143041,383,3612,,,,,,,,,,0.000,668.407,Pageable,Device,NVIDIA L40S (0),1,,7,[CUDA memcpy Host-to-Device]
1384145344,1792,3613,128,1,1,128,1,1,48,0.000,0.000,,,,,NVIDIA L40S (0),1,,7,"pcg_cuda::<unnamed>::expand_kernel(const pcg_cuda::DpfBlk *, const pcg_cuda::DpfBlk *, const pcg_cuda::DpfBlk *, const pcg_cuda::DpfBlk *, pcg_cuda::DpfBlk *, int, int, int, int, unsigned long, unsigned long)"
1384148769,1056,3615,,,,,,,,,,0.000,242.424,Device,Device,NVIDIA L40S (0),1,,7,[CUDA memcpy Device-to-Device]
1384154145,2463,3616,256,1,1,128,1,1,45,0.000,0.002,,,,,NVIDIA L40S (0),1,,7,"pcg_cuda::<unnamed>::hash_kernel_chacha8(const pcg_cuda::DpfBlk *, pcg_cuda::DpfBlk *, pcg_cuda::DpfBlk *, int, int, int, unsigned long, unsigned long)"
1384164033,1024,3618,,,,,,,,,,0.000,250.000,Device,Pageable,NVIDIA L40S (0),1,,7,[CUDA memcpy Device-to-Host]
1384172225,384,3619,,,,,,,,,,0.000,666.666,Pageable,Device,NVIDIA L40S (0),1,,7,[CUDA memcpy Host-to-Device]
1384174432,2465,3620,256,1,1,128,1,1,48,0.000,0.000,,,,,NVIDIA L40S (0),1,,7,"pcg_cuda::<unnamed>::expand_kernel(const pcg_cuda::DpfBlk *, const pcg_cuda::DpfBlk *, const pcg_cuda::DpfBlk *, const pcg_cuda::DpfBlk *, pcg_cuda::DpfBlk *, int, int, int, int, unsigned long, unsigned long)"
1384178209,1056,3622,,,,,,,,,,0.000,242.424,Device,Device,NVIDIA L40S (0),1,,7,[CUDA memcpy Device-to-Device]
1384180417,3104,3623,512,1,1,128,1,1,45,0.000,0.002,,,,,NVIDIA L40S (0),1,,7,"pcg_cuda::<unnamed>::hash_kernel_chacha8(const pcg_cuda::DpfBlk *, pcg_cuda::DpfBlk *, pcg_cuda::DpfBlk *, int, int, int, unsigned long, unsigned long)"
1384191681,895,3625,,,,,,,,,,0.000,286.033,Device,Pageable,NVIDIA L40S (0),1,,7,[CUDA memcpy Device-to-Host]
1384200001,384,3626,,,,,,,,,,0.000,666.666,Pageable,Device,NVIDIA L40S (0),1,,7,[CUDA memcpy Host-to-Device]
1384202081,3392,3627,512,1,1,128,1,1,48,0.000,0.000,,,,,NVIDIA L40S (0),1,,7,"pcg_cuda::<unnamed>::expand_kernel(const pcg_cuda::DpfBlk *, const pcg_cuda::DpfBlk *, const pcg_cuda::DpfBlk *, const pcg_cuda::DpfBlk *, pcg_cuda::DpfBlk *, int, int, int, int, unsigned long, unsigned long)"
1384206145,1056,3629,,,,,,,,,,0.000,242.424,Device,Device,NVIDIA L40S (0),1,,7,[CUDA memcpy Device-to-Device]
1384208193,4832,3630,1024,1,1,128,1,1,45,0.000,0.002,,,,,NVIDIA L40S (0),1,,7,"pcg_cuda::<unnamed>::hash_kernel_chacha8(const pcg_cuda::DpfBlk *, pcg_cuda::DpfBlk *, pcg_cuda::DpfBlk *, int, int, int, unsigned long, unsigned long)"
1384219329,896,3632,,,,,,,,,,0.000,285.714,Device,Pageable,NVIDIA L40S (0),1,,7,[CUDA memcpy Device-to-Host]
1384227457,384,3633,,,,,,,,,,0.000,666.666,Pageable,Device,NVIDIA L40S (0),1,,7,[CUDA memcpy Host-to-Device]
1384229761,6975,3634,1024,1,1,128,1,1,48,0.000,0.000,,,,,NVIDIA L40S (0),1,,7,"pcg_cuda::<unnamed>::expand_kernel(const pcg_cuda::DpfBlk *, const pcg_cuda::DpfBlk *, const pcg_cuda::DpfBlk *, const pcg_cuda::DpfBlk *, pcg_cuda::DpfBlk *, int, int, int, int, unsigned long, unsigned long)"
1384237409,1056,3636,,,,,,,,,,0.000,242.424,Device,Device,NVIDIA L40S (0),1,,7,[CUDA memcpy Device-to-Device]
1384239105,7648,3637,2048,1,1,128,1,1,45,0.000,0.002,,,,,NVIDIA L40S (0),1,,7,"pcg_cuda::<unnamed>::hash_kernel_chacha8(const pcg_cuda::DpfBlk *, pcg_cuda::DpfBlk *, pcg_cuda::DpfBlk *, int, int, int, unsigned long, unsigned long)"
1384255169,896,3639,,,,,,,,,,0.000,285.714,Device,Pageable,NVIDIA L40S (0),1,,7,[CUDA memcpy Device-to-Host]
1384263489,383,3640,,,,,,,,,,0.000,668.407,Pageable,Device,NVIDIA L40S (0),1,,7,[CUDA memcpy Host-to-Device]
1384265825,11488,3641,2048,1,1,128,1,1,48,0.000,0.000,,,,,NVIDIA L40S (0),1,,7,"pcg_cuda::<unnamed>::expand_kernel(const pcg_cuda::DpfBlk *, const pcg_cuda::DpfBlk *, const pcg_cuda::DpfBlk *, const pcg_cuda::DpfBlk *, pcg_cuda::DpfBlk *, int, int, int, int, unsigned long, unsigned long)"
1384278081,1055,3643,,,,,,,,,,0.000,242.654,Device,Device,NVIDIA L40S (0),1,,7,[CUDA memcpy Device-to-Device]
1384279809,13696,3644,4096,1,1,128,1,1,45,0.000,0.002,,,,,NVIDIA L40S (0),1,,7,"pcg_cuda::<unnamed>::hash_kernel_chacha8(const pcg_cuda::DpfBlk *, pcg_cuda::DpfBlk *, pcg_cuda::DpfBlk *, int, int, int, unsigned long, unsigned long)"
1384299200,897,3646,,,,,,,,,,0.000,285.396,Device,Pageable,NVIDIA L40S (0),1,,7,[CUDA memcpy Device-to-Host]
1384307521,384,3647,,,,,,,,,,0.000,666.666,Pageable,Device,NVIDIA L40S (0),1,,7,[CUDA memcpy Host-to-Device]
1384309472,21825,3648,4096,1,1,128,1,1,48,0.000,0.000,,,,,NVIDIA L40S (0),1,,7,"pcg_cuda::<unnamed>::expand_kernel(const pcg_cuda::DpfBlk *, const pcg_cuda::DpfBlk *, const pcg_cuda::DpfBlk *, const pcg_cuda::DpfBlk *, pcg_cuda::DpfBlk *, int, int, int, int, unsigned long, unsigned long)"
1384332065,1023,3650,,,,,,,,,,0.000,250.244,Device,Device,NVIDIA L40S (0),1,,7,[CUDA memcpy Device-to-Device]
1384333761,24992,3651,8192,1,1,128,1,1,45,0.000,0.002,,,,,NVIDIA L40S (0),1,,7,"pcg_cuda::<unnamed>::hash_kernel_chacha8(const pcg_cuda::DpfBlk *, pcg_cuda::DpfBlk *, pcg_cuda::DpfBlk *, int, int, int, unsigned long, unsigned long)"
1384366785,896,3653,,,,,,,,,,0.000,285.714,Device,Pageable,NVIDIA L40S (0),1,,7,[CUDA memcpy Device-to-Host]
1384375073,384,3654,,,,,,,,,,0.000,666.666,Pageable,Device,NVIDIA L40S (0),1,,7,[CUDA memcpy Host-to-Device]
1384376993,43008,3655,8192,1,1,128,1,1,48,0.000,0.000,,,,,NVIDIA L40S (0),1,,7,"pcg_cuda::<unnamed>::expand_kernel(const pcg_cuda::DpfBlk *, const pcg_cuda::DpfBlk *, const pcg_cuda::DpfBlk *, const pcg_cuda::DpfBlk *, pcg_cuda::DpfBlk *, int, int, int, int, unsigned long, unsigned long)"
1384420737,2336,3657,,,,,,,,,,0.000,109.589,Device,Device,NVIDIA L40S (0),1,,7,[CUDA memcpy Device-to-Device]
1384423873,50304,3658,16384,1,1,128,1,1,45,0.000,0.002,,,,,NVIDIA L40S (0),1,,7,"pcg_cuda::<unnamed>::hash_kernel_chacha8(const pcg_cuda::DpfBlk *, pcg_cuda::DpfBlk *, pcg_cuda::DpfBlk *, int, int, int, unsigned long, unsigned long)"
1384477377,896,3660,,,,,,,,,,0.000,285.714,Device,Pageable,NVIDIA L40S (0),1,,7,[CUDA memcpy Device-to-Host]
1384485952,417,3661,,,,,,,,,,0.000,613.909,Pageable,Device,NVIDIA L40S (0),1,,7,[CUDA memcpy Host-to-Device]
1384487937,138112,3662,16384,1,1,128,1,1,48,0.000,0.000,,,,,NVIDIA L40S (0),1,,7,"pcg_cuda::<unnamed>::expand_kernel(const pcg_cuda::DpfBlk *, const pcg_cuda::DpfBlk *, const pcg_cuda::DpfBlk *, const pcg_cuda::DpfBlk *, pcg_cuda::DpfBlk *, int, int, int, int, unsigned long, unsigned long)"
1384626817,1728,3664,,,,,,,,,,0.000,148.148,Device,Device,NVIDIA L40S (0),1,,7,[CUDA memcpy Device-to-Device]
1384629345,199008,3665,32768,1,1,128,1,1,45,0.000,0.002,,,,,NVIDIA L40S (0),1,,7,"pcg_cuda::<unnamed>::hash_kernel_chacha8(const pcg_cuda::DpfBlk *, pcg_cuda::DpfBlk *, pcg_cuda::DpfBlk *, int, int, int, unsigned long, unsigned long)"
1384830081,864,3667,,,,,,,,,,0.000,296.296,Device,Pageable,NVIDIA L40S (0),1,,7,[CUDA memcpy Device-to-Host]
1384838273,416,3668,,,,,,,,,,0.000,615.385,Pageable,Device,NVIDIA L40S (0),1,,7,[CUDA memcpy Host-to-Device]
1384840449,380544,3669,32768,1,1,128,1,1,48,0.000,0.000,,,,,NVIDIA L40S (0),1,,7,"pcg_cuda::<unnamed>::expand_kernel(const pcg_cuda::DpfBlk *, const pcg_cuda::DpfBlk *, const pcg_cuda::DpfBlk *, const pcg_cuda::DpfBlk *, pcg_cuda::DpfBlk *, int, int, int, int, unsigned long, unsigned long)"
1385221633,2176,3671,,,,,,,,,,0.000,117.647,Device,Device,NVIDIA L40S (0),1,,7,[CUDA memcpy Device-to-Device]
1385224481,393728,3672,65536,1,1,128,1,1,45,0.000,0.002,,,,,NVIDIA L40S (0),1,,7,"pcg_cuda::<unnamed>::hash_kernel_chacha8(const pcg_cuda::DpfBlk *, pcg_cuda::DpfBlk *, pcg_cuda::DpfBlk *, int, int, int, unsigned long, unsigned long)"
1385622913,1024,3674,,,,,,,,,,0.000,250.000,Device,Pageable,NVIDIA L40S (0),1,,7,[CUDA memcpy Device-to-Host]
1385632033,384,3675,,,,,,,,,,0.000,666.666,Pageable,Device,NVIDIA L40S (0),1,,7,[CUDA memcpy Host-to-Device]
1385633953,778208,3676,65536,1,1,128,1,1,48,0.000,0.000,,,,,NVIDIA L40S (0),1,,7,"pcg_cuda::<unnamed>::expand_kernel(const pcg_cuda::DpfBlk *, const pcg_cuda::DpfBlk *, const pcg_cuda::DpfBlk *, const pcg_cuda::DpfBlk *, pcg_cuda::DpfBlk *, int, int, int, int, unsigned long, unsigned long)"
1386412865,1632,3678,,,,,,,,,,0.000,156.863,Device,Device,NVIDIA L40S (0),1,,7,[CUDA memcpy Device-to-Device]
1386415201,776192,3679,131072,1,1,128,1,1,45,0.000,0.002,,,,,NVIDIA L40S (0),1,,7,"pcg_cuda::<unnamed>::hash_kernel_chacha8(const pcg_cuda::DpfBlk *, pcg_cuda::DpfBlk *, pcg_cuda::DpfBlk *, int, int, int, unsigned long, unsigned long)"
1387198145,1024,3681,,,,,,,,,,0.000,250.000,Device,Pageable,NVIDIA L40S (0),1,,7,[CUDA memcpy Device-to-Host]
1387206529,416,3682,,,,,,,,,,0.000,615.385,Pageable,Device,NVIDIA L40S (0),1,,7,[CUDA memcpy Host-to-Device]
1387208577,1571745,3683,131072,1,1,128,1,1,48,0.000,0.000,,,,,NVIDIA L40S (0),1,,7,"pcg_cuda::<unnamed>::expand_kernel(const pcg_cuda::DpfBlk *, const pcg_cuda::DpfBlk *, const pcg_cuda::DpfBlk *, const pcg_cuda::DpfBlk *, pcg_cuda::DpfBlk *, int, int, int, int, unsigned long, unsigned long)"
1388781122,814208,3685,1024,16,1,256,1,1,34,0.000,0.004,,,,,NVIDIA L40S (0),1,,7,"pcg_cuda::<unnamed>::out_sum_kernel(const pcg_cuda::DpfBlk *, unsigned long *, unsigned long, unsigned long, int)"
1389596034,3424,3687,16,1,1,256,1,1,22,0.000,0.004,,,,,NVIDIA L40S (0),1,,7,"pcg_cuda::<unnamed>::out_fold_kernel(const unsigned long *, unsigned long *, int, int, unsigned long)"
1389607618,896,3689,,,,,,,,,,0.000,285.714,Device,Pageable,NVIDIA L40S (0),1,,7,[CUDA memcpy Device-to-Host]
1389616514,384,3690,,,,,,,,,,0.000,333.333,Pageable,Device,NVIDIA L40S (0),1,,7,[CUDA memcpy Host-to-Device]
1389619650,12288,3691,,,,,,,,,,33.554,2730659.676,Device,,NVIDIA L40S (0),1,,7,[CUDA memset]
1389632674,1125888,3692,1024,16,1,256,1,1,38,0.000,0.000,,,,,NVIDIA L40S (0),1,,7,"pcg_cuda::<unnamed>::out_scatter_kernel(const pcg_cuda::DpfBlk *, const unsigned long *, unsigned long *, unsigned long, int, int, unsigned long, int)"
1390762690,1597856,3694,,,,,,,,,,33.554,20971.520,Device,Pageable,NVIDIA L40S (0),1,,7,[CUDA memcpy Device-to-Host]
1392423650,2336,3695,,,,,,,,,,0.000,109.589,Pageable,Device,NVIDIA L40S (0),1,,7,[CUDA memcpy Host-to-Device]
1392431618,608,3696,,,,,,,,,,0.005,8842.101,Pageable,Device,NVIDIA L40S (0),1,,7,[CUDA memcpy Host-to-Device]
1392435682,1312,3697,,,,,,,,,,0.000,195.122,Device,Device,NVIDIA L40S (0),1,,7,[CUDA memcpy Device-to-Device]
1392439650,2144,3698,1,1,1,128,1,1,45,0.000,0.002,,,,,NVIDIA L40S (0),1,,7,"pcg_cuda::<unnamed>::hash_kernel_chacha8(const pcg_cuda::DpfBlk *, pcg_cuda::DpfBlk *, pcg_cuda::DpfBlk *, int, int, int, unsigned long, unsigned long)"
1392442050,1472,3700,,,,,,,,,,0.000,173.913,Device,Pageable,NVIDIA L40S (0),1,,7,[CUDA memcpy Device-to-Host]
1392450946,384,3701,,,,,,,,,,0.000,666.666,Pageable,Device,NVIDIA L40S (0),1,,7,[CUDA memcpy Host-to-Device]
1392453922,1696,3702,1,1,1,128,1,1,48,0.000,0.000,,,,,NVIDIA L40S (0),1,,7,"pcg_cuda::<unnamed>::expand_kernel(const pcg_cuda::DpfBlk *, const pcg_cuda::DpfBlk *, const pcg_cuda::DpfBlk *, const pcg_cuda::DpfBlk *, pcg_cuda::DpfBlk *, int, int, int, int, unsigned long, unsigned long)"
1392457698,1056,3704,,,,,,,,,,0.000,242.424,Device,Device,NVIDIA L40S (0),1,,7,[CUDA memcpy Device-to-Device]
1392460130,1601,3705,1,1,1,128,1,1,45,0.000,0.002,,,,,NVIDIA L40S (0),1,,7,"pcg_cuda::<unnamed>::hash_kernel_chacha8(const pcg_cuda::DpfBlk *, pcg_cuda::DpfBlk *, pcg_cuda::DpfBlk *, int, int, int, unsigned long, unsigned long)"
1392463202,864,3707,,,,,,,,,,0.000,296.296,Device,Pageable,NVIDIA L40S (0),1,,7,[CUDA memcpy Device-to-Host]
1392471426,384,3708,,,,,,,,,,0.000,666.666,Pageable,Device,NVIDIA L40S (0),1,,7,[CUDA memcpy Host-to-Device]
1392473890,1536,3709,1,1,1,128,1,1,48,0.000,0.000,,,,,NVIDIA L40S (0),1,,7,"pcg_cuda::<unnamed>::expand_kernel(const pcg_cuda::DpfBlk *, const pcg_cuda::DpfBlk *, const pcg_cuda::DpfBlk *, const pcg_cuda::DpfBlk *, pcg_cuda::DpfBlk *, int, int, int, int, unsigned long, unsigned long)"
1392477474,1056,3711,,,,,,,,,,0.000,242.424,Device,Device,NVIDIA L40S (0),1,,7,[CUDA memcpy Device-to-Device]
1392479618,1600,3712,1,1,1,128,1,1,45,0.000,0.002,,,,,NVIDIA L40S (0),1,,7,"pcg_cuda::<unnamed>::hash_kernel_chacha8(const pcg_cuda::DpfBlk *, pcg_cuda::DpfBlk *, pcg_cuda::DpfBlk *, int, int, int, unsigned long, unsigned long)"
1392482114,864,3714,,,,,,,,,,0.000,296.296,Device,Pageable,NVIDIA L40S (0),1,,7,[CUDA memcpy Device-to-Host]
1392490434,384,3715,,,,,,,,,,0.000,666.666,Pageable,Device,NVIDIA L40S (0),1,,7,[CUDA memcpy Host-to-Device]
1392492802,1504,3716,1,1,1,128,1,1,48,0.000,0.000,,,,,NVIDIA L40S (0),1,,7,"pcg_cuda::<unnamed>::expand_kernel(const pcg_cuda::DpfBlk *, const pcg_cuda::DpfBlk *, const pcg_cuda::DpfBlk *, const pcg_cuda::DpfBlk *, pcg_cuda::DpfBlk *, int, int, int, int, unsigned long, unsigned long)"
1392496354,1056,3718,,,,,,,,,,0.000,242.424,Device,Device,NVIDIA L40S (0),1,,7,[CUDA memcpy Device-to-Device]
1392498530,1632,3719,1,1,1,128,1,1,45,0.000,0.002,,,,,NVIDIA L40S (0),1,,7,"pcg_cuda::<unnamed>::hash_kernel_chacha8(const pcg_cuda::DpfBlk *, pcg_cuda::DpfBlk *, pcg_cuda::DpfBlk *, int, int, int, unsigned long, unsigned long)"
1392501058,896,3721,,,,,,,,,,0.000,285.714,Device,Pageable,NVIDIA L40S (0),1,,7,[CUDA memcpy Device-to-Host]
1392509090,384,3722,,,,,,,,,,0.000,666.666,Pageable,Device,NVIDIA L40S (0),1,,7,[CUDA memcpy Host-to-Device]
1392511522,1536,3723,1,1,1,128,1,1,48,0.000,0.000,,,,,NVIDIA L40S (0),1,,7,"pcg_cuda::<unnamed>::expand_kernel(const pcg_cuda::DpfBlk *, const pcg_cuda::DpfBlk *, const pcg_cuda::DpfBlk *, const pcg_cuda::DpfBlk *, pcg_cuda::DpfBlk *, int, int, int, int, unsigned long, unsigned long)"
1392515202,1056,3725,,,,,,,,,,0.000,242.424,Device,Device,NVIDIA L40S (0),1,,7,[CUDA memcpy Device-to-Device]
1392517378,1824,3726,2,1,1,128,1,1,45,0.000,0.002,,,,,NVIDIA L40S (0),1,,7,"pcg_cuda::<unnamed>::hash_kernel_chacha8(const pcg_cuda::DpfBlk *, pcg_cuda::DpfBlk *, pcg_cuda::DpfBlk *, int, int, int, unsigned long, unsigned long)"
1392519650,896,3728,,,,,,,,,,0.000,285.714,Device,Pageable,NVIDIA L40S (0),1,,7,[CUDA memcpy Device-to-Host]
1392527778,384,3729,,,,,,,,,,0.000,666.666,Pageable,Device,NVIDIA L40S (0),1,,7,[CUDA memcpy Host-to-Device]
1392530114,1536,3730,2,1,1,128,1,1,48,0.000,0.000,,,,,NVIDIA L40S (0),1,,7,"pcg_cuda::<unnamed>::expand_kernel(const pcg_cuda::DpfBlk *, const pcg_cuda::DpfBlk *, const pcg_cuda::DpfBlk *, const pcg_cuda::DpfBlk *, pcg_cuda::DpfBlk *, int, int, int, int, unsigned long, unsigned long)"
1392533538,1056,3732,,,,,,,,,,0.000,242.424,Device,Device,NVIDIA L40S (0),1,,7,[CUDA memcpy Device-to-Device]
1392535714,2112,3733,4,1,1,128,1,1,45,0.000,0.002,,,,,NVIDIA L40S (0),1,,7,"pcg_cuda::<unnamed>::hash_kernel_chacha8(const pcg_cuda::DpfBlk *, pcg_cuda::DpfBlk *, pcg_cuda::DpfBlk *, int, int, int, unsigned long, unsigned long)"
1392538242,864,3735,,,,,,,,,,0.000,296.296,Device,Pageable,NVIDIA L40S (0),1,,7,[CUDA memcpy Device-to-Host]
1392546722,384,3736,,,,,,,,,,0.000,666.666,Pageable,Device,NVIDIA L40S (0),1,,7,[CUDA memcpy Host-to-Device]
1392549346,1568,3737,4,1,1,128,1,1,48,0.000,0.000,,,,,NVIDIA L40S (0),1,,7,"pcg_cuda::<unnamed>::expand_kernel(const pcg_cuda::DpfBlk *, const pcg_cuda::DpfBlk *, const pcg_cuda::DpfBlk *, const pcg_cuda::DpfBlk *, pcg_cuda::DpfBlk *, int, int, int, int, unsigned long, unsigned long)"
1392553026,1056,3739,,,,,,,,,,0.000,242.424,Device,Device,NVIDIA L40S (0),1,,7,[CUDA memcpy Device-to-Device]
1392555138,2752,3740,8,1,1,128,1,1,45,0.000,0.002,,,,,NVIDIA L40S (0),1,,7,"pcg_cuda::<unnamed>::hash_kernel_chacha8(const pcg_cuda::DpfBlk *, pcg_cuda::DpfBlk *, pcg_cuda::DpfBlk *, int, int, int, unsigned long, unsigned long)"
1392565955,895,3742,,,,,,,,,,0.000,286.033,Device,Pageable,NVIDIA L40S (0),1,,7,[CUDA memcpy Device-to-Host]
1392574082,416,3743,,,,,,,,,,0.000,615.385,Pageable,Device,NVIDIA L40S (0),1,,7,[CUDA memcpy Host-to-Device]
1392576547,1599,3744,8,1,1,128,1,1,48,0.000,0.000,,,,,NVIDIA L40S (0),1,,7,"pcg_cuda::<unnamed>::expand_kernel(const pcg_cuda::DpfBlk *, const pcg_cuda::DpfBlk *, const pcg_cuda::DpfBlk *, const pcg_cuda::DpfBlk *, pcg_cuda::DpfBlk *, int, int, int, int, unsigned long, unsigned long)"
1392580002,1056,3746,,,,,,,,,,0.000,242.424,Device,Device,NVIDIA L40S (0),1,,7,[CUDA memcpy Device-to-Device]
1392582146,2016,3747,16,1,1,128,1,1,45,0.000,0.002,,,,,NVIDIA L40S (0),1,,7,"pcg_cuda::<unnamed>::hash_kernel_chacha8(const pcg_cuda::DpfBlk *, pcg_cuda::DpfBlk *, pcg_cuda::DpfBlk *, int, int, int, unsigned long, unsigned long)"
1392584739,895,3749,,,,,,,,,,0.000,286.033,Device,Pageable,NVIDIA L40S (0),1,,7,[CUDA memcpy Device-to-Host]
1392593058,416,3750,,,,,,,,,,0.000,615.385,Pageable,Device,NVIDIA L40S (0),1,,7,[CUDA memcpy Host-to-Device]
1392595330,1600,3751,16,1,1,128,1,1,48,0.000,0.000,,,,,NVIDIA L40S (0),1,,7,"pcg_cuda::<unnamed>::expand_kernel(const pcg_cuda::DpfBlk *, const pcg_cuda::DpfBlk *, const pcg_cuda::DpfBlk *, const pcg_cuda::DpfBlk *, pcg_cuda::DpfBlk *, int, int, int, int, unsigned long, unsigned long)"
1392598818,1056,3753,,,,,,,,,,0.000,242.424,Device,Device,NVIDIA L40S (0),1,,7,[CUDA memcpy Device-to-Device]
1392601123,2015,3754,32,1,1,128,1,1,45,0.000,0.002,,,,,NVIDIA L40S (0),1,,7,"pcg_cuda::<unnamed>::hash_kernel_chacha8(const pcg_cuda::DpfBlk *, pcg_cuda::DpfBlk *, pcg_cuda::DpfBlk *, int, int, int, unsigned long, unsigned long)"
1392604930,864,3756,,,,,,,,,,0.000,296.296,Device,Pageable,NVIDIA L40S (0),1,,7,[CUDA memcpy Device-to-Host]
1392613122,384,3757,,,,,,,,,,0.000,666.666,Pageable,Device,NVIDIA L40S (0),1,,7,[CUDA memcpy Host-to-Device]
1392615682,1632,3758,32,1,1,128,1,1,48,0.000,0.000,,,,,NVIDIA L40S (0),1,,7,"pcg_cuda::<unnamed>::expand_kernel(const pcg_cuda::DpfBlk *, const pcg_cuda::DpfBlk *, const pcg_cuda::DpfBlk *, const pcg_cuda::DpfBlk *, pcg_cuda::DpfBlk *, int, int, int, int, unsigned long, unsigned long)"
1392619490,1057,3760,,,,,,,,,,0.000,242.195,Device,Device,NVIDIA L40S (0),1,,7,[CUDA memcpy Device-to-Device]
1392621538,2048,3761,64,1,1,128,1,1,45,0.000,0.002,,,,,NVIDIA L40S (0),1,,7,"pcg_cuda::<unnamed>::hash_kernel_chacha8(const pcg_cuda::DpfBlk *, pcg_cuda::DpfBlk *, pcg_cuda::DpfBlk *, int, int, int, unsigned long, unsigned long)"
1392624162,864,3763,,,,,,,,,,0.000,296.296,Device,Pageable,NVIDIA L40S (0),1,,7,[CUDA memcpy Device-to-Host]
1392632674,384,3764,,,,,,,,,,0.000,666.666,Pageable,Device,NVIDIA L40S (0),1,,7,[CUDA memcpy Host-to-Device]
1392635234,1600,3765,64,1,1,128,1,1,48,0.000,0.000,,,,,NVIDIA L40S (0),1,,7,"pcg_cuda::<unnamed>::expand_kernel(const pcg_cuda::DpfBlk *, const pcg_cuda::DpfBlk *, const pcg_cuda::DpfBlk *, const pcg_cuda::DpfBlk *, pcg_cuda::DpfBlk *, int, int, int, int, unsigned long, unsigned long)"
1392638690,1056,3767,,,,,,,,,,0.000,242.424,Device,Device,NVIDIA L40S (0),1,,7,[CUDA memcpy Device-to-Device]
1392641218,2112,3768,128,1,1,128,1,1,45,0.000,0.002,,,,,NVIDIA L40S (0),1,,7,"pcg_cuda::<unnamed>::hash_kernel_chacha8(const pcg_cuda::DpfBlk *, pcg_cuda::DpfBlk *, pcg_cuda::DpfBlk *, int, int, int, unsigned long, unsigned long)"
1392643650,896,3770,,,,,,,,,,0.000,285.714,Device,Pageable,NVIDIA L40S (0),1,,7,[CUDA memcpy Device-to-Host]
1392651842,384,3771,,,,,,,,,,0.000,666.666,Pageable,Device,NVIDIA L40S (0),1,,7,[CUDA memcpy Host-to-Device]
1392654242,1824,3772,128,1,1,128,1,1,48,0.000,0.000,,,,,NVIDIA L40S (0),1,,7,"pcg_cuda::<unnamed>::expand_kernel(const pcg_cuda::DpfBlk *, const pcg_cuda::DpfBlk *, const pcg_cuda::DpfBlk *, const pcg_cuda::DpfBlk *, pcg_cuda::DpfBlk *, int, int, int, int, unsigned long, unsigned long)"
1392657922,1056,3774,,,,,,,,,,0.000,242.424,Device,Device,NVIDIA L40S (0),1,,7,[CUDA memcpy Device-to-Device]
1392660227,2463,3775,256,1,1,128,1,1,45,0.000,0.002,,,,,NVIDIA L40S (0),1,,7,"pcg_cuda::<unnamed>::hash_kernel_chacha8(const pcg_cuda::DpfBlk *, pcg_cuda::DpfBlk *, pcg_cuda::DpfBlk *, int, int, int, unsigned long, unsigned long)"
1392662978,896,3777,,,,,,,,,,0.000,285.714,Device,Pageable,NVIDIA L40S (0),1,,7,[CUDA memcpy Device-to-Host]
1392671362,384,3778,,,,,,,,,,0.000,666.666,Pageable,Device,NVIDIA L40S (0),1,,7,[CUDA memcpy Host-to-Device]
1392673890,2401,3779,256,1,1,128,1,1,48,0.000,0.000,,,,,NVIDIA L40S (0),1,,7,"pcg_cuda::<unnamed>::expand_kernel(const pcg_cuda::DpfBlk *, const pcg_cuda::DpfBlk *, const pcg_cuda::DpfBlk *, const pcg_cuda::DpfBlk *, pcg_cuda::DpfBlk *, int, int, int, int, unsigned long, unsigned long)"
1392677506,1056,3781,,,,,,,,,,0.000,242.424,Device,Device,NVIDIA L40S (0),1,,7,[CUDA memcpy Device-to-Device]
1392679811,3071,3782,512,1,1,128,1,1,45,0.000,0.002,,,,,NVIDIA L40S (0),1,,7,"pcg_cuda::<unnamed>::hash_kernel_chacha8(const pcg_cuda::DpfBlk *, pcg_cuda::DpfBlk *, pcg_cuda::DpfBlk *, int, int, int, unsigned long, unsigned long)"
1392690883,895,3784,,,,,,,,,,0.000,286.033,Device,Pageable,NVIDIA L40S (0),1,,7,[CUDA memcpy Device-to-Host]
1392698978,384,3785,,,,,,,,,,0.000,666.666,Pageable,Device,NVIDIA L40S (0),1,,7,[CUDA memcpy Host-to-Device]
1392706370,3328,3786,512,1,1,128,1,1,48,0.000,0.000,,,,,NVIDIA L40S (0),1,,7,"pcg_cuda::<unnamed>::expand_kernel(const pcg_cuda::DpfBlk *, const pcg_cuda::DpfBlk *, const pcg_cuda::DpfBlk *, const pcg_cuda::DpfBlk *, pcg_cuda::DpfBlk *, int, int, int, int, unsigned long, unsigned long)"
1392710402,1024,3788,,,,,,,,,,0.000,250.000,Device,Device,NVIDIA L40S (0),1,,7,[CUDA memcpy Device-to-Device]
1392712354,4992,3789,1024,1,1,128,1,1,45,0.000,0.002,,,,,NVIDIA L40S (0),1,,7,"pcg_cuda::<unnamed>::hash_kernel_chacha8(const pcg_cuda::DpfBlk *, pcg_cuda::DpfBlk *, pcg_cuda::DpfBlk *, int, int, int, unsigned long, unsigned long)"
1392723651,895,3791,,,,,,,,,,0.000,286.033,Device,Pageable,NVIDIA L40S (0),1,,7,[CUDA memcpy Device-to-Host]
1392732098,385,3792,,,,,,,,,,0.000,664.935,Pageable,Device,NVIDIA L40S (0),1,,7,[CUDA memcpy Host-to-Device]
1392734466,6656,3793,1024,1,1,128,1,1,48,0.000,0.000,,,,,NVIDIA L40S (0),1,,7,"pcg_cuda::<unnamed>::expand_kernel(const pcg_cuda::DpfBlk *, const pcg_cuda::DpfBlk *, const pcg_cuda::DpfBlk *, const pcg_cuda::DpfBlk *, pcg_cuda::DpfBlk *, int, int, int, int, unsigned long, unsigned long)"
1392741826,1056,3795,,,,,,,,,,0.000,242.424,Device,Device,NVIDIA L40S (0),1,,7,[CUDA memcpy Device-to-Device]
1392743586,7744,3796,2048,1,1,128,1,1,45,0.000,0.002,,,,,NVIDIA L40S (0),1,,7,"pcg_cuda::<unnamed>::hash_kernel_chacha8(const pcg_cuda::DpfBlk *, pcg_cuda::DpfBlk *, pcg_cuda::DpfBlk *, int, int, int, unsigned long, unsigned long)"
1392759490,896,3798,,,,,,,,,,0.000,285.714,Device,Pageable,NVIDIA L40S (0),1,,7,[CUDA memcpy Device-to-Host]
1392767811,383,3799,,,,,,,,,,0.000,668.407,Pageable,Device,NVIDIA L40S (0),1,,7,[CUDA memcpy Host-to-Device]
1392770786,11329,3800,2048,1,1,128,1,1,48,0.000,0.000,,,,,NVIDIA L40S (0),1,,7,"pcg_cuda::<unnamed>::expand_kernel(const pcg_cuda::DpfBlk *, const pcg_cuda::DpfBlk *, const pcg_cuda::DpfBlk *, const pcg_cuda::DpfBlk *, pcg_cuda::DpfBlk *, int, int, int, int, unsigned long, unsigned long)"
1392782818,1057,3802,,,,,,,,,,0.000,242.195,Device,Device,NVIDIA L40S (0),1,,7,[CUDA memcpy Device-to-Device]
1392784546,13473,3803,4096,1,1,128,1,1,45,0.000,0.002,,,,,NVIDIA L40S (0),1,,7,"pcg_cuda::<unnamed>::hash_kernel_chacha8(const pcg_cuda::DpfBlk *, pcg_cuda::DpfBlk *, pcg_cuda::DpfBlk *, int, int, int, unsigned long, unsigned long)"
1392804546,896,3805,,,,,,,,,,0.000,285.714,Device,Pageable,NVIDIA L40S (0),1,,7,[CUDA memcpy Device-to-Host]
1392812962,384,3806,,,,,,,,,,0.000,666.666,Pageable,Device,NVIDIA L40S (0),1,,7,[CUDA memcpy Host-to-Device]
1392815523,22111,3807,4096,1,1,128,1,1,48,0.000,0.000,,,,,NVIDIA L40S (0),1,,7,"pcg_cuda::<unnamed>::expand_kernel(const pcg_cuda::DpfBlk *, const pcg_cuda::DpfBlk *, const pcg_cuda::DpfBlk *, const pcg_cuda::DpfBlk *, pcg_cuda::DpfBlk *, int, int, int, int, unsigned long, unsigned long)"
1392838274,1056,3809,,,,,,,,,,0.000,242.424,Device,Device,NVIDIA L40S (0),1,,7,[CUDA memcpy Device-to-Device]
1392840002,24864,3810,8192,1,1,128,1,1,45,0.000,0.002,,,,,NVIDIA L40S (0),1,,7,"pcg_cuda::<unnamed>::hash_kernel_chacha8(const pcg_cuda::DpfBlk *, pcg_cuda::DpfBlk *, pcg_cuda::DpfBlk *, int, int, int, unsigned long, unsigned long)"
1392865570,896,3812,,,,,,,,,,0.000,285.714,Device,Pageable,NVIDIA L40S (0),1,,7,[CUDA memcpy Device-to-Host]
1392873955,383,3813,,,,,,,,,,0.000,668.407,Pageable,Device,NVIDIA L40S (0),1,,7,[CUDA memcpy Host-to-Device]
1392876162,42688,3814,8192,1,1,128,1,1,48,0.000,0.000,,,,,NVIDIA L40S (0),1,,7,"pcg_cuda::<unnamed>::expand_kernel(const pcg_cuda::DpfBlk *, const pcg_cuda::DpfBlk *, const pcg_cuda::DpfBlk *, const pcg_cuda::DpfBlk *, pcg_cuda::DpfBlk *, int, int, int, int, unsigned long, unsigned long)"
1392919618,1760,3816,,,,,,,,,,0.000,145.454,Device,Device,NVIDIA L40S (0),1,,7,[CUDA memcpy Device-to-Device]
1392922114,49345,3817,16384,1,1,128,1,1,45,0.000,0.002,,,,,NVIDIA L40S (0),1,,7,"pcg_cuda::<unnamed>::hash_kernel_chacha8(const pcg_cuda::DpfBlk *, pcg_cuda::DpfBlk *, pcg_cuda::DpfBlk *, int, int, int, unsigned long, unsigned long)"
1392976579,895,3819,,,,,,,,,,0.000,286.033,Device,Pageable,NVIDIA L40S (0),1,,7,[CUDA memcpy Device-to-Host]
1392985122,416,3820,,,,,,,,,,0.000,615.385,Pageable,Device,NVIDIA L40S (0),1,,7,[CUDA memcpy Host-to-Device]
1392987523,133600,3821,16384,1,1,128,1,1,48,0.000,0.000,,,,,NVIDIA L40S (0),1,,7,"pcg_cuda::<unnamed>::expand_kernel(const pcg_cuda::DpfBlk *, const pcg_cuda::DpfBlk *, const pcg_cuda::DpfBlk *, const pcg_cuda::DpfBlk *, pcg_cuda::DpfBlk *, int, int, int, int, unsigned long, unsigned long)"
1393121858,1953,3823,,,,,,,,,,0.000,131.080,Device,Device,NVIDIA L40S (0),1,,7,[CUDA memcpy Device-to-Device]
1393124546,199968,3824,32768,1,1,128,1,1,45,0.000,0.002,,,,,NVIDIA L40S (0),1,,7,"pcg_cuda::<unnamed>::hash_kernel_chacha8(const pcg_cuda::DpfBlk *, pcg_cuda::DpfBlk *, pcg_cuda::DpfBlk *, int, int, int, unsigned long, unsigned long)"
1393332931,895,3826,,,,,,,,,,0.000,286.033,Device,Pageable,NVIDIA L40S (0),1,,7,[CUDA memcpy Device-to-Host]
1393341186,385,3827,,,,,,,,,,0.000,664.935,Pageable,Device,NVIDIA L40S (0),1,,7,[CUDA memcpy Host-to-Device]
1393343523,382240,3828,32768,1,1,128,1,1,48,0.000,0.000,,,,,NVIDIA L40S (0),1,,7,"pcg_cuda::<unnamed>::expand_kernel(const pcg_cuda::DpfBlk *, const pcg_cuda::DpfBlk *, const pcg_cuda::DpfBlk *, const pcg_cuda::DpfBlk *, pcg_cuda::DpfBlk *, int, int, int, int, unsigned long, unsigned long)"
1393726499,1727,3830,,,,,,,,,,0.000,148.234,Device,Device,NVIDIA L40S (0),1,,7,[CUDA memcpy Device-to-Device]
1393728995,388448,3831,65536,1,1,128,1,1,45,0.000,0.002,,,,,NVIDIA L40S (0),1,,7,"pcg_cuda::<unnamed>::hash_kernel_chacha8(const pcg_cuda::DpfBlk *, pcg_cuda::DpfBlk *, pcg_cuda::DpfBlk *, int, int, int, unsigned long, unsigned long)"
1394120387,1024,3833,,,,,,,,,,0.000,250.000,Device,Pageable,NVIDIA L40S (0),1,,7,[CUDA memcpy Device-to-Host]
1394129123,384,3834,,,,,,,,,,0.000,666.666,Pageable,Device,NVIDIA L40S (0),1,,7,[CUDA memcpy Host-to-Device]
1394131203,788224,3835,65536,1,1,128,1,1,48,0.000,0.000,,,,,NVIDIA L40S (0),1,,7,"pcg_cuda::<unnamed>::expand_kernel(const pcg_cuda::DpfBlk *, const pcg_cuda::DpfBlk *, const pcg_cuda::DpfBlk *, const pcg_cuda::DpfBlk *, pcg_cuda::DpfBlk *, int, int, int, int, unsigned long, unsigned long)"
1394920195,2208,3837,,,,,,,,,,0.000,115.942,Device,Device,NVIDIA L40S (0),1,,7,[CUDA memcpy Device-to-Device]
1394923171,791232,3838,131072,1,1,128,1,1,45,0.000,0.002,,,,,NVIDIA L40S (0),1,,7,"pcg_cuda::<unnamed>::hash_kernel_chacha8(const pcg_cuda::DpfBlk *, pcg_cuda::DpfBlk *, pcg_cuda::DpfBlk *, int, int, int, unsigned long, unsigned long)"
1395721923,1024,3840,,,,,,,,,,0.000,250.000,Device,Pageable,NVIDIA L40S (0),1,,7,[CUDA memcpy Device-to-Host]
1396778339,384,3841,,,,,,,,,,0.000,666.666,Pageable,Device,NVIDIA L40S (0),1,,7,[CUDA memcpy Host-to-Device]
1396782819,1593888,3842,131072,1,1,128,1,1,48,0.000,0.000,,,,,NVIDIA L40S (0),1,,7,"pcg_cuda::<unnamed>::expand_kernel(const pcg_cuda::DpfBlk *, const pcg_cuda::DpfBlk *, const pcg_cuda::DpfBlk *, const pcg_cuda::DpfBlk *, pcg_cuda::DpfBlk *, int, int, int, int, unsigned long, unsigned long)"
1398377476,816864,3844,1024,16,1,256,1,1,34,0.000,0.004,,,,,NVIDIA L40S (0),1,,7,"pcg_cuda::<unnamed>::out_sum_kernel(const pcg_cuda::DpfBlk *, unsigned long *, unsigned long, unsigned long, int)"
1399195012,3392,3846,16,1,1,256,1,1,22,0.000,0.004,,,,,NVIDIA L40S (0),1,,7,"pcg_cuda::<unnamed>::out_fold_kernel(const unsigned long *, unsigned long *, int, int, unsigned long)"
1399199428,896,3848,,,,,,,,,,0.000,285.714,Device,Pageable,NVIDIA L40S (0),1,,7,[CUDA memcpy Device-to-Host]
1399208292,384,3849,,,,,,,,,,0.000,333.333,Pageable,Device,NVIDIA L40S (0),1,,7,[CUDA memcpy Host-to-Device]
1399211748,12256,3850,,,,,,,,,,33.554,2737773.216,Device,,NVIDIA L40S (0),1,,7,[CUDA memset]
1399224772,1123904,3851,1024,16,1,256,1,1,38,0.000,0.000,,,,,NVIDIA L40S (0),1,,7,"pcg_cuda::<unnamed>::out_scatter_kernel(const pcg_cuda::DpfBlk *, const unsigned long *, unsigned long *, unsigned long, int, int, unsigned long, int)"
1400350404,1596864,3853,,,,,,,,,,33.554,21005.074,Device,Pageable,NVIDIA L40S (0),1,,7,[CUDA memcpy Device-to-Host]
1402011876,2369,3854,,,,,,,,,,0.000,108.062,Pageable,Device,NVIDIA L40S (0),1,,7,[CUDA memcpy Host-to-Device]
1402020100,608,3855,,,,,,,,,,0.005,8842.101,Pageable,Device,NVIDIA L40S (0),1,,7,[CUDA memcpy Host-to-Device]
1402024676,1344,3856,,,,,,,,,,0.000,190.476,Device,Device,NVIDIA L40S (0),1,,7,[CUDA memcpy Device-to-Device]
1402030756,2016,3857,1,1,1,128,1,1,45,0.000,0.002,,,,,NVIDIA L40S (0),1,,7,"pcg_cuda::<unnamed>::hash_kernel_chacha8(const pcg_cuda::DpfBlk *, pcg_cuda::DpfBlk *, pcg_cuda::DpfBlk *, int, int, int, unsigned long, unsigned long)"
1402034116,1472,3859,,,,,,,,,,0.000,173.913,Device,Pageable,NVIDIA L40S (0),1,,7,[CUDA memcpy Device-to-Host]
1402043172,384,3860,,,,,,,,,,0.000,666.666,Pageable,Device,NVIDIA L40S (0),1,,7,[CUDA memcpy Host-to-Device]
1402046052,1664,3861,1,1,1,128,1,1,48,0.000,0.000,,,,,NVIDIA L40S (0),1,,7,"pcg_cuda::<unnamed>::expand_kernel(const pcg_cuda::DpfBlk *, const pcg_cuda::DpfBlk *, const pcg_cuda::DpfBlk *, const pcg_cuda::DpfBlk *, pcg_cuda::DpfBlk *, int, int, int, int, unsigned long, unsigned long)"
1402049636,1056,3863,,,,,,,,,,0.000,242.424,Device,Device,NVIDIA L40S (0),1,,7,[CUDA memcpy Device-to-Device]
1402052036,1568,3864,1,1,1,128,1,1,45,0.000,0.002,,,,,NVIDIA L40S (0),1,,7,"pcg_cuda::<unnamed>::hash_kernel_chacha8(const pcg_cuda::DpfBlk *, pcg_cuda::DpfBlk *, pcg_cuda::DpfBlk *, int, int, int, unsigned long, unsigned long)"
1402054628,896,3866,,,,,,,,,,0.000,285.714,Device,Pageable,NVIDIA L40S (0),1,,7,[CUDA memcpy Device-to-Host]
1402062852,384,3867,,,,,,,,,,0.000,666.666,Pageable,Device,NVIDIA L40S (0),1,,7,[CUDA memcpy Host-to-Device]
1402065220,1504,3868,1,1,1,128,1,1,48,0.000,0.000,,,,,NVIDIA L40S (0),1,,7,"pcg_cuda::<unnamed>::expand_kernel(const pcg_cuda::DpfBlk *, const pcg_cuda::DpfBlk *, const pcg_cuda::DpfBlk *, const pcg_cuda::DpfBlk *, pcg_cuda::DpfBlk *, int, int, int, int, unsigned long, unsigned long)"
1402069572,1056,3870,,,,,,,,,,0.000,242.424,Device,Device,NVIDIA L40S (0),1,,7,[CUDA memcpy Device-to-Device]
1402071588,1600,3871,1,1,1,128,1,1,45,0.000,0.002,,,,,NVIDIA L40S (0),1,,7,"pcg_cuda::<unnamed>::hash_kernel_chacha8(const pcg_cuda::DpfBlk *, pcg_cuda::DpfBlk *, pcg_cuda::DpfBlk *, int, int, int, unsigned long, unsigned long)"
1402073732,864,3873,,,,,,,,,,0.000,296.296,Device,Pageable,NVIDIA L40S (0),1,,7,[CUDA memcpy Device-to-Host]
1402081892,384,3874,,,,,,,,,,0.000,666.666,Pageable,Device,NVIDIA L40S (0),1,,7,[CUDA memcpy Host-to-Device]
1402084004,1504,3875,1,1,1,128,1,1,48,0.000,0.000,,,,,NVIDIA L40S (0),1,,7,"pcg_cuda::<unnamed>::expand_kernel(const pcg_cuda::DpfBlk *, const pcg_cuda::DpfBlk *, const pcg_cuda::DpfBlk *, const pcg_cuda::DpfBlk *, pcg_cuda::DpfBlk *, int, int, int, int, unsigned long, unsigned long)"
1402087844,1024,3877,,,,,,,,,,0.000,250.000,Device,Device,NVIDIA L40S (0),1,,7,[CUDA memcpy Device-to-Device]
1402090116,1664,3878,1,1,1,128,1,1,45,0.000,0.002,,,,,NVIDIA L40S (0),1,,7,"pcg_cuda::<unnamed>::hash_kernel_chacha8(const pcg_cuda::DpfBlk *, pcg_cuda::DpfBlk *, pcg_cuda::DpfBlk *, int, int, int, unsigned long, unsigned long)"
1402092356,897,3880,,,,,,,,,,0.000,285.396,Device,Pageable,NVIDIA L40S (0),1,,7,[CUDA memcpy Device-to-Host]
1402100580,416,3881,,,,,,,,,,0.000,615.385,Pageable,Device,NVIDIA L40S (0),1,,7,[CUDA memcpy Host-to-Device]
1402102885,1535,3882,1,1,1,128,1,1,48,0.000,0.000,,,,,NVIDIA L40S (0),1,,7,"pcg_cuda::<unnamed>::expand_kernel(const pcg_cuda::DpfBlk *, const pcg_cuda::DpfBlk *, const pcg_cuda::DpfBlk *, const pcg_cuda::DpfBlk *, pcg_cuda::DpfBlk *, int, int, int, int, unsigned long, unsigned long)"
1402106404,1024,3884,,,,,,,,,,0.000,250.000,Device,Device,NVIDIA L40S (0),1,,7,[CUDA memcpy Device-to-Device]
1402108900,1857,3885,2,1,1,128,1,1,45,0.000,0.002,,,,,NVIDIA L40S (0),1,,7,"pcg_cuda::<unnamed>::hash_kernel_chacha8(const pcg_cuda::DpfBlk *, pcg_cuda::DpfBlk *, pcg_cuda::DpfBlk *, int, int, int, unsigned long, unsigned long)"
1402111108,896,3887,,,,,,,,,,0.000,285.714,Device,Pageable,NVIDIA L40S (0),1,,7,[CUDA memcpy Device-to-Host]
1402124708,416,3888,,,,,,,,,,0.000,615.385,Pageable,Device,NVIDIA L40S (0),1,,7,[CUDA memcpy Host-to-Device]
1402126628,1568,3889,2,1,1,128,1,1,48,0.000,0.000,,,,,NVIDIA L40S (0),1,,7,"pcg_cuda::<unnamed>::expand_kernel(const pcg_cuda::DpfBlk *, const pcg_cuda::DpfBlk *, const pcg_cuda::DpfBlk *, const pcg_cuda::DpfBlk *, pcg_cuda::DpfBlk *, int, int, int, int, unsigned long, unsigned long)"
1402130340,1056,3891,,,,,,,,,,0.000,242.424,Device,Device,NVIDIA L40S (0),1,,7,[CUDA memcpy Device-to-Device]
1402132708,2336,3892,4,1,1,128,1,1,45,0.000,0.002,,,,,NVIDIA L40S (0),1,,7,"pcg_cuda::<unnamed>::hash_kernel_chacha8(const pcg_cuda::DpfBlk *, pcg_cuda::DpfBlk *, pcg_cuda::DpfBlk *, int, int, int, unsigned long, unsigned long)"
1402135333,895,3894,,,,,,,,,,0.000,286.033,Device,Pageable,NVIDIA L40S (0),1,,7,[CUDA memcpy Device-to-Host]
1402143556,384,3895,,,,,,,,,,0.000,666.666,Pageable,Device,NVIDIA L40S (0),1,,7,[CUDA memcpy Host-to-Device]
1402145765,1600,3896,4,1,1,128,1,1,48,0.000,0.000,,,,,NVIDIA L40S (0),1,,7,"pcg_cuda::<unnamed>::expand_kernel(const pcg_cuda::DpfBlk *, const pcg_cuda::DpfBlk *, const pcg_cuda::DpfBlk *, const pcg_cuda::DpfBlk *, pcg_cuda::DpfBlk *, int, int, int, int, unsigned long, unsigned long)"
1402149444,1024,3898,,,,,,,,,,0.000,250.000,Device,Device,NVIDIA L40S (0),1,,7,[CUDA memcpy Device-to-Device]
1402152037,2815,3899,8,1,1,128,1,1,45,0.000,0.002,,,,,NVIDIA L40S (0),1,,7,"pcg_cuda::<unnamed>::hash_kernel_chacha8(const pcg_cuda::DpfBlk *, pcg_cuda::DpfBlk *, pcg_cuda::DpfBlk *, int, int, int, unsigned long, unsigned long)"
1402162884,896,3901,,,,,,,,,,0.000,285.714,Device,Pageable,NVIDIA L40S (0),1,,7,[CUDA memcpy Device-to-Host]
1402171236,385,3902,,,,,,,,,,0.000,664.935,Pageable,Device,NVIDIA L40S (0),1,,7,[CUDA memcpy Host-to-Device]
1402173572,1568,3903,8,1,1,128,1,1,48,0.000,0.000,,,,,NVIDIA L40S (0),1,,7,"pcg_cuda::<unnamed>::expand_kernel(const pcg_cuda::DpfBlk *, const pcg_cuda::DpfBlk *, const pcg_cuda::DpfBlk *, const pcg_cuda::DpfBlk *, pcg_cuda::DpfBlk *, int, int, int, int, unsigned long, unsigned long)"
1402177284,1056,3905,,,,,,,,,,0.000,242.424,Device,Device,NVIDIA L40S (0),1,,7,[CUDA memcpy Device-to-Device]
1402179653,2047,3906,16,1,1,128,1,1,45,0.000,0.002,,,,,NVIDIA L40S (0),1,,7,"pcg_cuda::<unnamed>::hash_kernel_chacha8(const pcg_cuda::DpfBlk *, pcg_cuda::DpfBlk *, pcg_cuda::DpfBlk *, int, int, int, unsigned long, unsigned long)"
1402181956,928,3908,,,,,,,,,,0.000,275.862,Device,Pageable,NVIDIA L40S (0),1,,7,[CUDA memcpy Device-to-Host]
1402190116,416,3909,,,,,,,,,,0.000,615.385,Pageable,Device,NVIDIA L40S (0),1,,7,[CUDA memcpy Host-to-Device]
1402192516,1568,3910,16,1,1,128,1,1,48,0.000,0.000,,,,,NVIDIA L40S (0),1,,7,"pcg_cuda::<unnamed>::expand_kernel(const pcg_cuda::DpfBlk *, const pcg_cuda::DpfBlk *, const pcg_cuda::DpfBlk *, const pcg_cuda::DpfBlk *, pcg_cuda::DpfBlk *, int, int, int, int, unsigned long, unsigned long)"
1402196068,1056,3912,,,,,,,,,,0.000,242.424,Device,Device,NVIDIA L40S (0),1,,7,[CUDA memcpy Device-to-Device]
1402198468,2016,3913,32,1,1,128,1,1,45,0.000,0.002,,,,,NVIDIA L40S (0),1,,7,"pcg_cuda::<unnamed>::hash_kernel_chacha8(const pcg_cuda::DpfBlk *, pcg_cuda::DpfBlk *, pcg_cuda::DpfBlk *, int, int, int, unsigned long, unsigned long)"
1402200740,896,3915,,,,,,,,,,0.000,285.714,Device,Pageable,NVIDIA L40S (0),1,,7,[CUDA memcpy Device-to-Host]
1402208900,384,3916,,,,,,,,,,0.000,666.666,Pageable,Device,NVIDIA L40S (0),1,,7,[CUDA memcpy Host-to-Device]
1402211140,1601,3917,32,1,1,128,1,1,48,0.000,0.000,,,,,NVIDIA L40S (0),1,,7,"pcg_cuda::<unnamed>::expand_kernel(const pcg_cuda::DpfBlk *, const pcg_cuda::DpfBlk *, const pcg_cuda::DpfBlk *, const pcg_cuda::DpfBlk *, pcg_cuda::DpfBlk *, int, int, int, int, unsigned long, unsigned long)"
1402214916,1056,3919,,,,,,,,,,0.000,242.424,Device,Device,NVIDIA L40S (0),1,,7,[CUDA memcpy Device-to-Device]
1402217124,2048,3920,64,1,1,128,1,1,45,0.000,0.002,,,,,NVIDIA L40S (0),1,,7,"pcg_cuda::<unnamed>::hash_kernel_chacha8(const pcg_cuda::DpfBlk *, pcg_cuda::DpfBlk *, pcg_cuda::DpfBlk *, int, int, int, unsigned long, unsigned long)"
1402219556,896,3922,,,,,,,,,,0.000,285.714,Device,Pageable,NVIDIA L40S (0),1,,7,[CUDA memcpy Device-to-Host]
1402227716,384,3923,,,,,,,,,,0.000,666.666,Pageable,Device,NVIDIA L40S (0),1,,7,[CUDA memcpy Host-to-Device]
1402229956,1632,3924,64,1,1,128,1,1,48,0.000,0.000,,,,,NVIDIA L40S (0),1,,7,"pcg_cuda::<unnamed>::expand_kernel(const pcg_cuda::DpfBlk *, const pcg_cuda::DpfBlk *, const pcg_cuda::DpfBlk *, const pcg_cuda::DpfBlk *, pcg_cuda::DpfBlk *, int, int, int, int, unsigned long, unsigned long)"
1402233700,1056,3926,,,,,,,,,,0.000,242.424,Device,Device,NVIDIA L40S (0),1,,7,[CUDA memcpy Device-to-Device]
1402237444,2144,3927,128,1,1,128,1,1,45,0.000,0.002,,,,,NVIDIA L40S (0),1,,7,"pcg_cuda::<unnamed>::hash_kernel_chacha8(const pcg_cuda::DpfBlk *, pcg_cuda::DpfBlk *, pcg_cuda::DpfBlk *, int, int, int, unsigned long, unsigned long)"
1402247876,896,3929,,,,,,,,,,0.000,285.714,Device,Pageable,NVIDIA L40S (0),1,,7,[CUDA memcpy Device-to-Host]
1402256101,415,3930,,,,,,,,,,0.000,616.867,Pageable,Device,NVIDIA L40S (0),1,,7,[CUDA memcpy Host-to-Device]
1402258468,1793,3931,128,1,1,128,1,1,48,0.000,0.000,,,,,NVIDIA L40S (0),1,,7,"pcg_cuda::<unnamed>::expand_kernel(const pcg_cuda::DpfBlk *, const pcg_cuda::DpfBlk *, const pcg_cuda::DpfBlk *, const pcg_cuda::DpfBlk *, pcg_cuda::DpfBlk *, int, int, int, int, unsigned long, unsigned long)"
1402262468,1056,3933,,,,,,,,,,0.000,242.424,Device,Device,NVIDIA L40S (0),1,,7,[CUDA memcpy Device-to-Device]
1402264900,2464,3934,256,1,1,128,1,1,45,0.000,0.002,,,,,NVIDIA L40S (0),1,,7,"pcg_cuda::<unnamed>::hash_kernel_chacha8(const pcg_cuda::DpfBlk *, pcg_cuda::DpfBlk *, pcg_cuda::DpfBlk *, int, int, int, unsigned long, unsigned long)"
1402267653,863,3936,,,,,,,,,,0.000,296.639,Device,Pageable,NVIDIA L40S (0),1,,7,[CUDA memcpy Device-to-Host]
1402275716,416,3937,,,,,,,,,,0.000,615.385,Pageable,Device,NVIDIA L40S (0),1,,7,[CUDA memcpy Host-to-Device]
1402277925,2495,3938,256,1,1,128,1,1,48,0.000,0.000,,,,,NVIDIA L40S (0),1,,7,"pcg_cuda::<unnamed>::expand_kernel(const pcg_cuda::DpfBlk *, const pcg_cuda::DpfBlk *, const pcg_cuda::DpfBlk *, const pcg_cuda::DpfBlk *, pcg_cuda::DpfBlk *, int, int, int, int, unsigned long, unsigned long)"
1402281700,1057,3940,,,,,,,,,,0.000,242.195,Device,Device,NVIDIA L40S (0),1,,7,[CUDA memcpy Device-to-Device]
1402284164,3136,3941,512,1,1,128,1,1,45,0.000,0.002,,,,,NVIDIA L40S (0),1,,7,"pcg_cuda::<unnamed>::hash_kernel_chacha8(const pcg_cuda::DpfBlk *, pcg_cuda::DpfBlk *, pcg_cuda::DpfBlk *, int, int, int, unsigned long, unsigned long)"
1402294980,896,3943,,,,,,,,,,0.000,285.714,Device,Pageable,NVIDIA L40S (0),1,,7,[CUDA memcpy Device-to-Host]
1402303204,384,3944,,,,,,,,,,0.000,666.666,Pageable,Device,NVIDIA L40S (0),1,,7,[CUDA memcpy Host-to-Device]
1402305508,3328,3945,512,1,1,128,1,1,48,0.000,0.000,,,,,NVIDIA L40S (0),1,,7,"pcg_cuda::<unnamed>::expand_kernel(const pcg_cuda::DpfBlk *, const pcg_cuda::DpfBlk *, const pcg_cuda::DpfBlk *, const pcg_cuda::DpfBlk *, pcg_cuda::DpfBlk *, int, int, int, int, unsigned long, unsigned long)"
1402309573,1055,3947,,,,,,,,,,0.000,242.654,Device,Device,NVIDIA L40S (0),1,,7,[CUDA memcpy Device-to-Device]
1402311300,4865,3948,1024,1,1,128,1,1,45,0.000,0.002,,,,,NVIDIA L40S (0),1,,7,"pcg_cuda::<unnamed>::hash_kernel_chacha8(const pcg_cuda::DpfBlk *, pcg_cuda::DpfBlk *, pcg_cuda::DpfBlk *, int, int, int, unsigned long, unsigned long)"
1402322628,1024,3950,,,,,,,,,,0.000,250.000,Device,Pageable,NVIDIA L40S (0),1,,7,[CUDA memcpy Device-to-Host]
1402330852,385,3951,,,,,,,,,,0.000,664.935,Pageable,Device,NVIDIA L40S (0),1,,7,[CUDA memcpy Host-to-Device]
1402333092,6688,3952,1024,1,1,128,1,1,48,0.000,0.000,,,,,NVIDIA L40S (0),1,,7,"pcg_cuda::<unnamed>::expand_kernel(const pcg_cuda::DpfBlk *, const pcg_cuda::DpfBlk *, const pcg_cuda::DpfBlk *, const pcg_cuda::DpfBlk *, pcg_cuda::DpfBlk *, int, int, int, int, unsigned long, unsigned long)"
1402340549,1055,3954,,,,,,,,,,0.000,242.654,Device,Device,NVIDIA L40S (0),1,,7,[CUDA memcpy Device-to-Device]
1402342244,7840,3955,2048,1,1,128,1,1,45,0.000,0.002,,,,,NVIDIA L40S (0),1,,7,"pcg_cuda::<unnamed>::hash_kernel_chacha8(const pcg_cuda::DpfBlk *, pcg_cuda::DpfBlk *, pcg_cuda::DpfBlk *, int, int, int, unsigned long, unsigned long)"
1402358468,897,3957,,,,,,,,,,0.000,285.396,Device,Pageable,NVIDIA L40S (0),1,,7,[CUDA memcpy Device-to-Host]
1402366628,417,3958,,,,,,,,,,0.000,613.909,Pageable,Device,NVIDIA L40S (0),1,,7,[CUDA memcpy Host-to-Device]
1402368964,11552,3959,2048,1,1,128,1,1,48,0.000,0.000,,,,,NVIDIA L40S (0),1,,7,"pcg_cuda::<unnamed>::expand_kernel(const pcg_cuda::DpfBlk *, const pcg_cuda::DpfBlk *, const pcg_cuda::DpfBlk *, const pcg_cuda::DpfBlk *, pcg_cuda::DpfBlk *, int, int, int, int, unsigned long, unsigned long)"
1402381252,1057,3961,,,,,,,,,,0.000,242.195,Device,Device,NVIDIA L40S (0),1,,7,[CUDA memcpy Device-to-Device]
1402382980,13440,3962,4096,1,1,128,1,1,45,0.000,0.002,,,,,NVIDIA L40S (0),1,,7,"pcg_cuda::<unnamed>::hash_kernel_chacha8(const pcg_cuda::DpfBlk *, pcg_cuda::DpfBlk *, pcg_cuda::DpfBlk *, int, int, int, unsigned long, unsigned long)"
1402402500,896,3964,,,,,,,,,,0.000,285.714,Device,Pageable,NVIDIA L40S (0),1,,7,[CUDA memcpy Device-to-Host]
1402410725,383,3965,,,,,,,,,,0.000,668.407,Pageable,Device,NVIDIA L40S (0),1,,7,[CUDA memcpy Host-to-Device]
1402413028,22016,3966,4096,1,1,128,1,1,48,0.000,0.000,,,,,NVIDIA L40S (0),1,,7,"pcg_cuda::<unnamed>::expand_kernel(const pcg_cuda::DpfBlk *, const pcg_cuda::DpfBlk *, const pcg_cuda::DpfBlk *, const pcg_cuda::DpfBlk *, pcg_cuda::DpfBlk *, int, int, int, int, unsigned long, unsigned long)"
1402435812,1056,3968,,,,,,,,,,0.000,242.424,Device,Device,NVIDIA L40S (0),1,,7,[CUDA memcpy Device-to-Device]
1402437508,24704,3969,8192,1,1,128,1,1,45,0.000,0.002,,,,,NVIDIA L40S (0),1,,7,"pcg_cuda::<unnamed>::hash_kernel_chacha8(const pcg_cuda::DpfBlk *, pcg_cuda::DpfBlk *, pcg_cuda::DpfBlk *, int, int, int, unsigned long, unsigned long)"
1402463332,865,3971,,,,,,,,,,0.000,295.954,Device,Pageable,NVIDIA L40S (0),1,,7,[CUDA memcpy Device-to-Host]
1402472004,385,3972,,,,,,,,,,0.000,664.935,Pageable,Device,NVIDIA L40S (0),1,,7,[CUDA memcpy Host-to-Device]
1402473892,42880,3973,8192,1,1,128,1,1,48,0.000,0.000,,,,,NVIDIA L40S (0),1,,7,"pcg_cuda::<unnamed>::expand_kernel(const pcg_cuda::DpfBlk *, const pcg_cuda::DpfBlk *, const pcg_cuda::DpfBlk *, const pcg_cuda::DpfBlk *, pcg_cuda::DpfBlk *, int, int, int, int, unsigned long, unsigned long)"
1402517476,1825,3975,,,,,,,,,,0.000,140.274,Device,Device,NVIDIA L40S (0),1,,7,[CUDA memcpy Device-to-Device]
1402519972,49472,3976,16384,1,1,128,1,1,45,0.000,0.002,,,,,NVIDIA L40S (0),1,,7,"pcg_cuda::<unnamed>::hash_kernel_chacha8(const pcg_cuda::DpfBlk *, pcg_cuda::DpfBlk *, pcg_cuda::DpfBlk *, int, int, int, unsigned long, unsigned long)"
1402573508,896,3978,,,,,,,,,,0.000,285.714,Device,Pageable,NVIDIA L40S (0),1,,7,[CUDA memcpy Device-to-Host]
1402581925,415,3979,,,,,,,,,,0.000,616.867,Pageable,Device,NVIDIA L40S (0),1,,7,[CUDA memcpy Host-to-Device]
1402584005,136735,3980,16384,1,1,128,1,1,48,0.000,0.000,,,,,NVIDIA L40S (0),1,,7,"pcg_cuda::<unnamed>::expand_kernel(const pcg_cuda::DpfBlk *, const pcg_cuda::DpfBlk *, const pcg_cuda::DpfBlk *, const pcg_cuda::DpfBlk *, pcg_cuda::DpfBlk *, int, int, int, int, unsigned long, unsigned long)"
1402721540,2049,3982,,,,,,,,,,0.000,124.939,Device,Device,NVIDIA L40S (0),1,,7,[CUDA memcpy Device-to-Device]
1402724357,196576,3983,32768,1,1,128,1,1,45,0.000,0.002,,,,,NVIDIA L40S (0),1,,7,"pcg_cuda::<unnamed>::hash_kernel_chacha8(const pcg_cuda::DpfBlk *, pcg_cuda::DpfBlk *, pcg_cuda::DpfBlk *, int, int, int, unsigned long, unsigned long)"
1402924741,895,3985,,,,,,,,,,0.000,286.033,Device,Pageable,NVIDIA L40S (0),1,,7,[CUDA memcpy Device-to-Host]
1402933157,416,3986,,,,,,,,,,0.000,615.385,Pageable,Device,NVIDIA L40S (0),1,,7,[CUDA memcpy Host-to-Device]
1402935365,381280,3987,32768,1,1,128,1,1,48,0.000,0.000,,,,,NVIDIA L40S (0),1,,7,"pcg_cuda::<unnamed>::expand_kernel(const pcg_cuda::DpfBlk *, const pcg_cuda::DpfBlk *, const pcg_cuda::DpfBlk *, const pcg_cuda::DpfBlk *, pcg_cuda::DpfBlk *, int, int, int, int, unsigned long, unsigned long)"
1403317317,1888,3989,,,,,,,,,,0.000,135.593,Device,Device,NVIDIA L40S (0),1,,7,[CUDA memcpy Device-to-Device]
1403320005,390112,3990,65536,1,1,128,1,1,45,0.000,0.002,,,,,NVIDIA L40S (0),1,,7,"pcg_cuda::<unnamed>::hash_kernel_chacha8(const pcg_cuda::DpfBlk *, pcg_cuda::DpfBlk *, pcg_cuda::DpfBlk *, int, int, int, unsigned long, unsigned long)"
1403714245,1024,3992,,,,,,,,,,0.000,250.000,Device,Pageable,NVIDIA L40S (0),1,,7,[CUDA memcpy Device-to-Host]
1403722885,416,3993,,,,,,,,,,0.000,615.385,Pageable,Device,NVIDIA L40S (0),1,,7,[CUDA memcpy Host-to-Device]
1403725637,788768,3994,65536,1,1,128,1,1,48,0.000,0.000,,,,,NVIDIA L40S (0),1,,7,"pcg_cuda::<unnamed>::expand_kernel(const pcg_cuda::DpfBlk *, const pcg_cuda::DpfBlk *, const pcg_cuda::DpfBlk *, const pcg_cuda::DpfBlk *, pcg_cuda::DpfBlk *, int, int, int, int, unsigned long, unsigned long)"
1404515109,2720,3996,,,,,,,,,,0.000,94.118,Device,Device,NVIDIA L40S (0),1,,7,[CUDA memcpy Device-to-Device]
1404518501,791456,3997,131072,1,1,128,1,1,45,0.000,0.002,,,,,NVIDIA L40S (0),1,,7,"pcg_cuda::<unnamed>::hash_kernel_chacha8(const pcg_cuda::DpfBlk *, pcg_cuda::DpfBlk *, pcg_cuda::DpfBlk *, int, int, int, unsigned long, unsigned long)"
1405312709,1024,3999,,,,,,,,,,0.000,250.000,Device,Pageable,NVIDIA L40S (0),1,,7,[CUDA memcpy Device-to-Host]
1405321285,384,4000,,,,,,,,,,0.000,666.666,Pageable,Device,NVIDIA L40S (0),1,,7,[CUDA memcpy Host-to-Device]
1405323269,1586336,4001,131072,1,1,128,1,1,48,0.000,0.000,,,,,NVIDIA L40S (0),1,,7,"pcg_cuda::<unnamed>::expand_kernel(const pcg_cuda::DpfBlk *, const pcg_cuda::DpfBlk *, const pcg_cuda::DpfBlk *, const pcg_cuda::DpfBlk *, pcg_cuda::DpfBlk *, int, int, int, int, unsigned long, unsigned long)"
1406910309,814656,4003,1024,16,1,256,1,1,34,0.000,0.004,,,,,NVIDIA L40S (0),1,,7,"pcg_cuda::<unnamed>::out_sum_kernel(const pcg_cuda::DpfBlk *, unsigned long *, unsigned long, unsigned long, int)"
1407725765,3585,4005,16,1,1,256,1,1,22,0.000,0.004,,,,,NVIDIA L40S (0),1,,7,"pcg_cuda::<unnamed>::out_fold_kernel(const unsigned long *, unsigned long *, int, int, unsigned long)"
1407730374,991,4007,,,,,,,,,,0.000,258.325,Device,Pageable,NVIDIA L40S (0),1,,7,[CUDA memcpy Device-to-Host]
1407739334,383,4008,,,,,,,,,,0.000,334.204,Pageable,Device,NVIDIA L40S (0),1,,7,[CUDA memcpy Host-to-Device]
1407742406,12287,4009,,,,,,,,,,33.554,2730861.003,Device,,NVIDIA L40S (0),1,,7,[CUDA memset]
1407755461,1123905,4010,1024,16,1,256,1,1,38,0.000,0.000,,,,,NVIDIA L40S (0),1,,7,"pcg_cuda::<unnamed>::out_scatter_kernel(const pcg_cuda::DpfBlk *, const unsigned long *, unsigned long *, unsigned long, int, int, unsigned long, int)"
1408884422,1590016,4012,,,,,,,,,,33.554,21072.183,Device,Pageable,NVIDIA L40S (0),1,,7,[CUDA memcpy Device-to-Host]
