2026/10/02 21:20:00.789, 32.70 W, 210 MHz, 405 MHz, 0 %, 27
2026/10/02 21:20:00.895, 32.70 W, 210 MHz, 405 MHz, 0 %, 27
2026/10/02 21:20:00.996, 32.70 W, 210 MHz, 405 MHz, 0 %, 27
2026/10/02 21:20:01.096, 32.70 W, 210 MHz, 405 MHz, 0 %, 27
2026/10/02 21:20:01.196, 32.70 W, 210 MHz, 405 MHz, 0 %, 27
2026/10/02 21:20:01.297, 32.70 W, 210 MHz, 405 MHz, 0 %, 27
2026/10/02 21:20:01.397, 32.70 W, 210 MHz, 405 MHz, 0 %, 27
2026/10/02 21:20:01.497, 32.70 W, 210 MHz, 405 MHz, 0 %, 27
2026/10/02 21:20:01.597, 32.70 W, 210 MHz, 405 MHz, 0 %, 27
2026/10/02 21:20:01.698, 32.70 W, 210 MHz, 405 MHz, 0 %, 27
2026/10/02 21:20:01.798, 32.70 W, 210 MHz, 405 MHz, 0 %, 27
2026/10/02 21:20:01.898, 32.70 W, 210 MHz, 405 MHz, 0 %, 27
2026/10/02 21:20:01.999, 32.70 W, 210 MHz, 405 MHz, 0 %, 27
2026/10/02 21:20:02.099, 32.70 W, 210 MHz, 405 MHz, 0 %, 27
2026/10/02 21:20:02.199, 32.70 W, 210 MHz, 405 MHz, 0 %, 27
2026/10/02 21:20:02.300, 32.70 W, 210 MHz, 405 MHz, 0 %, 27
2026/10/02 21:20:02.400, 32.70 W, 210 MHz, 405 MHz, 0 %, 27
2026/10/02 21:20:02.500, 32.70 W, 210 MHz, 405 MHz, 0 %, 27
2026/10/02 21:20:02.601, 32.70 W, 210 MHz, 405 MHz, 0 %, 27
2026/10/02 21:20:02.701, 32.70 W, 210 MHz, 405 MHz, 0 %, 27
2026/10/02 21:20:02.801, 32.70 W, 210 MHz, 405 MHz, 0 %, 27
2026/10/02 21:20:02.902, 32.70 W, 210 MHz, 405 MHz, 0 %, 27
2026/10/02 21:20:03.002, 32.70 W, 210 MHz, 405 MHz, 0 %, 27
2026/10/02 21:20:03.102, 32.70 W, 210 MHz, 405 MHz, 0 %, 27
2026/10/02 21:20:03.202, 32.70 W, 210 MHz, 405 MHz, 0 %, 27
2026/10/02 21:20:03.303, 32.70 W, 210 MHz, 405 MHz, 0 %, 27
2026/10/02 21:20:03.403, 32.70 W, 210 MHz, 405 MHz, 0 %, 27
2026/10/02 21:20:03.503, 32.70 W, 210 MHz, 405 MHz, 0 %, 27
2026/10/02 21:20:03.604, 32.70 W, 210 MHz, 405 MHz, 0 %, 27
2026/10/02 21:20:03.704, 32.70 W, 210 MHz, 405 MHz, 0 %, 27
2026/10/02 21:20:03.804, 32.70 W, 210 MHz, 405 MHz, 0 %, 27
2026/10/02 21:20:03.905, 32.70 W, 210 MHz, 405 MHz, 0 %, 27
2026/10/02 21:20:04.005, 32.70 W, 210 MHz, 405 MHz, 0 %, 27
2026/10/02 21:20:04.105, 32.69 W, 210 MHz, 405 MHz, 0 %, 27
2026/10/02 21:20:04.206, 32.69 W, 210 MHz, 405 MHz, 0 %, 27
2026/10/02 21:20:04.306, 32.69 W, 210 MHz, 405 MHz, 0 %, 27
2026/10/02 21:20:04.406, 32.69 W, 210 MHz, 405 MHz, 0 %, 27
2026/10/02 21:20:04.507, 32.69 W, 210 MHz, 405 MHz, 0 %, 27
2026/10/02 21:20:04.607, 32.69 W, 210 MHz, 405 MHz, 0 %, 27
2026/10/02 21:20:04.707, 32.69 W, 210 MHz, 405 MHz, 0 %, 27
2026/10/02 21:20:04.808, 32.69 W, 210 MHz, 405 MHz, 0 %, 27
2026/10/02 21:20:04.908, 32.69 W, 210 MHz, 405 MHz, 0 %, 27
2026/10/02 21:20:05.008, 32.69 W, 210 MHz, 405 MHz, 0 %, 27
2026/10/02 21:20:05.108, 32.70 W, 210 MHz, 405 MHz, 0 %, 27
2026/10/02 21:20:05.209, 32.70 W, 210 MHz, 405 MHz, 0 %, 27
2026/10/02 21:20:05.309, 32.70 W, 210 MHz, 405 MHz, 0 %, 27
2026/10/02 21:20:05.409, 32.70 W, 210 MHz, 405 MHz, 0 %, 27
2026/10/02 21:20:05.510, 32.70 W, 210 MHz, 405 MHz, 0 %, 27
2026/10/02 21:20:05.610, 32.70 W, 210 MHz, 405 MHz, 0 %, 27
2026/10/02 21:20:05.710, 32.70 W, 210 MHz, 405 MHz, 0 %, 27
2026/10/02 21:20:05.811, 32.70 W, 210 MHz, 405 MHz, 0 %, 27
2026/10/02 21:20:05.911, 32.70 W, 210 MHz, 405 MHz, 0 %, 27
2026/10/02 21:20:06.011, 32.70 W, 210 MHz, 405 MHz, 0 %, 27
2026/10/02 21:20:06.112, 32.70 W, 210 MHz, 405 MHz, 0 %, 27
2026/10/02 21:20:06.212, 32.70 W, 210 MHz, 405 MHz, 0 %, 27
2026/10/02 21:20:06.312, 32.70 W, 210 MHz, 405 MHz, 0 %, 27
2026/10/02 21:20:06.412, 32.70 W, 210 MHz, 405 MHz, 0 %, 27
2026/10/02 21:20:06.513, 32.70 W, 210 MHz, 405 MHz, 0 %, 27
2026/10/02 21:20:06.613, 32.70 W, 210 MHz, 405 MHz, 0 %, 27
2026/10/02 21:20:06.713, 32.70 W, 210 MHz, 405 MHz, 0 %, 27
2026/10/02 21:20:06.817, 32.70 W, 210 MHz, 405 MHz, 0 %, 27
2026/10/02 21:20:06.917, 32.70 W, 210 MHz, 405 MHz, 0 %, 27
2026/10/02 21:20:07.017, 32.70 W, 210 MHz, 405 MHz, 0 %, 27
2026/10/02 21:20:07.118, 32.70 W, 210 MHz, 405 MHz, 0 %, 27
2026/10/02 21:20:07.218, 32.70 W, 210 MHz, 405 MHz, 0 %, 27
2026/10/02 21:20:07.318, 32.70 W, 210 MHz, 405 MHz, 0 %, 27
2026/10/02 21:20:07.418, 32.70 W, 210 MHz, 405 MHz, 0 %, 27
2026/10/02 21:20:07.519, 32.70 W, 210 MHz, 405 MHz, 0 %, 27
2026/10/02 21:20:07.619, 32.70 W, 210 MHz, 405 MHz, 0 %, 27
2026/10/02 21:20:07.719, 32.70 W, 210 MHz, 405 MHz, 0 %, 27
2026/10/02 21:20:07.820, 32.70 W, 210 MHz, 405 MHz, 0 %, 27
2026/10/02 21:20:07.920, 32.70 W, 210 MHz, 405 MHz, 0 %, 27
2026/10/02 21:20:08.020, 32.70 W, 210 MHz, 405 MHz, 0 %, 27
2026/10/02 21:20:08.121, 32.70 W, 210 MHz, 405 MHz, 0 %, 27
2026/10/02 21:20:08.221, 32.70 W, 210 MHz, 405 MHz, 0 %, 27
2026/10/02 21:20:08.321, 32.70 W, 210 MHz, 405 MHz, 0 %, 27
2026/10/02 21:20:08.422, 32.70 W, 210 MHz, 405 MHz, 0 %, 27
2026/10/02 21:20:08.522, 32.70 W, 210 MHz, 405 MHz, 0 %, 27
2026/10/02 21:20:08.622, 32.70 W, 210 MHz, 405 MHz, 0 %, 27
2026/10/02 21:20:08.722, 32.70 W, 210 MHz, 405 MHz, 0 %, 27
2026/10/02 21:20:08.823, 32.70 W, 210 MHz, 405 MHz, 0 %, 27
2026/10/02 21:20:08.923, 32.70 W, 210 MHz, 405 MHz, 0 %, 27
2026/10/02 21:20:09.023, 32.70 W, 210 MHz, 405 MHz, 0 %, 27
2026/10/02 21:20:09.124, 32.70 W, 210 MHz, 405 MHz, 0 %, 27
2026/10/02 21:20:09.224, 32.70 W, 210 MHz, 405 MHz, 0 %, 27
2026/10/02 21:20:09.324, 32.70 W, 210 MHz, 405 MHz, 0 %, 27
2026/10/02 21:20:09.425, 32.70 W, 210 MHz, 405 MHz, 0 %, 27
2026/10/02 21:20:09.525, 32.70 W, 210 MHz, 405 MHz, 0 %, 27
2026/10/02 21:20:09.625, 32.70 W, 210 MHz, 405 MHz, 0 %, 27
2026/10/02 21:20:09.726, 32.70 W, 210 MHz, 405 MHz, 0 %, 27
2026/10/02 21:20:09.826, 32.70 W, 210 MHz, 405 MHz, 0 %, 27
2026/10/02 21:20:09.926, 32.70 W, 210 MHz, 405 MHz, 0 %, 27
2026/10/02 21:20:10.026, 32.70 W, 210 MHz, 405 MHz, 0 %, 27
2026/10/02 21:20:10.127, 32.70 W, 210 MHz, 405 MHz, 0 %, 27
2026/10/02 21:20:10.227, 32.70 W, 210 MHz, 405 MHz, 0 %, 27
2026/10/02 21:20:10.327, 32.70 W, 210 MHz, 405 MHz, 0 %, 27
2026/10/02 21:20:10.428, 32.70 W, 210 MHz, 405 MHz, 0 %, 27
2026/10/02 21:20:10.528, 32.70 W, 210 MHz, 405 MHz, 0 %, 27
2026/10/02 21:20:10.628, 32.70 W, 210 MHz, 405 MHz, 0 %, 27
2026/10/02 21:20:10.729, 32.70 W, 210 MHz, 405 MHz, 0 %, 27
2026/10/02 21:20:10.829, 32.70 W, 210 MHz, 405 MHz, 0 %, 27
2026/10/02 21:20:10.929, 32.70 W, 210 MHz, 405 MHz, 0 %, 27
2026/10/02 21:20:11.029, 32.69 W, 210 MHz, 405 MHz, 0 %, 27
2026/10/02 21:20:11.130, 32.69 W, 210 MHz, 405 MHz, 0 %, 27
2026/10/02 21:20:11.230, 32.69 W, 210 MHz, 405 MHz, 0 %, 27
2026/10/02 21:20:11.330, 32.69 W, 210 MHz, 405 MHz, 0 %, 27
2026/10/02 21:20:11.431, 32.69 W, 210 MHz, 405 MHz, 0 %, 27
2026/10/02 21:20:11.531, 32.69 W, 210 MHz, 405 MHz, 0 %, 27
2026/10/02 21:20:11.631, 32.69 W, 210 MHz, 405 MHz, 0 %, 27
2026/10/02 21:20:11.732, 32.69 W, 210 MHz, 405 MHz, 0 %, 27
2026/10/02 21:20:11.832, 32.69 W, 210 MHz, 405 MHz, 0 %, 27
2026/10/02 21:20:11.932, 32.69 W, 210 MHz, 405 MHz, 0 %, 27
2026/10/02 21:20:12.033, 32.65 W, 210 MHz, 405 MHz, 0 %, 27
2026/10/02 21:20:12.133, 32.65 W, 210 MHz, 405 MHz, 0 %, 27
2026/10/02 21:20:12.233, 32.65 W, 210 MHz, 405 MHz, 0 %, 27
2026/10/02 21:20:12.333, 32.65 W, 210 MHz, 405 MHz, 0 %, 27
2026/10/02 21:20:12.434, 32.65 W, 210 MHz, 405 MHz, 0 %, 27
2026/10/02 21:20:12.534, 32.65 W, 210 MHz, 405 MHz, 0 %, 27
2026/10/02 21:20:12.634, 32.65 W, 210 MHz, 405 MHz, 0 %, 27
2026/10/02 21:20:12.735, 32.65 W, 210 MHz, 405 MHz, 0 %, 27
2026/10/02 21:20:12.835, 32.65 W, 210 MHz, 405 MHz, 0 %, 27
2026/10/02 21:20:12.935, 32.65 W, 210 MHz, 405 MHz, 0 %, 27
2026/10/02 21:20:13.036, 32.65 W, 210 MHz, 405 MHz, 0 %, 27
2026/10/02 21:20:13.136, 32.65 W, 210 MHz, 405 MHz, 0 %, 27
2026/10/02 21:20:13.236, 32.65 W, 210 MHz, 405 MHz, 0 %, 27
2026/10/02 21:20:13.337, 32.65 W, 210 MHz, 405 MHz, 0 %, 27
2026/10/02 21:20:13.437, 32.65 W, 210 MHz, 405 MHz, 0 %, 27
2026/10/02 21:20:13.537, 32.65 W, 210 MHz, 405 MHz, 0 %, 27
2026/10/02 21:20:13.637, 32.65 W, 210 MHz, 405 MHz, 0 %, 27
2026/10/02 21:20:13.738, 32.65 W, 210 MHz, 405 MHz, 0 %, 27
2026/10/02 21:20:13.838, 32.65 W, 210 MHz, 405 MHz, 0 %, 27
2026/10/02 21:20:13.957, 34.77 W, 2520 MHz, 9000 MHz, 0 %, 28
2026/10/02 21:20:14.058, 40.57 W, 2520 MHz, 9000 MHz, 0 %, 28
2026/10/02 21:20:14.159, 43.62 W, 2520 MHz, 9000 MHz, 0 %, 29
2026/10/02 21:20:14.259, 46.20 W, 2520 MHz, 9000 MHz, 1 %, 29
2026/10/02 21:20:14.359, 48.42 W, 2520 MHz, 9000 MHz, 1 %, 29
2026/10/02 21:20:14.459, 50.34 W, 2520 MHz, 9000 MHz, 0 %, 29
2026/10/02 21:20:14.560, 52.03 W, 2520 MHz, 9000 MHz, 0 %, 29
2026/10/02 21:20:14.660, 53.51 W, 2520 MHz, 9000 MHz, 0 %, 29
2026/10/02 21:20:14.760, 54.83 W, 2520 MHz, 9000 MHz, 0 %, 29
2026/10/02 21:20:14.860, 56.01 W, 2520 MHz, 9000 MHz, 0 %, 29
2026/10/02 21:20:14.961, 77.68 W, 2520 MHz, 9000 MHz, 0 %, 29
2026/10/02 21:20:15.061, 77.68 W, 2520 MHz, 9000 MHz, 0 %, 29
2026/10/02 21:20:15.161, 77.68 W, 2520 MHz, 9000 MHz, 0 %, 29
2026/10/02 21:20:15.261, 77.68 W, 2520 MHz, 9000 MHz, 0 %, 29
2026/10/02 21:20:15.362, 77.68 W, 2520 MHz, 9000 MHz, 0 %, 29
2026/10/02 21:20:15.462, 77.68 W, 2520 MHz, 9000 MHz, 0 %, 29
2026/10/02 21:20:15.562, 77.68 W, 2520 MHz, 9000 MHz, 0 %, 29
2026/10/02 21:20:15.663, 77.68 W, 2520 MHz, 9000 MHz, 0 %, 29
2026/10/02 21:20:15.763, 77.68 W, 2520 MHz, 9000 MHz, 0 %, 29
2026/10/02 21:20:15.863, 77.68 W, 2520 MHz, 9000 MHz, 0 %, 29
2026/10/02 21:20:15.963, 76.54 W, 2520 MHz, 9000 MHz, 0 %, 29
2026/10/02 21:20:16.063, 76.54 W, 2520 MHz, 9000 MHz, 0 %, 29
2026/10/02 21:20:16.164, 76.54 W, 2520 MHz, 9000 MHz, 0 %, 29
2026/10/02 21:20:16.264, 76.54 W, 2520 MHz, 9000 MHz, 0 %, 29
2026/10/02 21:20:16.364, 76.54 W, 2520 MHz, 9000 MHz, 0 %, 29
2026/10/02 21:20:16.464, 76.54 W, 2520 MHz, 9000 MHz, 0 %, 29
2026/10/02 21:20:16.565, 76.54 W, 2520 MHz, 9000 MHz, 0 %, 29
2026/10/02 21:20:16.665, 76.54 W, 2520 MHz, 9000 MHz, 0 %, 29
2026/10/02 21:20:16.765, 76.54 W, 2520 MHz, 9000 MHz, 0 %, 29
2026/10/02 21:20:16.866, 76.54 W, 2520 MHz, 9000 MHz, 0 %, 29
2026/10/02 21:20:16.966, 76.47 W, 2520 MHz, 9000 MHz, 0 %, 29
2026/10/02 21:20:17.066, 76.47 W, 2520 MHz, 9000 MHz, 0 %, 29
2026/10/02 21:20:17.166, 76.47 W, 2520 MHz, 9000 MHz, 0 %, 29
2026/10/02 21:20:17.267, 76.47 W, 2520 MHz, 9000 MHz, 0 %, 29
2026/10/02 21:20:17.367, 76.47 W, 2520 MHz, 9000 MHz, 0 %, 29
2026/10/02 21:20:17.467, 76.47 W, 2520 MHz, 9000 MHz, 0 %, 29
2026/10/02 21:20:17.567, 76.47 W, 2520 MHz, 9000 MHz, 0 %, 29
2026/10/02 21:20:17.668, 76.47 W, 2520 MHz, 9000 MHz, 0 %, 29
2026/10/02 21:20:17.768, 76.47 W, 2520 MHz, 9000 MHz, 0 %, 29
2026/10/02 21:20:17.868, 76.47 W, 2520 MHz, 9000 MHz, 0 %, 29
2026/10/02 21:20:17.969, 76.60 W, 2520 MHz, 9000 MHz, 0 %, 29
2026/10/02 21:20:18.069, 76.60 W, 2520 MHz, 9000 MHz, 0 %, 29
2026/10/02 21:20:18.169, 76.60 W, 2520 MHz, 9000 MHz, 0 %, 29
2026/10/02 21:20:18.269, 76.60 W, 2520 MHz, 9000 MHz, 0 %, 29
2026/10/02 21:20:18.370, 76.60 W, 2520 MHz, 9000 MHz, 0 %, 29
2026/10/02 21:20:18.470, 76.60 W, 2520 MHz, 9000 MHz, 0 %, 29
2026/10/02 21:20:18.570, 76.60 W, 2520 MHz, 9000 MHz, 0 %, 29
2026/10/02 21:20:18.670, 76.60 W, 2520 MHz, 9000 MHz, 0 %, 29
2026/10/02 21:20:18.771, 76.60 W, 2520 MHz, 9000 MHz, 0 %, 29
2026/10/02 21:20:18.871, 76.60 W, 2520 MHz, 9000 MHz, 0 %, 29
2026/10/02 21:20:18.971, 76.72 W, 2520 MHz, 9000 MHz, 0 %, 29
2026/10/02 21:20:19.071, 76.72 W, 2520 MHz, 9000 MHz, 0 %, 29
2026/10/02 21:20:19.171, 76.72 W, 2520 MHz, 9000 MHz, 0 %, 29
2026/10/02 21:20:19.272, 76.72 W, 2520 MHz, 9000 MHz, 0 %, 29
2026/10/02 21:20:19.372, 76.72 W, 2520 MHz, 9000 MHz, 0 %, 29
2026/10/02 21:20:19.472, 76.72 W, 2520 MHz, 9000 MHz, 0 %, 29
2026/10/02 21:20:19.572, 76.72 W, 2520 MHz, 9000 MHz, 0 %, 30
2026/10/02 21:20:19.673, 76.72 W, 2520 MHz, 9000 MHz, 0 %, 30
2026/10/02 21:20:19.773, 76.72 W, 2520 MHz, 9000 MHz, 0 %, 30
2026/10/02 21:20:19.873, 76.72 W, 2520 MHz, 9000 MHz, 0 %, 30
2026/10/02 21:20:19.973, 76.96 W, 2520 MHz, 9000 MHz, 0 %, 30
2026/10/02 21:20:20.074, 76.96 W, 2520 MHz, 9000 MHz, 0 %, 30
2026/10/02 21:20:20.174, 76.96 W, 2520 MHz, 9000 MHz, 0 %, 30
2026/10/02 21:20:20.274, 76.96 W, 2520 MHz, 9000 MHz, 0 %, 30
2026/10/02 21:20:20.374, 76.96 W, 2520 MHz, 9000 MHz, 0 %, 30
2026/10/02 21:20:20.475, 76.96 W, 2520 MHz, 9000 MHz, 0 %, 30
2026/10/02 21:20:20.575, 76.96 W, 2520 MHz, 9000 MHz, 0 %, 30
2026/10/02 21:20:20.675, 76.96 W, 2520 MHz, 9000 MHz, 0 %, 30
2026/10/02 21:20:20.775, 76.96 W, 2520 MHz, 9000 MHz, 0 %, 30
2026/10/02 21:20:20.876, 76.96 W, 2520 MHz, 9000 MHz, 0 %, 30
2026/10/02 21:20:20.976, 77.08 W, 2520 MHz, 9000 MHz, 0 %, 30
2026/10/02 21:20:21.076, 77.08 W, 2520 MHz, 9000 MHz, 0 %, 30
2026/10/02 21:20:21.176, 77.08 W, 2520 MHz, 9000 MHz, 0 %, 30
2026/10/02 21:20:21.277, 77.08 W, 2520 MHz, 9000 MHz, 0 %, 30
2026/10/02 21:20:21.377, 77.08 W, 2520 MHz, 9000 MHz, 0 %, 30
2026/10/02 21:20:21.477, 77.08 W, 2520 MHz, 9000 MHz, 0 %, 30
2026/10/02 21:20:21.577, 77.08 W, 2520 MHz, 9000 MHz, 0 %, 30
2026/10/02 21:20:21.678, 77.08 W, 2520 MHz, 9000 MHz, 0 %, 30
2026/10/02 21:20:21.778, 77.08 W, 2520 MHz, 9000 MHz, 0 %, 30
2026/10/02 21:20:21.878, 77.08 W, 2520 MHz, 9000 MHz, 0 %, 30
2026/10/02 21:20:21.978, 76.96 W, 2520 MHz, 9000 MHz, 0 %, 30
2026/10/02 21:20:22.079, 76.96 W, 2520 MHz, 9000 MHz, 0 %, 30
2026/10/02 21:20:22.179, 76.96 W, 2520 MHz, 9000 MHz, 0 %, 30
2026/10/02 21:20:22.279, 76.96 W, 2520 MHz, 9000 MHz, 0 %, 30
2026/10/02 21:20:22.379, 76.96 W, 2520 MHz, 9000 MHz, 0 %, 30
2026/10/02 21:20:22.479, 76.96 W, 2520 MHz, 9000 MHz, 0 %, 30
2026/10/02 21:20:22.580, 76.96 W, 2520 MHz, 9000 MHz, 0 %, 30
2026/10/02 21:20:22.680, 76.96 W, 2520 MHz, 9000 MHz, 0 %, 30
2026/10/02 21:20:22.780, 76.96 W, 2520 MHz, 9000 MHz, 0 %, 30
2026/10/02 21:20:22.880, 76.96 W, 2520 MHz, 9000 MHz, 0 %, 30
2026/10/02 21:20:22.981, 76.96 W, 2520 MHz, 9000 MHz, 0 %, 30
2026/10/02 21:20:23.081, 76.96 W, 2520 MHz, 9000 MHz, 0 %, 30
2026/10/02 21:20:23.181, 76.96 W, 2520 MHz, 9000 MHz, 0 %, 30
2026/10/02 21:20:23.281, 76.96 W, 2520 MHz, 9000 MHz, 0 %, 30
2026/10/02 21:20:23.382, 76.96 W, 2520 MHz, 9000 MHz, 0 %, 30
2026/10/02 21:20:23.482, 76.96 W, 2520 MHz, 9000 MHz, 0 %, 30
2026/10/02 21:20:23.582, 76.96 W, 2520 MHz, 9000 MHz, 0 %, 30
2026/10/02 21:20:23.682, 76.96 W, 2520 MHz, 9000 MHz, 0 %, 30
2026/10/02 21:20:23.783, 76.96 W, 2520 MHz, 9000 MHz, 0 %, 30
2026/10/02 21:20:23.883, 76.96 W, 2520 MHz, 9000 MHz, 0 %, 30
2026/10/02 21:20:23.983, 76.84 W, 2520 MHz, 9000 MHz, 0 %, 30
2026/10/02 21:20:24.083, 77.53 W, 2520 MHz, 9000 MHz, 0 %, 30
2026/10/02 21:20:24.184, 77.73 W, 2520 MHz, 9000 MHz, 4 %, 30
2026/10/02 21:20:24.284, 78.38 W, 2520 MHz, 9000 MHz, 4 %, 30
2026/10/02 21:20:24.384, 81.54 W, 2520 MHz, 9000 MHz, 13 %, 31
2026/10/02 21:20:24.504, 81.51 W, 2520 MHz, 9000 MHz, 13 %, 31
2026/10/02 21:20:24.605, 81.37 W, 2520 MHz, 9000 MHz, 13 %, 31
2026/10/02 21:20:24.705, 89.91 W, 2520 MHz, 9000 MHz, 17 %, 34
2026/10/02 21:20:24.806, 99.87 W, 2520 MHz, 9000 MHz, 17 %, 35
2026/10/02 21:20:24.906, 108.04 W, 2520 MHz, 9000 MHz, 58 %, 36
2026/10/02 21:20:25.010, 116.74 W, 2520 MHz, 9000 MHz, 58 %, 36
2026/10/02 21:20:25.111, 166.26 W, 2520 MHz, 9000 MHz, 91 %, 36
2026/10/02 21:20:25.212, 192.94 W, 2520 MHz, 9000 MHz, 91 %, 36
2026/10/02 21:20:25.312, 197.92 W, 2520 MHz, 9000 MHz, 91 %, 37
2026/10/02 21:20:25.412, 214.66 W, 2520 MHz, 9000 MHz, 91 %, 37
2026/10/02 21:20:25.513, 227.35 W, 2520 MHz, 9000 MHz, 91 %, 37
2026/10/02 21:20:25.614, 245.27 W, 2520 MHz, 9000 MHz, 91 %, 37
2026/10/02 21:20:25.715, 261.52 W, 2520 MHz, 9000 MHz, 91 %, 37
2026/10/02 21:20:25.815, 266.54 W, 2520 MHz, 9000 MHz, 91 %, 38
2026/10/02 21:20:25.916, 265.77 W, 2520 MHz, 9000 MHz, 92 %, 38
2026/10/02 21:20:26.016, 268.12 W, 2520 MHz, 9000 MHz, 92 %, 39
2026/10/02 21:20:26.117, 266.93 W, 2520 MHz, 9000 MHz, 92 %, 38
2026/10/02 21:20:26.218, 266.98 W, 2520 MHz, 9000 MHz, 92 %, 38
2026/10/02 21:20:26.319, 267.99 W, 2520 MHz, 9000 MHz, 92 %, 38
2026/10/02 21:20:26.419, 267.68 W, 2520 MHz, 9000 MHz, 92 %, 38
2026/10/02 21:20:26.520, 267.13 W, 2520 MHz, 9000 MHz, 92 %, 38
2026/10/02 21:20:26.621, 267.40 W, 2520 MHz, 9000 MHz, 92 %, 38
2026/10/02 21:20:26.721, 265.70 W, 2520 MHz, 9000 MHz, 89 %, 38
2026/10/02 21:20:26.822, 266.33 W, 2520 MHz, 9000 MHz, 89 %, 38
2026/10/02 21:20:26.922, 265.05 W, 2520 MHz, 9000 MHz, 92 %, 38
2026/10/02 21:20:27.023, 265.75 W, 2520 MHz, 9000 MHz, 92 %, 38
2026/10/02 21:20:27.123, 263.87 W, 2520 MHz, 9000 MHz, 91 %, 38
2026/10/02 21:20:27.224, 263.79 W, 2520 MHz, 9000 MHz, 91 %, 39
2026/10/02 21:20:27.325, 264.20 W, 2520 MHz, 9000 MHz, 91 %, 39
2026/10/02 21:20:27.426, 264.01 W, 2520 MHz, 9000 MHz, 91 %, 39
2026/10/02 21:20:27.527, 265.88 W, 2520 MHz, 9000 MHz, 91 %, 39
2026/10/02 21:20:27.628, 266.22 W, 2520 MHz, 9000 MHz, 91 %, 39
2026/10/02 21:20:27.729, 266.53 W, 2520 MHz, 9000 MHz, 91 %, 40
2026/10/02 21:20:27.830, 267.10 W, 2520 MHz, 9000 MHz, 92 %, 39
2026/10/02 21:20:27.931, 266.14 W, 2520 MHz, 9000 MHz, 92 %, 40
2026/10/02 21:20:28.031, 265.71 W, 2520 MHz, 9000 MHz, 92 %, 39
2026/10/02 21:20:28.132, 264.81 W, 2520 MHz, 9000 MHz, 92 %, 40
2026/10/02 21:20:28.233, 266.52 W, 2520 MHz, 9000 MHz, 92 %, 39
2026/10/02 21:20:28.333, 265.71 W, 2520 MHz, 9000 MHz, 92 %, 39
2026/10/02 21:20:28.434, 266.35 W, 2520 MHz, 9000 MHz, 93 %, 39
2026/10/02 21:20:28.535, 266.55 W, 2520 MHz, 9000 MHz, 93 %, 40
2026/10/02 21:20:28.635, 264.49 W, 2520 MHz, 9000 MHz, 93 %, 40
2026/10/02 21:20:28.736, 265.44 W, 2520 MHz, 9000 MHz, 93 %, 39
2026/10/02 21:20:28.837, 264.95 W, 2520 MHz, 9000 MHz, 93 %, 41
2026/10/02 21:20:28.938, 265.27 W, 2520 MHz, 9000 MHz, 93 %, 40
2026/10/02 21:20:29.038, 268.64 W, 2520 MHz, 9000 MHz, 93 %, 40
2026/10/02 21:20:29.139, 267.93 W, 2520 MHz, 9000 MHz, 93 %, 40
2026/10/02 21:20:29.240, 270.54 W, 2520 MHz, 9000 MHz, 93 %, 41
2026/10/02 21:20:29.340, 269.59 W, 2520 MHz, 9000 MHz, 93 %, 40
2026/10/02 21:20:29.441, 269.67 W, 2520 MHz, 9000 MHz, 93 %, 40
2026/10/02 21:20:29.542, 269.44 W, 2520 MHz, 9000 MHz, 93 %, 40
2026/10/02 21:20:29.642, 269.47 W, 1260 MHz, 9000 MHz, 93 %, 40
2026/10/02 21:20:29.743, 271.81 W, 2520 MHz, 9000 MHz, 93 %, 41
2026/10/02 21:20:29.844, 270.97 W, 2520 MHz, 9000 MHz, 93 %, 40
2026/10/02 21:20:29.944, 270.97 W, 2520 MHz, 9000 MHz, 93 %, 40
2026/10/02 21:20:30.045, 270.61 W, 2520 MHz, 9000 MHz, 93 %, 40
2026/10/02 21:20:30.146, 268.30 W, 2520 MHz, 9000 MHz, 93 %, 41
2026/10/02 21:20:30.246, 269.61 W, 2520 MHz, 9000 MHz, 92 %, 40
2026/10/02 21:20:30.348, 266.79 W, 2520 MHz, 9000 MHz, 92 %, 41
2026/10/02 21:20:30.448, 268.34 W, 2520 MHz, 9000 MHz, 92 %, 41
2026/10/02 21:20:30.549, 268.88 W, 2520 MHz, 9000 MHz, 92 %, 41
2026/10/02 21:20:30.649, 267.97 W, 2520 MHz, 9000 MHz, 90 %, 41
2026/10/02 21:20:30.750, 269.15 W, 2520 MHz, 9000 MHz, 90 %, 42
2026/10/02 21:20:30.850, 267.53 W, 2520 MHz, 9000 MHz, 92 %, 41
2026/10/02 21:20:30.951, 268.76 W, 2520 MHz, 9000 MHz, 92 %, 41
2026/10/02 21:20:31.052, 268.87 W, 2520 MHz, 9000 MHz, 92 %, 41
2026/10/02 21:20:31.153, 270.30 W, 2520 MHz, 9000 MHz, 92 %, 41
2026/10/02 21:20:31.253, 270.45 W, 2520 MHz, 9000 MHz, 92 %, 41
2026/10/02 21:20:31.354, 270.41 W, 2520 MHz, 9000 MHz, 92 %, 42
2026/10/02 21:20:31.455, 271.70 W, 2520 MHz, 9000 MHz, 92 %, 41
2026/10/02 21:20:31.555, 269.79 W, 2520 MHz, 9000 MHz, 92 %, 42
2026/10/02 21:20:31.656, 270.08 W, 2520 MHz, 9000 MHz, 92 %, 41
2026/10/02 21:20:31.757, 270.58 W, 2520 MHz, 9000 MHz, 92 %, 42
2026/10/02 21:20:31.857, 269.20 W, 2520 MHz, 9000 MHz, 92 %, 41
2026/10/02 21:20:31.959, 268.00 W, 2520 MHz, 9000 MHz, 92 %, 41
2026/10/02 21:20:32.059, 267.86 W, 2520 MHz, 9000 MHz, 92 %, 42
2026/10/02 21:20:32.160, 266.77 W, 2520 MHz, 9000 MHz, 92 %, 41
2026/10/02 21:20:32.260, 266.67 W, 2520 MHz, 9000 MHz, 92 %, 42
2026/10/02 21:20:32.361, 265.54 W, 2520 MHz, 9000 MHz, 91 %, 41
2026/10/02 21:20:32.462, 265.87 W, 2520 MHz, 9000 MHz, 91 %, 42
2026/10/02 21:20:32.562, 265.70 W, 2520 MHz, 9000 MHz, 91 %, 42
2026/10/02 21:20:32.664, 264.92 W, 2520 MHz, 9000 MHz, 91 %, 42
2026/10/02 21:20:32.764, 265.18 W, 2520 MHz, 9000 MHz, 91 %, 42
2026/10/02 21:20:32.865, 263.89 W, 2520 MHz, 9000 MHz, 91 %, 41
2026/10/02 21:20:32.966, 265.30 W, 2520 MHz, 9000 MHz, 92 %, 41
2026/10/02 21:20:33.066, 264.26 W, 2520 MHz, 9000 MHz, 92 %, 41
2026/10/02 21:20:33.167, 265.06 W, 2520 MHz, 9000 MHz, 92 %, 42
2026/10/02 21:20:33.268, 264.46 W, 2520 MHz, 9000 MHz, 92 %, 42
2026/10/02 21:20:33.369, 264.58 W, 2520 MHz, 9000 MHz, 89 %, 42
2026/10/02 21:20:33.469, 265.41 W, 2520 MHz, 9000 MHz, 89 %, 42
2026/10/02 21:20:33.571, 264.35 W, 2520 MHz, 9000 MHz, 92 %, 42
2026/10/02 21:20:33.672, 266.04 W, 2520 MHz, 9000 MHz, 93 %, 43
2026/10/02 21:20:33.773, 266.98 W, 2520 MHz, 9000 MHz, 93 %, 42
2026/10/02 21:20:33.873, 266.95 W, 2520 MHz, 9000 MHz, 93 %, 42
2026/10/02 21:20:33.974, 267.90 W, 2520 MHz, 9000 MHz, 93 %, 43
2026/10/02 21:20:34.074, 267.02 W, 2520 MHz, 9000 MHz, 93 %, 42
2026/10/02 21:20:34.175, 268.39 W, 1260 MHz, 9000 MHz, 93 %, 42
2026/10/02 21:20:34.276, 268.45 W, 2520 MHz, 9000 MHz, 94 %, 42
2026/10/02 21:20:34.376, 259.35 W, 2520 MHz, 9000 MHz, 94 %, 39
2026/10/02 21:20:34.496, 243.08 W, 2520 MHz, 9000 MHz, 87 %, 38
2026/10/02 21:20:34.599, 225.85 W, 2520 MHz, 9000 MHz, 87 %, 37
2026/10/02 21:20:34.700, 219.74 W, 2520 MHz, 9000 MHz, 17 %, 41
2026/10/02 21:20:34.800, 205.19 W, 2520 MHz, 9000 MHz, 17 %, 38
2026/10/02 21:20:34.901, 189.69 W, 2520 MHz, 9000 MHz, 43 %, 37
2026/10/02 21:20:35.001, 173.15 W, 2520 MHz, 9000 MHz, 43 %, 37
2026/10/02 21:20:35.102, 165.62 W, 2520 MHz, 9000 MHz, 55 %, 40
2026/10/02 21:20:35.203, 171.65 W, 2520 MHz, 9000 MHz, 55 %, 42
2026/10/02 21:20:35.303, 173.90 W, 2520 MHz, 9000 MHz, 56 %, 42
2026/10/02 21:20:35.404, 178.81 W, 2520 MHz, 9000 MHz, 56 %, 43
2026/10/02 21:20:35.505, 191.40 W, 2520 MHz, 9000 MHz, 97 %, 45
2026/10/02 21:20:35.606, 213.70 W, 2520 MHz, 9000 MHz, 97 %, 43
2026/10/02 21:20:35.706, 233.51 W, 2520 MHz, 9000 MHz, 97 %, 45
2026/10/02 21:20:35.807, 245.72 W, 2520 MHz, 9000 MHz, 97 %, 43
2026/10/02 21:20:35.908, 262.20 W, 2520 MHz, 9000 MHz, 97 %, 45
2026/10/02 21:20:36.009, 282.65 W, 2520 MHz, 9000 MHz, 97 %, 44
2026/10/02 21:20:36.109, 302.86 W, 2520 MHz, 9000 MHz, 97 %, 45
2026/10/02 21:20:36.210, 315.38 W, 2520 MHz, 9000 MHz, 97 %, 44
2026/10/02 21:20:36.310, 312.98 W, 2520 MHz, 9000 MHz, 97 %, 45
2026/10/02 21:20:36.411, 315.32 W, 2520 MHz, 9000 MHz, 97 %, 44
2026/10/02 21:20:36.511, 313.31 W, 2520 MHz, 9000 MHz, 97 %, 45
2026/10/02 21:20:36.612, 315.62 W, 2520 MHz, 9000 MHz, 97 %, 45
2026/10/02 21:20:36.713, 314.64 W, 2520 MHz, 9000 MHz, 97 %, 45
2026/10/02 21:20:36.813, 316.10 W, 2520 MHz, 9000 MHz, 97 %, 44
2026/10/02 21:20:36.914, 307.92 W, 2520 MHz, 9000 MHz, 97 %, 46
2026/10/02 21:20:37.014, 307.91 W, 2520 MHz, 9000 MHz, 97 %, 45
2026/10/02 21:20:37.115, 306.20 W, 2520 MHz, 9000 MHz, 94 %, 46
2026/10/02 21:20:37.215, 306.07 W, 2520 MHz, 9000 MHz, 94 %, 45
2026/10/02 21:20:37.316, 304.33 W, 2520 MHz, 9000 MHz, 97 %, 46
2026/10/02 21:20:37.417, 304.58 W, 2520 MHz, 9000 MHz, 97 %, 45
2026/10/02 21:20:37.518, 303.17 W, 2520 MHz, 9000 MHz, 97 %, 46
2026/10/02 21:20:37.618, 302.77 W, 2520 MHz, 9000 MHz, 97 %, 45
2026/10/02 21:20:37.719, 301.54 W, 2520 MHz, 9000 MHz, 97 %, 45
2026/10/02 21:20:37.820, 301.56 W, 2520 MHz, 9000 MHz, 97 %, 44
2026/10/02 21:20:37.920, 299.44 W, 2520 MHz, 9000 MHz, 97 %, 45
2026/10/02 21:20:38.021, 305.02 W, 2520 MHz, 9000 MHz, 97 %, 44
2026/10/02 21:20:38.122, 305.76 W, 2520 MHz, 9000 MHz, 97 %, 45
2026/10/02 21:20:38.223, 305.31 W, 2520 MHz, 9000 MHz, 97 %, 45
2026/10/02 21:20:38.323, 305.83 W, 2520 MHz, 9000 MHz, 97 %, 45
2026/10/02 21:20:38.424, 305.24 W, 2520 MHz, 9000 MHz, 97 %, 46
2026/10/02 21:20:38.525, 305.67 W, 2520 MHz, 9000 MHz, 97 %, 45
2026/10/02 21:20:38.626, 305.02 W, 2520 MHz, 9000 MHz, 97 %, 47
2026/10/02 21:20:38.727, 306.17 W, 2520 MHz, 9000 MHz, 97 %, 45
2026/10/02 21:20:38.827, 305.39 W, 2520 MHz, 9000 MHz, 97 %, 47
2026/10/02 21:20:38.928, 305.70 W, 2520 MHz, 9000 MHz, 97 %, 45
2026/10/02 21:20:39.029, 305.13 W, 2520 MHz, 9000 MHz, 97 %, 47
2026/10/02 21:20:39.129, 306.24 W, 2520 MHz, 9000 MHz, 97 %, 45
2026/10/02 21:20:39.230, 305.54 W, 2520 MHz, 9000 MHz, 97 %, 46
2026/10/02 21:20:39.330, 306.15 W, 2520 MHz, 9000 MHz, 97 %, 46
2026/10/02 21:20:39.431, 305.56 W, 2520 MHz, 9000 MHz, 97 %, 46
2026/10/02 21:20:39.532, 306.60 W, 2520 MHz, 9000 MHz, 97 %, 46
2026/10/02 21:20:39.632, 306.02 W, 2520 MHz, 9000 MHz, 97 %, 46
2026/10/02 21:20:39.733, 306.52 W, 2520 MHz, 9000 MHz, 97 %, 46
2026/10/02 21:20:39.834, 305.58 W, 2520 MHz, 9000 MHz, 97 %, 46
2026/10/02 21:20:39.935, 306.12 W, 2520 MHz, 9000 MHz, 97 %, 47
2026/10/02 21:20:40.035, 305.42 W, 2520 MHz, 9000 MHz, 97 %, 47
2026/10/02 21:20:40.136, 306.29 W, 2520 MHz, 9000 MHz, 97 %, 47
2026/10/02 21:20:40.237, 305.05 W, 2520 MHz, 9000 MHz, 97 %, 46
2026/10/02 21:20:40.338, 305.77 W, 2520 MHz, 9000 MHz, 97 %, 48
2026/10/02 21:20:40.439, 304.89 W, 2520 MHz, 9000 MHz, 97 %, 46
2026/10/02 21:20:40.539, 305.35 W, 2520 MHz, 9000 MHz, 97 %, 48
2026/10/02 21:20:40.640, 304.11 W, 2520 MHz, 9000 MHz, 97 %, 47
2026/10/02 21:20:40.740, 304.53 W, 2520 MHz, 9000 MHz, 97 %, 47
2026/10/02 21:20:40.841, 304.56 W, 2520 MHz, 9000 MHz, 97 %, 47
2026/10/02 21:20:40.941, 304.97 W, 2520 MHz, 9000 MHz, 97 %, 48
2026/10/02 21:20:41.042, 305.03 W, 2520 MHz, 9000 MHz, 97 %, 46
2026/10/02 21:20:41.143, 306.52 W, 2520 MHz, 9000 MHz, 94 %, 48
2026/10/02 21:20:41.243, 306.44 W, 2520 MHz, 9000 MHz, 94 %, 46
2026/10/02 21:20:41.344, 307.57 W, 2520 MHz, 9000 MHz, 97 %, 48
2026/10/02 21:20:41.444, 307.21 W, 2520 MHz, 9000 MHz, 97 %, 47
2026/10/02 21:20:41.545, 308.53 W, 2520 MHz, 9000 MHz, 97 %, 47
2026/10/02 21:20:41.646, 308.76 W, 2520 MHz, 9000 MHz, 97 %, 47
2026/10/02 21:20:41.746, 310.29 W, 2520 MHz, 9000 MHz, 97 %, 47
2026/10/02 21:20:41.847, 310.36 W, 2520 MHz, 9000 MHz, 97 %, 47
2026/10/02 21:20:41.949, 310.70 W, 2520 MHz, 9000 MHz, 97 %, 47
2026/10/02 21:20:42.050, 311.03 W, 2520 MHz, 9000 MHz, 97 %, 47
2026/10/02 21:20:42.151, 311.04 W, 2520 MHz, 9000 MHz, 97 %, 47
2026/10/02 21:20:42.251, 310.52 W, 2520 MHz, 9000 MHz, 97 %, 47
2026/10/02 21:20:42.352, 310.67 W, 2520 MHz, 9000 MHz, 97 %, 47
2026/10/02 21:20:42.453, 310.50 W, 2520 MHz, 9000 MHz, 97 %, 47
2026/10/02 21:20:42.554, 310.91 W, 2520 MHz, 9000 MHz, 97 %, 47
2026/10/02 21:20:42.655, 310.58 W, 2520 MHz, 9000 MHz, 97 %, 49
2026/10/02 21:20:42.756, 310.79 W, 2520 MHz, 9000 MHz, 97 %, 47
2026/10/02 21:20:42.857, 310.17 W, 2520 MHz, 9000 MHz, 97 %, 49
2026/10/02 21:20:42.957, 311.36 W, 2520 MHz, 9000 MHz, 97 %, 47
2026/10/02 21:20:43.058, 311.63 W, 2520 MHz, 9000 MHz, 97 %, 49
2026/10/02 21:20:43.159, 311.89 W, 2520 MHz, 9000 MHz, 97 %, 47
2026/10/02 21:20:43.259, 312.05 W, 2520 MHz, 9000 MHz, 97 %, 49
2026/10/02 21:20:43.360, 312.39 W, 2520 MHz, 9000 MHz, 97 %, 47
2026/10/02 21:20:43.460, 312.68 W, 2520 MHz, 9000 MHz, 97 %, 47
2026/10/02 21:20:43.561, 312.95 W, 2520 MHz, 9000 MHz, 97 %, 47
2026/10/02 21:20:43.662, 312.35 W, 2520 MHz, 9000 MHz, 97 %, 49
2026/10/02 21:20:43.763, 314.95 W, 2520 MHz, 9000 MHz, 94 %, 47
2026/10/02 21:20:43.863, 314.25 W, 2520 MHz, 9000 MHz, 94 %, 49
2026/10/02 21:20:43.964, 316.98 W, 2520 MHz, 9000 MHz, 97 %, 48
2026/10/02 21:20:44.064, 315.55 W, 2520 MHz, 9000 MHz, 97 %, 49
2026/10/02 21:20:44.165, 318.11 W, 2520 MHz, 9000 MHz, 97 %, 47
2026/10/02 21:20:44.266, 317.50 W, 2520 MHz, 9000 MHz, 97 %, 48
2026/10/02 21:20:44.367, 319.84 W, 2520 MHz, 9000 MHz, 97 %, 47
2026/10/02 21:20:44.467, 319.00 W, 2520 MHz, 9000 MHz, 97 %, 48
2026/10/02 21:20:44.568, 321.62 W, 2520 MHz, 9000 MHz, 97 %, 48
2026/10/02 21:20:44.670, 321.05 W, 2520 MHz, 9000 MHz, 97 %, 48
2026/10/02 21:20:44.770, 324.25 W, 2520 MHz, 9000 MHz, 97 %, 49
2026/10/02 21:20:44.871, 321.13 W, 2520 MHz, 9000 MHz, 97 %, 48
2026/10/02 21:20:44.973, 324.66 W, 2520 MHz, 9000 MHz, 97 %, 49
2026/10/02 21:20:45.074, 321.89 W, 2520 MHz, 9000 MHz, 97 %, 49
2026/10/02 21:20:45.174, 325.40 W, 2520 MHz, 9000 MHz, 97 %, 44
2026/10/02 21:20:45.275, 303.76 W, 2520 MHz, 9000 MHz, 97 %, 43
2026/10/02 21:20:45.375, 285.50 W, 2520 MHz, 9000 MHz, 55 %, 42
2026/10/02 21:20:45.476, 263.07 W, 2520 MHz, 9000 MHz, 55 %, 42
2026/10/02 21:20:45.603, 262.81 W, 2520 MHz, 9000 MHz, 50 %, 42
2026/10/02 21:20:45.704, 241.09 W, 2520 MHz, 9000 MHz, 50 %, 41
2026/10/02 21:20:45.805, 221.49 W, 2520 MHz, 9000 MHz, 10 %, 45
2026/10/02 21:20:45.905, 207.85 W, 2520 MHz, 9000 MHz, 10 %, 47
2026/10/02 21:20:46.006, 206.37 W, 2520 MHz, 9000 MHz, 94 %, 47
2026/10/02 21:20:46.106, 201.97 W, 2520 MHz, 9000 MHz, 94 %, 47
2026/10/02 21:20:46.207, 200.12 W, 2520 MHz, 9000 MHz, 95 %, 47
2026/10/02 21:20:46.308, 195.70 W, 2520 MHz, 9000 MHz, 95 %, 47
2026/10/02 21:20:46.409, 212.70 W, 2520 MHz, 9000 MHz, 94 %, 47
2026/10/02 21:20:46.509, 231.36 W, 2520 MHz, 9000 MHz, 94 %, 48
2026/10/02 21:20:46.610, 249.94 W, 1260 MHz, 9000 MHz, 94 %, 48
2026/10/02 21:20:46.711, 250.89 W, 2520 MHz, 9000 MHz, 94 %, 47
2026/10/02 21:20:46.812, 268.02 W, 2520 MHz, 9000 MHz, 95 %, 48
2026/10/02 21:20:46.913, 288.47 W, 2520 MHz, 9000 MHz, 95 %, 49
2026/10/02 21:20:47.013, 298.72 W, 2520 MHz, 9000 MHz, 95 %, 48
2026/10/02 21:20:47.114, 299.52 W, 2520 MHz, 9000 MHz, 95 %, 49
2026/10/02 21:20:47.215, 299.58 W, 2520 MHz, 9000 MHz, 95 %, 49
2026/10/02 21:20:47.316, 300.43 W, 2520 MHz, 9000 MHz, 95 %, 48
2026/10/02 21:20:47.416, 301.42 W, 2520 MHz, 9000 MHz, 95 %, 49
2026/10/02 21:20:47.517, 301.96 W, 2520 MHz, 9000 MHz, 95 %, 48
2026/10/02 21:20:47.617, 301.77 W, 2520 MHz, 9000 MHz, 95 %, 48
2026/10/02 21:20:47.718, 301.88 W, 2520 MHz, 9000 MHz, 95 %, 48
2026/10/02 21:20:47.819, 300.82 W, 2520 MHz, 9000 MHz, 90 %, 48
2026/10/02 21:20:47.920, 303.77 W, 2520 MHz, 9000 MHz, 90 %, 48
2026/10/02 21:20:48.021, 301.64 W, 2520 MHz, 9000 MHz, 94 %, 49
2026/10/02 21:20:48.122, 303.65 W, 2520 MHz, 9000 MHz, 94 %, 48
2026/10/02 21:20:48.223, 303.76 W, 2520 MHz, 9000 MHz, 95 %, 50
2026/10/02 21:20:48.323, 305.70 W, 2520 MHz, 9000 MHz, 95 %, 49
2026/10/02 21:20:48.424, 305.07 W, 2520 MHz, 9000 MHz, 95 %, 49
2026/10/02 21:20:48.524, 304.36 W, 2520 MHz, 9000 MHz, 95 %, 49
2026/10/02 21:20:48.626, 302.94 W, 2520 MHz, 9000 MHz, 95 %, 49
2026/10/02 21:20:48.726, 302.48 W, 2520 MHz, 9000 MHz, 95 %, 49
2026/10/02 21:20:48.827, 300.27 W, 2520 MHz, 9000 MHz, 95 %, 50
2026/10/02 21:20:48.933, 303.44 W, 2520 MHz, 9000 MHz, 95 %, 49
2026/10/02 21:20:49.034, 304.20 W, 2520 MHz, 9000 MHz, 95 %, 49
2026/10/02 21:20:49.135, 304.20 W, 2520 MHz, 9000 MHz, 95 %, 50
2026/10/02 21:20:49.236, 304.65 W, 2520 MHz, 9000 MHz, 95 %, 49
2026/10/02 21:20:49.336, 302.15 W, 2520 MHz, 9000 MHz, 95 %, 49
2026/10/02 21:20:49.437, 302.52 W, 2520 MHz, 9000 MHz, 95 %, 49
2026/10/02 21:20:49.538, 302.70 W, 2520 MHz, 9000 MHz, 95 %, 49
2026/10/02 21:20:49.639, 302.58 W, 2520 MHz, 9000 MHz, 95 %, 49
2026/10/02 21:20:49.740, 302.70 W, 2520 MHz, 9000 MHz, 95 %, 49
2026/10/02 21:20:49.841, 302.31 W, 2520 MHz, 9000 MHz, 94 %, 49
2026/10/02 21:20:49.941, 301.32 W, 2520 MHz, 9000 MHz, 94 %, 49
2026/10/02 21:20:50.042, 300.64 W, 2520 MHz, 9000 MHz, 94 %, 49
2026/10/02 21:20:50.142, 300.08 W, 2520 MHz, 9000 MHz, 94 %, 49
2026/10/02 21:20:50.243, 299.81 W, 2520 MHz, 9000 MHz, 94 %, 49
2026/10/02 21:20:50.344, 303.16 W, 2520 MHz, 9000 MHz, 94 %, 49
2026/10/02 21:20:50.444, 303.25 W, 2520 MHz, 9000 MHz, 95 %, 49
2026/10/02 21:20:50.545, 304.01 W, 2520 MHz, 9000 MHz, 95 %, 49
2026/10/02 21:20:50.646, 304.29 W, 2520 MHz, 9000 MHz, 95 %, 49
2026/10/02 21:20:50.747, 304.36 W, 2520 MHz, 9000 MHz, 95 %, 49
2026/10/02 21:20:50.848, 303.63 W, 2520 MHz, 9000 MHz, 95 %, 50
2026/10/02 21:20:50.949, 303.35 W, 2520 MHz, 9000 MHz, 95 %, 49
2026/10/02 21:20:51.049, 302.43 W, 2520 MHz, 9000 MHz, 95 %, 51
2026/10/02 21:20:51.150, 302.76 W, 2520 MHz, 9000 MHz, 95 %, 49
2026/10/02 21:20:51.250, 301.19 W, 2520 MHz, 9000 MHz, 94 %, 50
2026/10/02 21:20:51.351, 300.90 W, 2520 MHz, 9000 MHz, 94 %, 50
2026/10/02 21:20:51.452, 300.03 W, 2520 MHz, 9000 MHz, 94 %, 50
2026/10/02 21:20:51.553, 300.05 W, 2520 MHz, 9000 MHz, 94 %, 51
2026/10/02 21:20:51.654, 300.01 W, 2520 MHz, 9000 MHz, 95 %, 50
2026/10/02 21:20:51.754, 299.73 W, 2520 MHz, 9000 MHz, 95 %, 51
2026/10/02 21:20:51.856, 300.01 W, 2520 MHz, 9000 MHz, 92 %, 50
2026/10/02 21:20:51.957, 299.74 W, 2520 MHz, 9000 MHz, 95 %, 50
2026/10/02 21:20:52.057, 301.29 W, 2520 MHz, 9000 MHz, 95 %, 50
2026/10/02 21:20:52.158, 300.58 W, 2520 MHz, 9000 MHz, 95 %, 50
2026/10/02 21:20:52.259, 301.97 W, 2520 MHz, 9000 MHz, 95 %, 49
2026/10/02 21:20:52.360, 301.13 W, 2520 MHz, 9000 MHz, 95 %, 50
2026/10/02 21:20:52.461, 303.99 W, 2520 MHz, 9000 MHz, 95 %, 50
2026/10/02 21:20:52.561, 302.31 W, 2520 MHz, 9000 MHz, 95 %, 50
2026/10/02 21:20:52.662, 303.91 W, 2520 MHz, 9000 MHz, 95 %, 50
2026/10/02 21:20:52.763, 303.68 W, 2520 MHz, 9000 MHz, 95 %, 49
2026/10/02 21:20:52.864, 303.94 W, 2520 MHz, 9000 MHz, 95 %, 50
2026/10/02 21:20:52.965, 304.48 W, 2520 MHz, 9000 MHz, 95 %, 51
2026/10/02 21:20:53.065, 304.31 W, 2520 MHz, 9000 MHz, 95 %, 50
2026/10/02 21:20:53.166, 304.36 W, 2520 MHz, 9000 MHz, 95 %, 50
2026/10/02 21:20:53.267, 304.34 W, 2520 MHz, 9000 MHz, 95 %, 51
2026/10/02 21:20:53.368, 305.34 W, 2520 MHz, 9000 MHz, 95 %, 50
2026/10/02 21:20:53.468, 305.99 W, 2520 MHz, 9000 MHz, 95 %, 51
2026/10/02 21:20:53.569, 304.07 W, 2520 MHz, 9000 MHz, 95 %, 51
2026/10/02 21:20:53.671, 304.17 W, 2520 MHz, 9000 MHz, 95 %, 50
2026/10/02 21:20:53.772, 302.13 W, 2520 MHz, 9000 MHz, 95 %, 52
2026/10/02 21:20:53.872, 302.00 W, 2520 MHz, 9000 MHz, 95 %, 50
2026/10/02 21:20:53.973, 301.50 W, 2520 MHz, 9000 MHz, 95 %, 51
2026/10/02 21:20:54.073, 301.35 W, 2520 MHz, 9000 MHz, 95 %, 50
2026/10/02 21:20:54.175, 301.37 W, 2520 MHz, 9000 MHz, 95 %, 50
2026/10/02 21:20:54.275, 300.24 W, 2520 MHz, 9000 MHz, 95 %, 50
2026/10/02 21:20:54.376, 303.07 W, 2520 MHz, 9000 MHz, 92 %, 50
2026/10/02 21:20:54.476, 301.13 W, 2520 MHz, 9000 MHz, 92 %, 50
2026/10/02 21:20:54.577, 301.14 W, 2520 MHz, 9000 MHz, 95 %, 50
2026/10/02 21:20:54.678, 300.58 W, 2520 MHz, 9000 MHz, 95 %, 51
2026/10/02 21:20:54.779, 299.85 W, 2520 MHz, 9000 MHz, 95 %, 51
2026/10/02 21:20:54.880, 300.16 W, 2520 MHz, 9000 MHz, 95 %, 52
2026/10/02 21:20:54.980, 299.60 W, 2520 MHz, 9000 MHz, 95 %, 50
2026/10/02 21:20:55.081, 299.93 W, 2520 MHz, 9000 MHz, 95 %, 51
2026/10/02 21:20:55.181, 299.41 W, 2520 MHz, 9000 MHz, 95 %, 51
2026/10/02 21:20:55.283, 300.68 W, 2520 MHz, 9000 MHz, 95 %, 51
2026/10/02 21:20:55.383, 300.82 W, 2520 MHz, 9000 MHz, 95 %, 52
2026/10/02 21:20:55.484, 300.29 W, 2520 MHz, 9000 MHz, 95 %, 50
2026/10/02 21:20:55.584, 299.65 W, 2520 MHz, 9000 MHz, 95 %, 52
2026/10/02 21:20:55.685, 300.92 W, 2520 MHz, 9000 MHz, 95 %, 52
2026/10/02 21:20:55.786, 292.59 W, 2520 MHz, 9000 MHz, 90 %, 47
2026/10/02 21:20:55.894, 275.62 W, 2520 MHz, 9000 MHz, 90 %, 46
2026/10/02 21:20:55.996, 275.62 W, 2520 MHz, 9000 MHz, 90 %, 45
2026/10/02 21:20:56.096, 250.50 W, 2520 MHz, 9000 MHz, 30 %, 48
2026/10/02 21:20:56.197, 239.23 W, 2295 MHz, 9000 MHz, 30 %, 49
2026/10/02 21:20:56.297, 240.57 W, 2310 MHz, 9000 MHz, 32 %, 50
2026/10/02 21:20:56.398, 242.79 W, 2490 MHz, 9000 MHz, 32 %, 51
2026/10/02 21:20:56.499, 210.59 W, 2460 MHz, 9000 MHz, 99 %, 46
2026/10/02 21:20:56.623, 185.26 W, 2505 MHz, 9000 MHz, 99 %, 45
2026/10/02 21:20:56.740, 165.95 W, 2505 MHz, 9000 MHz, 73 %, 45
2026/10/02 21:20:56.843, 175.22 W, 2520 MHz, 9000 MHz, 73 %, 47
2026/10/02 21:20:56.944, 191.73 W, 2490 MHz, 9000 MHz, 100 %, 49
2026/10/02 21:20:57.045, 211.29 W, 2415 MHz, 9000 MHz, 100 %, 51
2026/10/02 21:20:57.146, 217.42 W, 2295 MHz, 9000 MHz, 99 %, 51
2026/10/02 21:20:57.254, 224.36 W, 2385 MHz, 9000 MHz, 99 %, 50
2026/10/02 21:20:57.355, 225.79 W, 2295 MHz, 9000 MHz, 99 %, 50
2026/10/02 21:20:57.456, 235.33 W, 2340 MHz, 9000 MHz, 99 %, 51
2026/10/02 21:20:57.556, 265.69 W, 2505 MHz, 9000 MHz, 99 %, 51
2026/10/02 21:20:57.657, 285.89 W, 2505 MHz, 9000 MHz, 99 %, 51
2026/10/02 21:20:57.758, 302.01 W, 2505 MHz, 9000 MHz, 99 %, 53
2026/10/02 21:20:57.864, 318.65 W, 2490 MHz, 9000 MHz, 99 %, 54
2026/10/02 21:20:57.965, 318.53 W, 2490 MHz, 9000 MHz, 96 %, 54
2026/10/02 21:20:58.066, 321.57 W, 2460 MHz, 9000 MHz, 96 %, 54
2026/10/02 21:20:58.167, 322.21 W, 2445 MHz, 9000 MHz, 99 %, 53
2026/10/02 21:20:58.267, 323.40 W, 2400 MHz, 9000 MHz, 99 %, 50
2026/10/02 21:20:58.368, 323.07 W, 2400 MHz, 9000 MHz, 99 %, 50
2026/10/02 21:20:58.469, 319.58 W, 2400 MHz, 9000 MHz, 99 %, 51
2026/10/02 21:20:58.570, 313.96 W, 2280 MHz, 9000 MHz, 99 %, 52
2026/10/02 21:20:58.670, 308.73 W, 2295 MHz, 9000 MHz, 99 %, 52
2026/10/02 21:20:58.771, 313.86 W, 2490 MHz, 9000 MHz, 99 %, 51
2026/10/02 21:20:58.872, 323.52 W, 2505 MHz, 9000 MHz, 99 %, 52
2026/10/02 21:20:58.973, 328.40 W, 2490 MHz, 9000 MHz, 99 %, 51
2026/10/02 21:20:59.073, 325.80 W, 2490 MHz, 9000 MHz, 99 %, 52
2026/10/02 21:20:59.174, 322.69 W, 2505 MHz, 9000 MHz, 99 %, 53
2026/10/02 21:20:59.275, 324.46 W, 2505 MHz, 9000 MHz, 99 %, 55
2026/10/02 21:20:59.375, 328.07 W, 2490 MHz, 9000 MHz, 99 %, 55
2026/10/02 21:20:59.476, 327.05 W, 2490 MHz, 9000 MHz, 99 %, 55
2026/10/02 21:20:59.577, 326.18 W, 2460 MHz, 9000 MHz, 99 %, 54
2026/10/02 21:20:59.678, 324.20 W, 2445 MHz, 9000 MHz, 99 %, 51
2026/10/02 21:20:59.779, 319.67 W, 2445 MHz, 9000 MHz, 99 %, 51
2026/10/02 21:20:59.880, 312.37 W, 2400 MHz, 9000 MHz, 99 %, 52
2026/10/02 21:20:59.981, 313.20 W, 2400 MHz, 9000 MHz, 99 %, 52
2026/10/02 21:21:00.081, 319.43 W, 2295 MHz, 9000 MHz, 99 %, 53
2026/10/02 21:21:00.182, 329.02 W, 2280 MHz, 9000 MHz, 99 %, 51
2026/10/02 21:21:00.283, 333.40 W, 2415 MHz, 9000 MHz, 99 %, 52
2026/10/02 21:21:00.384, 330.71 W, 2505 MHz, 9000 MHz, 99 %, 52
2026/10/02 21:21:00.484, 328.00 W, 2505 MHz, 9000 MHz, 99 %, 53
2026/10/02 21:21:00.585, 330.55 W, 2505 MHz, 9000 MHz, 99 %, 53
2026/10/02 21:21:00.686, 333.26 W, 2490 MHz, 9000 MHz, 99 %, 54
2026/10/02 21:21:00.786, 331.25 W, 2490 MHz, 9000 MHz, 99 %, 55
2026/10/02 21:21:00.887, 330.22 W, 2460 MHz, 9000 MHz, 99 %, 55
2026/10/02 21:21:00.988, 327.30 W, 2445 MHz, 9000 MHz, 99 %, 54
2026/10/02 21:21:01.088, 319.08 W, 2400 MHz, 9000 MHz, 99 %, 51
2026/10/02 21:21:01.189, 311.89 W, 2400 MHz, 9000 MHz, 99 %, 52
2026/10/02 21:21:01.290, 312.94 W, 2400 MHz, 9000 MHz, 99 %, 52
2026/10/02 21:21:01.390, 319.44 W, 2280 MHz, 9000 MHz, 99 %, 53
2026/10/02 21:21:01.491, 328.03 W, 2280 MHz, 9000 MHz, 99 %, 53
2026/10/02 21:21:01.592, 329.86 W, 2490 MHz, 9000 MHz, 99 %, 52
2026/10/02 21:21:01.692, 327.56 W, 2505 MHz, 9000 MHz, 99 %, 53
2026/10/02 21:21:01.793, 327.59 W, 2505 MHz, 9000 MHz, 99 %, 53
2026/10/02 21:21:01.894, 331.20 W, 2490 MHz, 9000 MHz, 96 %, 53
2026/10/02 21:21:01.994, 330.39 W, 2490 MHz, 9000 MHz, 96 %, 56
2026/10/02 21:21:02.095, 329.84 W, 2460 MHz, 9000 MHz, 99 %, 56
2026/10/02 21:21:02.196, 328.90 W, 2445 MHz, 9000 MHz, 99 %, 56
2026/10/02 21:21:02.297, 326.53 W, 2430 MHz, 9000 MHz, 99 %, 56
2026/10/02 21:21:02.397, 320.77 W, 2400 MHz, 9000 MHz, 99 %, 53
2026/10/02 21:21:02.498, 319.98 W, 2400 MHz, 9000 MHz, 99 %, 52
2026/10/02 21:21:02.599, 323.15 W, 2280 MHz, 9000 MHz, 99 %, 52
2026/10/02 21:21:02.699, 329.66 W, 2265 MHz, 9000 MHz, 99 %, 54
2026/10/02 21:21:02.800, 332.55 W, 2430 MHz, 9000 MHz, 99 %, 54
2026/10/02 21:21:02.901, 329.63 W, 2505 MHz, 9000 MHz, 99 %, 53
2026/10/02 21:21:03.002, 327.36 W, 2505 MHz, 9000 MHz, 99 %, 53
2026/10/02 21:21:03.102, 330.38 W, 2490 MHz, 9000 MHz, 99 %, 54
2026/10/02 21:21:03.203, 332.49 W, 2490 MHz, 9000 MHz, 99 %, 53
2026/10/02 21:21:03.304, 331.23 W, 2490 MHz, 9000 MHz, 99 %, 54
2026/10/02 21:21:03.405, 330.18 W, 2490 MHz, 9000 MHz, 99 %, 55
2026/10/02 21:21:03.505, 326.55 W, 2475 MHz, 9000 MHz, 99 %, 56
2026/10/02 21:21:03.606, 318.63 W, 2460 MHz, 9000 MHz, 99 %, 56
2026/10/02 21:21:03.707, 311.54 W, 2445 MHz, 9000 MHz, 99 %, 56
2026/10/02 21:21:03.808, 312.46 W, 2460 MHz, 9000 MHz, 99 %, 54
2026/10/02 21:21:03.909, 320.10 W, 2400 MHz, 9000 MHz, 99 %, 52
2026/10/02 21:21:04.010, 328.45 W, 2385 MHz, 9000 MHz, 99 %, 53
2026/10/02 21:21:04.110, 330.41 W, 2295 MHz, 9000 MHz, 99 %, 53
2026/10/02 21:21:04.211, 327.55 W, 2280 MHz, 9000 MHz, 99 %, 54
2026/10/02 21:21:04.312, 327.59 W, 2505 MHz, 9000 MHz, 99 %, 53
2026/10/02 21:21:04.413, 331.00 W, 2505 MHz, 9000 MHz, 99 %, 54
2026/10/02 21:21:04.513, 330.06 W, 2505 MHz, 9000 MHz, 96 %, 53
2026/10/02 21:21:04.614, 329.47 W, 2490 MHz, 9000 MHz, 96 %, 54
2026/10/02 21:21:04.715, 328.54 W, 2475 MHz, 9000 MHz, 99 %, 55
2026/10/02 21:21:04.815, 326.22 W, 2475 MHz, 9000 MHz, 99 %, 57
2026/10/02 21:21:04.916, 320.28 W, 2460 MHz, 9000 MHz, 99 %, 57
2026/10/02 21:21:05.017, 318.82 W, 2460 MHz, 9000 MHz, 99 %, 56
2026/10/02 21:21:05.117, 321.80 W, 2400 MHz, 9000 MHz, 99 %, 56
2026/10/02 21:21:05.218, 327.58 W, 2370 MHz, 9000 MHz, 99 %, 52
2026/10/02 21:21:05.319, 331.74 W, 2295 MHz, 9000 MHz, 99 %, 53
2026/10/02 21:21:05.420, 328.97 W, 2265 MHz, 9000 MHz, 99 %, 53
2026/10/02 21:21:05.520, 326.24 W, 2340 MHz, 9000 MHz, 99 %, 55
2026/10/02 21:21:05.621, 329.04 W, 2505 MHz, 9000 MHz, 99 %, 54
2026/10/02 21:21:05.722, 331.62 W, 2505 MHz, 9000 MHz, 99 %, 53
2026/10/02 21:21:05.823, 330.16 W, 2490 MHz, 9000 MHz, 99 %, 54
2026/10/02 21:21:05.923, 328.48 W, 2490 MHz, 9000 MHz, 99 %, 53
2026/10/02 21:21:06.024, 325.24 W, 2475 MHz, 9000 MHz, 99 %, 54
2026/10/02 21:21:06.125, 317.55 W, 2460 MHz, 9000 MHz, 99 %, 55
2026/10/02 21:21:06.225, 310.45 W, 2445 MHz, 9000 MHz, 99 %, 57
2026/10/02 21:21:06.326, 312.28 W, 2460 MHz, 9000 MHz, 99 %, 57
2026/10/02 21:21:06.427, 319.46 W, 2400 MHz, 9000 MHz, 99 %, 57
2026/10/02 21:21:06.527, 328.00 W, 2385 MHz, 9000 MHz, 99 %, 56
2026/10/02 21:21:06.628, 331.18 W, 2280 MHz, 9000 MHz, 99 %, 53
2026/10/02 21:21:06.729, 328.32 W, 2250 MHz, 9000 MHz, 99 %, 53
2026/10/02 21:21:06.830, 326.29 W, 2355 MHz, 9000 MHz, 99 %, 54
2026/10/02 21:21:06.931, 329.40 W, 2280 MHz, 9000 MHz, 99 %, 55
2026/10/02 21:21:07.031, 331.50 W, 2295 MHz, 9000 MHz, 99 %, 50
2026/10/02 21:21:07.167, 314.22 W, 2505 MHz, 9000 MHz, 99 %, 49
2026/10/02 21:21:07.268, 295.96 W, 2505 MHz, 9000 MHz, 99 %, 48
2026/10/02 21:21:07.369, 233.11 W, 2520 MHz, 9000 MHz, 100 %, 48
2026/10/02 21:21:07.557, 221.72 W, 2520 MHz, 9000 MHz, 97 %, 53
2026/10/02 21:21:07.658, 214.20 W, 2520 MHz, 9000 MHz, 97 %, 55
2026/10/02 21:21:07.758, 219.89 W, 2190 MHz, 9000 MHz, 99 %, 53
2026/10/02 21:21:07.859, 218.19 W, 2505 MHz, 9000 MHz, 99 %, 56
2026/10/02 21:21:07.960, 213.54 W, 2160 MHz, 9000 MHz, 99 %, 52
2026/10/02 21:21:08.061, 210.41 W, 2505 MHz, 9000 MHz, 99 %, 57
2026/10/02 21:21:08.161, 213.65 W, 2190 MHz, 9000 MHz, 88 %, 49
2026/10/02 21:21:08.298, 213.59 W, 2505 MHz, 9000 MHz, 88 %, 49
2026/10/02 21:21:08.403, 214.00 W, 2505 MHz, 9000 MHz, 80 %, 48
2026/10/02 21:21:08.517, 140.89 W, 2520 MHz, 9000 MHz, 80 %, 47
2026/10/02 21:21:09.087, 142.43 W, 2520 MHz, 9000 MHz, 100 %, 52
2026/10/02 21:21:09.188, 142.55 W, 2520 MHz, 9000 MHz, 99 %, 55
2026/10/02 21:21:09.289, 159.29 W, 2175 MHz, 9000 MHz, 99 %, 52
2026/10/02 21:21:09.389, 169.30 W, 2505 MHz, 9000 MHz, 99 %, 56
2026/10/02 21:21:09.491, 186.47 W, 2310 MHz, 9000 MHz, 99 %, 52
2026/10/02 21:21:09.591, 208.54 W, 2505 MHz, 9000 MHz, 99 %, 57
2026/10/02 21:21:09.692, 232.50 W, 2160 MHz, 9000 MHz, 99 %, 53
2026/10/02 21:21:09.793, 252.79 W, 2505 MHz, 9000 MHz, 99 %, 55
2026/10/02 21:21:09.893, 278.71 W, 2160 MHz, 9000 MHz, 99 %, 52
2026/10/02 21:21:09.994, 294.51 W, 2490 MHz, 9000 MHz, 96 %, 52
2026/10/02 21:21:10.095, 319.84 W, 2190 MHz, 9000 MHz, 96 %, 53
2026/10/02 21:21:10.196, 322.67 W, 2490 MHz, 9000 MHz, 99 %, 53
2026/10/02 21:21:10.296, 322.09 W, 2100 MHz, 9000 MHz, 99 %, 54
2026/10/02 21:21:10.397, 324.74 W, 2445 MHz, 9000 MHz, 99 %, 53
2026/10/02 21:21:10.498, 322.71 W, 2505 MHz, 9000 MHz, 99 %, 56
2026/10/02 21:21:10.598, 321.03 W, 2415 MHz, 9000 MHz, 99 %, 55
2026/10/02 21:21:10.699, 315.34 W, 2505 MHz, 9000 MHz, 99 %, 57
2026/10/02 21:21:10.800, 307.64 W, 2430 MHz, 9000 MHz, 100 %, 54
2026/10/02 21:21:10.900, 307.59 W, 2505 MHz, 9000 MHz, 100 %, 57
2026/10/02 21:21:11.001, 305.23 W, 2340 MHz, 9000 MHz, 100 %, 53
2026/10/02 21:21:11.102, 310.76 W, 2505 MHz, 9000 MHz, 100 %, 58
2026/10/02 21:21:11.202, 311.12 W, 2280 MHz, 9000 MHz, 99 %, 54
2026/10/02 21:21:11.303, 308.18 W, 2505 MHz, 9000 MHz, 99 %, 56
2026/10/02 21:21:11.404, 320.71 W, 2160 MHz, 9000 MHz, 100 %, 54
2026/10/02 21:21:11.504, 322.34 W, 2505 MHz, 9000 MHz, 100 %, 53
2026/10/02 21:21:11.605, 331.21 W, 2160 MHz, 9000 MHz, 100 %, 54
2026/10/02 21:21:11.706, 333.99 W, 2490 MHz, 9000 MHz, 100 %, 53
2026/10/02 21:21:11.806, 332.16 W, 2115 MHz, 9000 MHz, 99 %, 54
2026/10/02 21:21:11.907, 330.68 W, 2475 MHz, 9000 MHz, 99 %, 54
2026/10/02 21:21:12.008, 326.36 W, 2505 MHz, 9000 MHz, 100 %, 55
2026/10/02 21:21:12.108, 318.54 W, 2460 MHz, 9000 MHz, 100 %, 55
2026/10/02 21:21:12.209, 314.57 W, 2505 MHz, 9000 MHz, 99 %, 57
2026/10/02 21:21:12.310, 305.50 W, 2415 MHz, 9000 MHz, 99 %, 55
2026/10/02 21:21:12.410, 310.33 W, 2505 MHz, 9000 MHz, 100 %, 57
2026/10/02 21:21:12.511, 305.78 W, 2325 MHz, 9000 MHz, 100 %, 54
2026/10/02 21:21:12.612, 310.17 W, 2505 MHz, 9000 MHz, 100 %, 58
2026/10/02 21:21:12.713, 311.14 W, 2235 MHz, 9000 MHz, 100 %, 53
2026/10/02 21:21:12.813, 307.14 W, 2490 MHz, 9000 MHz, 100 %, 58
2026/10/02 21:21:12.914, 319.41 W, 2190 MHz, 9000 MHz, 100 %, 55
2026/10/02 21:21:13.015, 321.15 W, 2505 MHz, 9000 MHz, 100 %, 54
2026/10/02 21:21:13.115, 328.77 W, 2160 MHz, 9000 MHz, 100 %, 54
2026/10/02 21:21:13.216, 331.74 W, 2490 MHz, 9000 MHz, 100 %, 53
2026/10/02 21:21:13.317, 329.84 W, 2145 MHz, 9000 MHz, 100 %, 54
2026/10/02 21:21:13.417, 327.84 W, 2460 MHz, 9000 MHz, 100 %, 54
2026/10/02 21:21:13.518, 322.93 W, 2505 MHz, 9000 MHz, 100 %, 55
2026/10/02 21:21:13.619, 315.10 W, 2460 MHz, 9000 MHz, 100 %, 54
2026/10/02 21:21:13.720, 311.80 W, 2505 MHz, 9000 MHz, 100 %, 56
2026/10/02 21:21:13.820, 303.24 W, 2400 MHz, 9000 MHz, 99 %, 56
2026/10/02 21:21:13.921, 310.07 W, 2505 MHz, 9000 MHz, 99 %, 57
2026/10/02 21:21:14.022, 303.28 W, 2355 MHz, 9000 MHz, 100 %, 55
2026/10/02 21:21:14.123, 303.20 W, 2505 MHz, 9000 MHz, 100 %, 58
2026/10/02 21:21:14.223, 306.17 W, 2160 MHz, 9000 MHz, 96 %, 54
2026/10/02 21:21:14.324, 302.12 W, 2505 MHz, 9000 MHz, 96 %, 58
2026/10/02 21:21:14.425, 312.97 W, 2115 MHz, 9000 MHz, 100 %, 55
2026/10/02 21:21:14.526, 316.58 W, 2505 MHz, 9000 MHz, 100 %, 56
2026/10/02 21:21:14.626, 317.25 W, 2175 MHz, 9000 MHz, 100 %, 55
2026/10/02 21:21:14.727, 316.42 W, 2505 MHz, 9000 MHz, 100 %, 54
2026/10/02 21:21:14.827, 314.85 W, 2160 MHz, 9000 MHz, 100 %, 55
2026/10/02 21:21:14.928, 314.48 W, 2490 MHz, 9000 MHz, 100 %, 54
2026/10/02 21:21:15.029, 309.66 W, 2235 MHz, 9000 MHz, 99 %, 55
2026/10/02 21:21:15.130, 305.57 W, 2460 MHz, 9000 MHz, 99 %, 55
2026/10/02 21:21:15.230, 307.15 W, 2505 MHz, 9000 MHz, 100 %, 56
2026/10/02 21:21:15.331, 303.86 W, 2430 MHz, 9000 MHz, 100 %, 56
2026/10/02 21:21:15.432, 310.88 W, 2505 MHz, 9000 MHz, 100 %, 58
2026/10/02 21:21:15.532, 310.34 W, 2400 MHz, 9000 MHz, 100 %, 56
2026/10/02 21:21:15.633, 308.93 W, 2505 MHz, 9000 MHz, 100 %, 58
2026/10/02 21:21:15.734, 319.49 W, 2340 MHz, 9000 MHz, 100 %, 54
2026/10/02 21:21:15.835, 320.98 W, 2505 MHz, 9000 MHz, 100 %, 59
2026/10/02 21:21:15.936, 330.82 W, 2130 MHz, 9000 MHz, 100 %, 54
2026/10/02 21:21:16.036, 333.49 W, 2505 MHz, 9000 MHz, 99 %, 58
2026/10/02 21:21:16.137, 332.05 W, 2115 MHz, 9000 MHz, 99 %, 56
2026/10/02 21:21:16.238, 331.29 W, 2490 MHz, 9000 MHz, 100 %, 56
2026/10/02 21:21:16.338, 327.73 W, 2145 MHz, 9000 MHz, 100 %, 55
2026/10/02 21:21:16.439, 320.80 W, 2490 MHz, 9000 MHz, 100 %, 54
2026/10/02 21:21:16.540, 316.36 W, 2250 MHz, 9000 MHz, 100 %, 55
2026/10/02 21:21:16.640, 300.69 W, 2475 MHz, 9000 MHz, 96 %, 55
2026/10/02 21:21:16.741, 306.27 W, 2505 MHz, 9000 MHz, 96 %, 57
2026/10/02 21:21:16.842, 306.78 W, 2430 MHz, 9000 MHz, 100 %, 56
2026/10/02 21:21:16.942, 308.33 W, 2505 MHz, 9000 MHz, 100 %, 58
2026/10/02 21:21:17.043, 308.43 W, 2325 MHz, 9000 MHz, 100 %, 57
2026/10/02 21:21:17.144, 307.20 W, 2505 MHz, 9000 MHz, 100 %, 58
2026/10/02 21:21:17.245, 316.21 W, 2265 MHz, 9000 MHz, 100 %, 56
2026/10/02 21:21:17.345, 319.24 W, 2490 MHz, 9000 MHz, 100 %, 59
2026/10/02 21:21:17.446, 324.17 W, 2160 MHz, 9000 MHz, 100 %, 55
2026/10/02 21:21:17.547, 324.43 W, 2505 MHz, 9000 MHz, 100 %, 59
2026/10/02 21:21:17.647, 322.99 W, 2160 MHz, 9000 MHz, 100 %, 56
2026/10/02 21:21:17.748, 329.20 W, 2490 MHz, 9000 MHz, 100 %, 57
2026/10/02 21:21:17.848, 322.98 W, 2115 MHz, 9000 MHz, 99 %, 56
2026/10/02 21:21:17.949, 303.75 W, 2460 MHz, 9000 MHz, 99 %, 55
2026/10/02 21:21:18.050, 305.65 W, 2175 MHz, 9000 MHz, 99 %, 56
2026/10/02 21:21:18.150, 313.29 W, 2505 MHz, 9000 MHz, 100 %, 55
2026/10/02 21:21:18.251, 310.77 W, 2130 MHz, 9000 MHz, 100 %, 57
2026/10/02 21:21:18.352, 312.51 W, 2490 MHz, 9000 MHz, 100 %, 56
2026/10/02 21:21:18.452, 317.77 W, 2235 MHz, 9000 MHz, 100 %, 57
2026/10/02 21:21:18.553, 316.83 W, 2460 MHz, 9000 MHz, 100 %, 57
2026/10/02 21:21:18.654, 328.17 W, 2505 MHz, 9000 MHz, 100 %, 59
2026/10/02 21:21:18.755, 329.99 W, 2445 MHz, 9000 MHz, 100 %, 57
2026/10/02 21:21:18.855, 333.29 W, 2505 MHz, 9000 MHz, 100 %, 60
2026/10/02 21:21:18.956, 333.27 W, 2400 MHz, 9000 MHz, 100 %, 55
2026/10/02 21:21:19.057, 331.58 W, 2505 MHz, 9000 MHz, 100 %, 60
2026/10/02 21:21:19.158, 325.61 W, 2310 MHz, 9000 MHz, 100 %, 55
2026/10/02 21:21:19.259, 322.37 W, 2505 MHz, 9000 MHz, 100 %, 59
2026/10/02 21:21:19.359, 301.52 W, 2070 MHz, 9000 MHz, 100 %, 52
2026/10/02 21:21:19.492, 283.84 W, 2505 MHz, 9000 MHz, 91 %, 51
2026/10/02 21:21:19.593, 258.14 W, 2505 MHz, 9000 MHz, 91 %, 51
2026/10/02 21:21:19.694, 242.87 W, 2505 MHz, 9000 MHz, 83 %, 50
2026/10/02 21:21:19.794, 215.96 W, 2520 MHz, 9000 MHz, 83 %, 56
2026/10/02 21:21:19.895, 224.24 W, 1905 MHz, 9000 MHz, 100 %, 58
2026/10/02 21:21:19.995, 226.25 W, 1830 MHz, 9000 MHz, 100 %, 60
2026/10/02 21:21:20.096, 228.55 W, 1860 MHz, 9000 MHz, 100 %, 60
2026/10/02 21:21:20.196, 240.38 W, 1860 MHz, 9000 MHz, 100 %, 61
2026/10/02 21:21:20.296, 246.13 W, 1875 MHz, 9000 MHz, 100 %, 61
2026/10/02 21:21:20.397, 251.91 W, 1950 MHz, 9000 MHz, 100 %, 61
2026/10/02 21:21:20.497, 268.96 W, 1950 MHz, 9000 MHz, 100 %, 61
2026/10/02 21:21:20.597, 291.44 W, 1965 MHz, 9000 MHz, 100 %, 61
2026/10/02 21:21:20.698, 313.82 W, 1965 MHz, 9000 MHz, 100 %, 61
2026/10/02 21:21:20.798, 334.55 W, 1800 MHz, 9000 MHz, 100 %, 61
2026/10/02 21:21:20.898, 355.53 W, 1815 MHz, 9000 MHz, 100 %, 61
2026/10/02 21:21:20.999, 350.48 W, 1860 MHz, 9000 MHz, 100 %, 61
2026/10/02 21:21:21.099, 350.88 W, 1935 MHz, 9000 MHz, 100 %, 62
2026/10/02 21:21:21.199, 350.34 W, 1950 MHz, 9000 MHz, 100 %, 62
2026/10/02 21:21:21.299, 349.76 W, 1950 MHz, 9000 MHz, 100 %, 62
2026/10/02 21:21:21.400, 349.56 W, 1935 MHz, 9000 MHz, 100 %, 62
2026/10/02 21:21:21.500, 349.58 W, 1950 MHz, 9000 MHz, 100 %, 62
2026/10/02 21:21:21.600, 349.60 W, 1950 MHz, 9000 MHz, 100 %, 62
2026/10/02 21:21:21.701, 349.26 W, 1890 MHz, 9000 MHz, 100 %, 62
2026/10/02 21:21:21.801, 348.04 W, 1845 MHz, 9000 MHz, 100 %, 62
2026/10/02 21:21:21.901, 348.41 W, 1845 MHz, 9000 MHz, 100 %, 62
2026/10/02 21:21:22.002, 348.88 W, 1860 MHz, 9000 MHz, 100 %, 62
2026/10/02 21:21:22.102, 349.53 W, 1905 MHz, 9000 MHz, 100 %, 62
2026/10/02 21:21:22.202, 349.66 W, 1935 MHz, 9000 MHz, 100 %, 62
2026/10/02 21:21:22.303, 349.51 W, 1935 MHz, 9000 MHz, 100 %, 62
2026/10/02 21:21:22.403, 349.37 W, 1935 MHz, 9000 MHz, 100 %, 62
2026/10/02 21:21:22.503, 349.45 W, 1935 MHz, 9000 MHz, 100 %, 63
2026/10/02 21:21:22.603, 349.37 W, 1935 MHz, 9000 MHz, 100 %, 63
2026/10/02 21:21:22.704, 348.87 W, 1890 MHz, 9000 MHz, 100 %, 62
2026/10/02 21:21:22.804, 348.52 W, 1860 MHz, 9000 MHz, 100 %, 62
2026/10/02 21:21:22.904, 348.63 W, 1860 MHz, 9000 MHz, 100 %, 62
2026/10/02 21:21:23.005, 348.85 W, 937 MHz, 9000 MHz, 100 %, 62
2026/10/02 21:21:23.105, 349.20 W, 1890 MHz, 9000 MHz, 100 %, 63
2026/10/02 21:21:23.205, 349.35 W, 1920 MHz, 9000 MHz, 100 %, 63
2026/10/02 21:21:23.305, 349.43 W, 1920 MHz, 9000 MHz, 100 %, 63
2026/10/02 21:21:23.406, 349.37 W, 1920 MHz, 9000 MHz, 100 %, 63
2026/10/02 21:21:23.506, 349.46 W, 1935 MHz, 9000 MHz, 100 %, 63
2026/10/02 21:21:23.606, 349.42 W, 1920 MHz, 9000 MHz, 100 %, 63
2026/10/02 21:21:23.707, 349.16 W, 1890 MHz, 9000 MHz, 100 %, 63
2026/10/02 21:21:23.807, 349.09 W, 1875 MHz, 9000 MHz, 100 %, 63
2026/10/02 21:21:23.907, 349.12 W, 937 MHz, 9000 MHz, 100 %, 63
2026/10/02 21:21:24.008, 349.16 W, 1860 MHz, 9000 MHz, 100 %, 63
2026/10/02 21:21:24.108, 349.38 W, 1890 MHz, 9000 MHz, 100 %, 63
2026/10/02 21:21:24.208, 349.57 W, 1905 MHz, 9000 MHz, 100 %, 63
2026/10/02 21:21:24.308, 349.64 W, 1905 MHz, 9000 MHz, 100 %, 63
2026/10/02 21:21:24.409, 349.66 W, 1920 MHz, 9000 MHz, 100 %, 63
2026/10/02 21:21:24.509, 349.62 W, 1920 MHz, 9000 MHz, 100 %, 63
2026/10/02 21:21:24.609, 349.44 W, 1920 MHz, 9000 MHz, 100 %, 63
2026/10/02 21:21:24.710, 349.38 W, 1905 MHz, 9000 MHz, 100 %, 63
2026/10/02 21:21:24.810, 349.27 W, 1890 MHz, 9000 MHz, 100 %, 63
2026/10/02 21:21:24.910, 349.12 W, 1875 MHz, 9000 MHz, 100 %, 63
2026/10/02 21:21:25.010, 348.96 W, 1860 MHz, 9000 MHz, 100 %, 63
2026/10/02 21:21:25.111, 349.18 W, 1875 MHz, 9000 MHz, 100 %, 63
2026/10/02 21:21:25.211, 349.33 W, 1890 MHz, 9000 MHz, 100 %, 63
2026/10/02 21:21:25.311, 349.42 W, 1905 MHz, 9000 MHz, 100 %, 63
2026/10/02 21:21:25.412, 349.49 W, 1905 MHz, 9000 MHz, 100 %, 64
2026/10/02 21:21:25.512, 349.49 W, 1920 MHz, 9000 MHz, 100 %, 64
2026/10/02 21:21:25.612, 349.57 W, 1905 MHz, 9000 MHz, 100 %, 64
2026/10/02 21:21:25.713, 349.44 W, 1905 MHz, 9000 MHz, 100 %, 64
2026/10/02 21:21:25.813, 349.31 W, 1890 MHz, 9000 MHz, 100 %, 64
2026/10/02 21:21:25.913, 349.31 W, 1875 MHz, 9000 MHz, 100 %, 64
2026/10/02 21:21:26.014, 349.40 W, 1875 MHz, 9000 MHz, 100 %, 64
2026/10/02 21:21:26.114, 349.57 W, 1875 MHz, 9000 MHz, 100 %, 64
2026/10/02 21:21:26.214, 349.55 W, 1875 MHz, 9000 MHz, 100 %, 64
2026/10/02 21:21:26.314, 349.62 W, 1890 MHz, 9000 MHz, 100 %, 64
2026/10/02 21:21:26.415, 349.68 W, 1905 MHz, 9000 MHz, 100 %, 64
2026/10/02 21:21:26.515, 349.64 W, 1905 MHz, 9000 MHz, 100 %, 64
2026/10/02 21:21:26.615, 349.51 W, 1920 MHz, 9000 MHz, 100 %, 64
2026/10/02 21:21:26.716, 349.48 W, 1905 MHz, 9000 MHz, 100 %, 64
2026/10/02 21:21:26.816, 349.51 W, 1890 MHz, 9000 MHz, 100 %, 64
2026/10/02 21:21:26.916, 349.36 W, 1890 MHz, 9000 MHz, 100 %, 64
2026/10/02 21:21:27.017, 349.25 W, 1875 MHz, 9000 MHz, 100 %, 64
2026/10/02 21:21:27.117, 349.25 W, 1875 MHz, 9000 MHz, 100 %, 64
2026/10/02 21:21:27.217, 349.29 W, 1875 MHz, 9000 MHz, 100 %, 64
2026/10/02 21:21:27.318, 349.44 W, 1890 MHz, 9000 MHz, 100 %, 64
2026/10/02 21:21:27.418, 349.51 W, 1890 MHz, 9000 MHz, 100 %, 64
2026/10/02 21:21:27.518, 349.36 W, 1905 MHz, 9000 MHz, 100 %, 64
2026/10/02 21:21:27.618, 349.42 W, 1905 MHz, 9000 MHz, 100 %, 64
2026/10/02 21:21:27.719, 349.49 W, 1905 MHz, 9000 MHz, 100 %, 64
2026/10/02 21:21:27.819, 349.33 W, 1905 MHz, 9000 MHz, 100 %, 64
2026/10/02 21:21:27.919, 349.33 W, 1890 MHz, 9000 MHz, 100 %, 64
2026/10/02 21:21:28.020, 349.31 W, 1875 MHz, 9000 MHz, 100 %, 64
2026/10/02 21:21:28.120, 349.38 W, 1875 MHz, 9000 MHz, 100 %, 64
2026/10/02 21:21:28.220, 349.38 W, 1875 MHz, 9000 MHz, 100 %, 64
2026/10/02 21:21:28.321, 349.38 W, 1875 MHz, 9000 MHz, 100 %, 64
2026/10/02 21:21:28.421, 349.31 W, 1890 MHz, 9000 MHz, 100 %, 64
2026/10/02 21:21:28.521, 349.29 W, 945 MHz, 9000 MHz, 100 %, 64
2026/10/02 21:21:28.621, 349.51 W, 1905 MHz, 9000 MHz, 100 %, 64
2026/10/02 21:21:28.722, 349.51 W, 1905 MHz, 9000 MHz, 100 %, 64
2026/10/02 21:21:28.822, 349.44 W, 1905 MHz, 9000 MHz, 100 %, 64
2026/10/02 21:21:28.922, 349.36 W, 1890 MHz, 9000 MHz, 100 %, 64
2026/10/02 21:21:29.023, 349.27 W, 1875 MHz, 9000 MHz, 100 %, 64
2026/10/02 21:21:29.123, 349.23 W, 1875 MHz, 9000 MHz, 100 %, 64
2026/10/02 21:21:29.223, 349.23 W, 1875 MHz, 9000 MHz, 100 %, 64
2026/10/02 21:21:29.324, 349.20 W, 1875 MHz, 9000 MHz, 100 %, 64
2026/10/02 21:21:29.424, 349.25 W, 1875 MHz, 9000 MHz, 100 %, 65
2026/10/02 21:21:29.524, 349.44 W, 1890 MHz, 9000 MHz, 100 %, 65
2026/10/02 21:21:29.625, 349.53 W, 1890 MHz, 9000 MHz, 100 %, 65
2026/10/02 21:21:29.725, 349.53 W, 1905 MHz, 9000 MHz, 100 %, 65
2026/10/02 21:21:29.825, 326.82 W, 2430 MHz, 9000 MHz, 100 %, 56
2026/10/02 21:21:29.994, 271.92 W, 2505 MHz, 9000 MHz, 100 %, 55
2026/10/02 21:21:30.137, 271.92 W, 2505 MHz, 9000 MHz, 100 %, 54
2026/10/02 21:21:30.237, 257.48 W, 2520 MHz, 9000 MHz, 1 %, 53
2026/10/02 21:21:30.338, 233.68 W, 2490 MHz, 9000 MHz, 1 %, 60
2026/10/02 21:21:30.438, 234.77 W, 2475 MHz, 9000 MHz, 38 %, 61
2026/10/02 21:21:30.555, 224.04 W, 2475 MHz, 9000 MHz, 38 %, 61
2026/10/02 21:21:30.656, 236.02 W, 2460 MHz, 9000 MHz, 100 %, 61
2026/10/02 21:21:30.757, 236.35 W, 2460 MHz, 9000 MHz, 100 %, 61
2026/10/02 21:21:30.857, 236.57 W, 2460 MHz, 9000 MHz, 100 %, 62
2026/10/02 21:21:30.958, 236.86 W, 2460 MHz, 9000 MHz, 100 %, 62
2026/10/02 21:21:31.059, 259.73 W, 2460 MHz, 9000 MHz, 100 %, 62
2026/10/02 21:21:31.160, 283.45 W, 2370 MHz, 9000 MHz, 100 %, 61
2026/10/02 21:21:31.261, 308.85 W, 2355 MHz, 9000 MHz, 100 %, 61
2026/10/02 21:21:31.361, 328.39 W, 2370 MHz, 9000 MHz, 100 %, 61
2026/10/02 21:21:31.462, 351.05 W, 2430 MHz, 9000 MHz, 100 %, 62
2026/10/02 21:21:31.563, 349.78 W, 2445 MHz, 9000 MHz, 100 %, 62
2026/10/02 21:21:31.664, 349.72 W, 2445 MHz, 9000 MHz, 100 %, 62
2026/10/02 21:21:31.764, 349.45 W, 2445 MHz, 9000 MHz, 100 %, 62
2026/10/02 21:21:31.865, 349.61 W, 2445 MHz, 9000 MHz, 100 %, 62
2026/10/02 21:21:31.966, 349.45 W, 2445 MHz, 9000 MHz, 100 %, 62
2026/10/02 21:21:32.067, 349.21 W, 2445 MHz, 9000 MHz, 100 %, 62
2026/10/02 21:21:32.168, 349.41 W, 2370 MHz, 9000 MHz, 100 %, 62
2026/10/02 21:21:32.268, 349.02 W, 2370 MHz, 9000 MHz, 100 %, 62
2026/10/02 21:21:32.369, 347.89 W, 2385 MHz, 9000 MHz, 100 %, 61
2026/10/02 21:21:32.470, 348.54 W, 2415 MHz, 9000 MHz, 100 %, 62
2026/10/02 21:21:32.571, 349.35 W, 2430 MHz, 9000 MHz, 100 %, 62
2026/10/02 21:21:32.672, 350.10 W, 2430 MHz, 9000 MHz, 100 %, 62
2026/10/02 21:21:32.773, 350.06 W, 2430 MHz, 9000 MHz, 100 %, 62
2026/10/02 21:21:32.873, 350.17 W, 2430 MHz, 9000 MHz, 100 %, 62
2026/10/02 21:21:32.974, 350.07 W, 2430 MHz, 9000 MHz, 100 %, 62
2026/10/02 21:21:33.075, 350.07 W, 2430 MHz, 9000 MHz, 100 %, 62
2026/10/02 21:21:33.176, 349.97 W, 2385 MHz, 9000 MHz, 100 %, 62
2026/10/02 21:21:33.277, 349.07 W, 2385 MHz, 9000 MHz, 100 %, 62
2026/10/02 21:21:33.378, 348.53 W, 2385 MHz, 9000 MHz, 100 %, 62
2026/10/02 21:21:33.478, 348.46 W, 2415 MHz, 9000 MHz, 100 %, 62
2026/10/02 21:21:33.579, 348.79 W, 2430 MHz, 9000 MHz, 100 %, 62
2026/10/02 21:21:33.680, 349.48 W, 2430 MHz, 9000 MHz, 100 %, 62
2026/10/02 21:21:33.781, 349.48 W, 2430 MHz, 9000 MHz, 100 %, 62
2026/10/02 21:21:33.881, 349.46 W, 2430 MHz, 9000 MHz, 100 %, 62
2026/10/02 21:21:33.982, 349.11 W, 2430 MHz, 9000 MHz, 100 %, 62
2026/10/02 21:21:34.088, 349.14 W, 2385 MHz, 9000 MHz, 100 %, 62
2026/10/02 21:21:34.189, 348.42 W, 2385 MHz, 9000 MHz, 100 %, 62
2026/10/02 21:21:34.290, 348.31 W, 2385 MHz, 9000 MHz, 100 %, 62
2026/10/02 21:21:34.391, 348.68 W, 2385 MHz, 9000 MHz, 100 %, 62
2026/10/02 21:21:34.492, 348.84 W, 2430 MHz, 9000 MHz, 100 %, 62
2026/10/02 21:21:34.592, 349.80 W, 2430 MHz, 9000 MHz, 100 %, 62
2026/10/02 21:21:34.693, 349.86 W, 2430 MHz, 9000 MHz, 100 %, 62
2026/10/02 21:21:34.794, 349.86 W, 2430 MHz, 9000 MHz, 100 %, 62
2026/10/02 21:21:34.895, 349.91 W, 2430 MHz, 9000 MHz, 100 %, 62
2026/10/02 21:21:34.996, 349.84 W, 2430 MHz, 9000 MHz, 100 %, 62
2026/10/02 21:21:35.096, 349.38 W, 2385 MHz, 9000 MHz, 100 %, 62
2026/10/02 21:21:35.197, 348.57 W, 2385 MHz, 9000 MHz, 100 %, 62
2026/10/02 21:21:35.298, 348.66 W, 2385 MHz, 9000 MHz, 100 %, 62
2026/10/02 21:21:35.399, 348.66 W, 2400 MHz, 9000 MHz, 100 %, 62
2026/10/02 21:21:35.500, 349.48 W, 2415 MHz, 9000 MHz, 100 %, 62
2026/10/02 21:21:35.600, 349.92 W, 2430 MHz, 9000 MHz, 100 %, 62
2026/10/02 21:21:35.702, 350.01 W, 2430 MHz, 9000 MHz, 100 %, 63
2026/10/02 21:21:35.802, 350.20 W, 2445 MHz, 9000 MHz, 100 %, 62
2026/10/02 21:21:35.903, 350.27 W, 2430 MHz, 9000 MHz, 100 %, 62
2026/10/02 21:21:36.004, 350.03 W, 2400 MHz, 9000 MHz, 100 %, 62
2026/10/02 21:21:36.105, 349.48 W, 2400 MHz, 9000 MHz, 100 %, 62
2026/10/02 21:21:36.205, 349.03 W, 2385 MHz, 9000 MHz, 100 %, 62
2026/10/02 21:21:36.306, 349.11 W, 2385 MHz, 9000 MHz, 100 %, 62
2026/10/02 21:21:36.407, 349.20 W, 2400 MHz, 9000 MHz, 100 %, 62
2026/10/02 21:21:36.508, 349.98 W, 2430 MHz, 9000 MHz, 100 %, 63
2026/10/02 21:21:36.608, 350.18 W, 2430 MHz, 9000 MHz, 100 %, 63
2026/10/02 21:21:36.709, 350.38 W, 2430 MHz, 9000 MHz, 100 %, 63
2026/10/02 21:21:36.810, 350.55 W, 2430 MHz, 9000 MHz, 100 %, 63
2026/10/02 21:21:36.911, 350.51 W, 2430 MHz, 9000 MHz, 100 %, 63
2026/10/02 21:21:37.012, 349.96 W, 2385 MHz, 9000 MHz, 100 %, 63
2026/10/02 21:21:37.112, 349.27 W, 2385 MHz, 9000 MHz, 100 %, 62
2026/10/02 21:21:37.213, 348.70 W, 2385 MHz, 9000 MHz, 100 %, 62
2026/10/02 21:21:37.315, 348.77 W, 2385 MHz, 9000 MHz, 100 %, 62
2026/10/02 21:21:37.416, 349.03 W, 2430 MHz, 9000 MHz, 100 %, 63
2026/10/02 21:21:37.517, 349.88 W, 2430 MHz, 9000 MHz, 100 %, 63
2026/10/02 21:21:37.617, 349.92 W, 2415 MHz, 9000 MHz, 100 %, 63
2026/10/02 21:21:37.718, 349.77 W, 2415 MHz, 9000 MHz, 100 %, 63
2026/10/02 21:21:37.819, 350.07 W, 2400 MHz, 9000 MHz, 100 %, 63
2026/10/02 21:21:37.920, 349.59 W, 2400 MHz, 9000 MHz, 100 %, 63
2026/10/02 21:21:38.020, 349.03 W, 2385 MHz, 9000 MHz, 100 %, 63
2026/10/02 21:21:38.121, 348.57 W, 2370 MHz, 9000 MHz, 100 %, 62
2026/10/02 21:21:38.222, 348.20 W, 2385 MHz, 9000 MHz, 100 %, 62
2026/10/02 21:21:38.323, 348.05 W, 2385 MHz, 9000 MHz, 100 %, 63
2026/10/02 21:21:38.423, 348.85 W, 2430 MHz, 9000 MHz, 100 %, 63
2026/10/02 21:21:38.524, 349.83 W, 2415 MHz, 9000 MHz, 100 %, 63
2026/10/02 21:21:38.625, 349.70 W, 2415 MHz, 9000 MHz, 100 %, 63
2026/10/02 21:21:38.726, 349.77 W, 2430 MHz, 9000 MHz, 100 %, 63
2026/10/02 21:21:38.826, 349.61 W, 2415 MHz, 9000 MHz, 100 %, 63
2026/10/02 21:21:38.927, 349.81 W, 2400 MHz, 9000 MHz, 100 %, 63
2026/10/02 21:21:39.028, 349.62 W, 2370 MHz, 9000 MHz, 100 %, 63
2026/10/02 21:21:39.129, 349.01 W, 2340 MHz, 9000 MHz, 100 %, 63
2026/10/02 21:21:39.230, 348.96 W, 2340 MHz, 9000 MHz, 100 %, 63
2026/10/02 21:21:39.330, 348.90 W, 2400 MHz, 9000 MHz, 100 %, 63
2026/10/02 21:21:39.431, 349.94 W, 2430 MHz, 9000 MHz, 100 %, 63
2026/10/02 21:21:39.532, 350.14 W, 2430 MHz, 9000 MHz, 100 %, 63
2026/10/02 21:21:39.633, 349.92 W, 2430 MHz, 9000 MHz, 100 %, 63
2026/10/02 21:21:39.733, 349.99 W, 2430 MHz, 9000 MHz, 100 %, 63
2026/10/02 21:21:39.834, 350.07 W, 2430 MHz, 9000 MHz, 100 %, 63
2026/10/02 21:21:39.935, 349.86 W, 2385 MHz, 9000 MHz, 100 %, 63
2026/10/02 21:21:40.036, 348.83 W, 2385 MHz, 9000 MHz, 100 %, 63
2026/10/02 21:21:40.136, 348.37 W, 2385 MHz, 9000 MHz, 100 %, 63
2026/10/02 21:21:40.237, 348.44 W, 2370 MHz, 9000 MHz, 100 %, 63
2026/10/02 21:21:40.338, 348.33 W, 2445 MHz, 9000 MHz, 100 %, 57
2026/10/02 21:21:40.438, 303.87 W, 2505 MHz, 9000 MHz, 100 %, 56
2026/10/02 21:21:40.552, 280.40 W, 2505 MHz, 9000 MHz, 73 %, 56
2026/10/02 21:21:40.653, 256.57 W, 2505 MHz, 9000 MHz, 73 %, 55
2026/10/02 21:21:40.761, 254.71 W, 2520 MHz, 9000 MHz, 7 %, 61
2026/10/02 21:21:40.862, 255.71 W, 2475 MHz, 9000 MHz, 7 %, 62
2026/10/02 21:21:40.964, 256.01 W, 2430 MHz, 9000 MHz, 19 %, 62
2026/10/02 21:21:41.065, 257.12 W, 2430 MHz, 9000 MHz, 100 %, 63
2026/10/02 21:21:41.165, 258.45 W, 2430 MHz, 9000 MHz, 100 %, 62
2026/10/02 21:21:41.266, 260.06 W, 2430 MHz, 9000 MHz, 100 %, 63
2026/10/02 21:21:41.367, 261.89 W, 2430 MHz, 9000 MHz, 100 %, 63
2026/10/02 21:21:41.468, 284.90 W, 2415 MHz, 9000 MHz, 100 %, 63
2026/10/02 21:21:41.569, 308.46 W, 2430 MHz, 9000 MHz, 100 %, 63
2026/10/02 21:21:41.670, 330.72 W, 2325 MHz, 9000 MHz, 100 %, 63
2026/10/02 21:21:41.770, 353.29 W, 2310 MHz, 9000 MHz, 100 %, 62
2026/10/02 21:21:41.871, 353.13 W, 2295 MHz, 9000 MHz, 100 %, 62
2026/10/02 21:21:41.972, 350.89 W, 2370 MHz, 9000 MHz, 100 %, 63
2026/10/02 21:21:42.073, 349.58 W, 2400 MHz, 9000 MHz, 100 %, 63
2026/10/02 21:21:42.173, 349.41 W, 2430 MHz, 9000 MHz, 100 %, 63
2026/10/02 21:21:42.274, 349.73 W, 2415 MHz, 9000 MHz, 100 %, 64
2026/10/02 21:21:42.375, 349.60 W, 2430 MHz, 9000 MHz, 100 %, 63
2026/10/02 21:21:42.476, 349.10 W, 2445 MHz, 9000 MHz, 100 %, 63
2026/10/02 21:21:42.576, 349.62 W, 2400 MHz, 9000 MHz, 100 %, 63
2026/10/02 21:21:42.677, 348.40 W, 2295 MHz, 9000 MHz, 100 %, 63
2026/10/02 21:21:42.778, 347.84 W, 2325 MHz, 9000 MHz, 100 %, 62
2026/10/02 21:21:42.879, 347.46 W, 2325 MHz, 9000 MHz, 100 %, 63
2026/10/02 21:21:42.979, 347.92 W, 2370 MHz, 9000 MHz, 100 %, 63
2026/10/02 21:21:43.080, 349.28 W, 2400 MHz, 9000 MHz, 100 %, 64
2026/10/02 21:21:43.181, 350.52 W, 2400 MHz, 9000 MHz, 100 %, 63
2026/10/02 21:21:43.282, 350.69 W, 2430 MHz, 9000 MHz, 100 %, 64
2026/10/02 21:21:43.382, 349.65 W, 2430 MHz, 9000 MHz, 100 %, 64
2026/10/02 21:21:43.483, 349.78 W, 2430 MHz, 9000 MHz, 100 %, 64
2026/10/02 21:21:43.584, 350.21 W, 2370 MHz, 9000 MHz, 100 %, 63
2026/10/02 21:21:43.685, 348.58 W, 2325 MHz, 9000 MHz, 100 %, 63
2026/10/02 21:21:43.786, 347.52 W, 2325 MHz, 9000 MHz, 100 %, 63
2026/10/02 21:21:43.886, 348.51 W, 2325 MHz, 9000 MHz, 100 %, 63
2026/10/02 21:21:43.987, 349.81 W, 2325 MHz, 9000 MHz, 100 %, 64
2026/10/02 21:21:44.088, 350.70 W, 2385 MHz, 9000 MHz, 100 %, 64
2026/10/02 21:21:44.189, 350.04 W, 2400 MHz, 9000 MHz, 100 %, 64
2026/10/02 21:21:44.289, 349.60 W, 2430 MHz, 9000 MHz, 100 %, 64
2026/10/02 21:21:44.390, 349.35 W, 2415 MHz, 9000 MHz, 100 %, 64
2026/10/02 21:21:44.491, 349.77 W, 2415 MHz, 9000 MHz, 100 %, 63
2026/10/02 21:21:44.592, 348.95 W, 2400 MHz, 9000 MHz, 100 %, 63
2026/10/02 21:21:44.693, 346.70 W, 2355 MHz, 9000 MHz, 100 %, 63
2026/10/02 21:21:44.794, 346.24 W, 2310 MHz, 9000 MHz, 100 %, 63
2026/10/02 21:21:44.894, 348.03 W, 2325 MHz, 9000 MHz, 100 %, 63
2026/10/02 21:21:44.995, 347.70 W, 2370 MHz, 9000 MHz, 100 %, 63
2026/10/02 21:21:45.096, 347.05 W, 2385 MHz, 9000 MHz, 100 %, 64
2026/10/02 21:21:45.197, 349.02 W, 2415 MHz, 9000 MHz, 100 %, 64
2026/10/02 21:21:45.298, 349.90 W, 2415 MHz, 9000 MHz, 100 %, 64
2026/10/02 21:21:45.398, 350.71 W, 2400 MHz, 9000 MHz, 100 %, 64
2026/10/02 21:21:45.499, 350.16 W, 2415 MHz, 9000 MHz, 100 %, 64
2026/10/02 21:21:45.600, 349.74 W, 2400 MHz, 9000 MHz, 100 %, 63
2026/10/02 21:21:45.701, 349.68 W, 2340 MHz, 9000 MHz, 100 %, 64
2026/10/02 21:21:45.802, 350.39 W, 2325 MHz, 9000 MHz, 100 %, 64
2026/10/02 21:21:45.903, 351.04 W, 2340 MHz, 9000 MHz, 100 %, 63
2026/10/02 21:21:46.003, 349.30 W, 2370 MHz, 9000 MHz, 100 %, 64
2026/10/02 21:21:46.104, 349.85 W, 2385 MHz, 9000 MHz, 100 %, 64
2026/10/02 21:21:46.205, 350.92 W, 2370 MHz, 9000 MHz, 100 %, 64
2026/10/02 21:21:46.306, 350.01 W, 2400 MHz, 9000 MHz, 100 %, 64
2026/10/02 21:21:46.407, 348.54 W, 2415 MHz, 9000 MHz, 100 %, 64
2026/10/02 21:21:46.508, 348.61 W, 2415 MHz, 9000 MHz, 100 %, 64
2026/10/02 21:21:46.608, 349.29 W, 2370 MHz, 9000 MHz, 100 %, 64
2026/10/02 21:21:46.710, 349.05 W, 2340 MHz, 9000 MHz, 100 %, 64
2026/10/02 21:21:46.810, 348.50 W, 2370 MHz, 9000 MHz, 100 %, 64
2026/10/02 21:21:46.911, 348.30 W, 2370 MHz, 9000 MHz, 100 %, 64
2026/10/02 21:21:47.012, 348.07 W, 2355 MHz, 9000 MHz, 100 %, 64
2026/10/02 21:21:47.113, 349.32 W, 2340 MHz, 9000 MHz, 100 %, 64
2026/10/02 21:21:47.213, 349.31 W, 2400 MHz, 9000 MHz, 100 %, 64
2026/10/02 21:21:47.314, 348.02 W, 2385 MHz, 9000 MHz, 100 %, 64
2026/10/02 21:21:47.415, 347.37 W, 2400 MHz, 9000 MHz, 100 %, 64
2026/10/02 21:21:47.516, 348.78 W, 2385 MHz, 9000 MHz, 100 %, 64
2026/10/02 21:21:47.616, 347.95 W, 2370 MHz, 9000 MHz, 100 %, 64
2026/10/02 21:21:47.717, 346.47 W, 2385 MHz, 9000 MHz, 100 %, 64
2026/10/02 21:21:47.818, 347.18 W, 2370 MHz, 9000 MHz, 100 %, 64
2026/10/02 21:21:47.919, 347.60 W, 2355 MHz, 9000 MHz, 100 %, 64
2026/10/02 21:21:48.020, 348.13 W, 2340 MHz, 9000 MHz, 100 %, 64
2026/10/02 21:21:48.120, 348.56 W, 2385 MHz, 9000 MHz, 100 %, 64
2026/10/02 21:21:48.221, 348.64 W, 2385 MHz, 9000 MHz, 100 %, 64
2026/10/02 21:21:48.322, 349.02 W, 2385 MHz, 9000 MHz, 100 %, 64
2026/10/02 21:21:48.423, 350.29 W, 2370 MHz, 9000 MHz, 100 %, 65
2026/10/02 21:21:48.524, 350.89 W, 2385 MHz, 9000 MHz, 100 %, 65
2026/10/02 21:21:48.624, 349.64 W, 2370 MHz, 9000 MHz, 100 %, 64
2026/10/02 21:21:48.725, 348.74 W, 2370 MHz, 9000 MHz, 100 %, 64
2026/10/02 21:21:48.826, 349.45 W, 2370 MHz, 9000 MHz, 100 %, 64
2026/10/02 21:21:48.927, 348.84 W, 2340 MHz, 9000 MHz, 100 %, 64
2026/10/02 21:21:49.028, 348.70 W, 2340 MHz, 9000 MHz, 100 %, 64
2026/10/02 21:21:49.128, 349.51 W, 2385 MHz, 9000 MHz, 100 %, 64
2026/10/02 21:21:49.229, 349.86 W, 2370 MHz, 9000 MHz, 100 %, 64
2026/10/02 21:21:49.330, 349.92 W, 2385 MHz, 9000 MHz, 100 %, 64
2026/10/02 21:21:49.431, 349.54 W, 2400 MHz, 9000 MHz, 100 %, 65
2026/10/02 21:21:49.532, 349.54 W, 2415 MHz, 9000 MHz, 100 %, 65
2026/10/02 21:21:49.632, 348.98 W, 2370 MHz, 9000 MHz, 100 %, 65
2026/10/02 21:21:49.733, 349.14 W, 2355 MHz, 9000 MHz, 100 %, 64
2026/10/02 21:21:49.834, 349.92 W, 2340 MHz, 9000 MHz, 100 %, 64
2026/10/02 21:21:49.935, 349.13 W, 2340 MHz, 9000 MHz, 100 %, 64
2026/10/02 21:21:50.036, 348.66 W, 2370 MHz, 9000 MHz, 100 %, 64
2026/10/02 21:21:50.137, 349.15 W, 2355 MHz, 9000 MHz, 100 %, 64
2026/10/02 21:21:50.237, 348.27 W, 2340 MHz, 9000 MHz, 100 %, 65
2026/10/02 21:21:50.338, 348.01 W, 2370 MHz, 9000 MHz, 100 %, 64
2026/10/02 21:21:50.439, 349.20 W, 2385 MHz, 9000 MHz, 100 %, 65
2026/10/02 21:21:50.540, 349.54 W, 2385 MHz, 9000 MHz, 100 %, 65
2026/10/02 21:21:50.640, 349.01 W, 2385 MHz, 9000 MHz, 100 %, 64
2026/10/02 21:21:50.741, 348.98 W, 2370 MHz, 9000 MHz, 100 %, 65
2026/10/02 21:21:50.842, 348.71 W, 2445 MHz, 9000 MHz, 100 %, 59
2026/10/02 21:21:50.942, 327.18 W, 2505 MHz, 9000 MHz, 100 %, 58
2026/10/02 21:21:51.053, 305.30 W, 2505 MHz, 9000 MHz, 100 %, 57
2026/10/02 21:21:51.153, 283.16 W, 2505 MHz, 9000 MHz, 2 %, 56
2026/10/02 21:21:51.254, 259.30 W, 2520 MHz, 9000 MHz, 2 %, 56
2026/10/02 21:21:51.354, 235.99 W, 2520 MHz, 9000 MHz, 0 %, 56
2026/10/02 21:21:51.454, 212.90 W, 2520 MHz, 9000 MHz, 0 %, 56
2026/10/02 21:21:51.555, 171.63 W, 2520 MHz, 9000 MHz, 0 %, 55
2026/10/02 21:21:51.655, 164.34 W, 2520 MHz, 9000 MHz, 0 %, 61
2026/10/02 21:21:51.756, 143.66 W, 2490 MHz, 9000 MHz, 62 %, 63
2026/10/02 21:21:51.856, 161.30 W, 2490 MHz, 9000 MHz, 62 %, 63
2026/10/02 21:21:51.957, 183.25 W, 2490 MHz, 9000 MHz, 100 %, 64
2026/10/02 21:21:52.058, 217.61 W, 2475 MHz, 9000 MHz, 100 %, 64
2026/10/02 21:21:52.158, 230.37 W, 2460 MHz, 9000 MHz, 100 %, 64
2026/10/02 21:21:52.259, 271.39 W, 2475 MHz, 9000 MHz, 100 %, 64
2026/10/02 21:21:52.360, 279.37 W, 2475 MHz, 9000 MHz, 100 %, 64
2026/10/02 21:21:52.461, 303.52 W, 2475 MHz, 9000 MHz, 100 %, 65
2026/10/02 21:21:52.561, 326.79 W, 2385 MHz, 9000 MHz, 100 %, 64
2026/10/02 21:21:52.662, 348.55 W, 2340 MHz, 9000 MHz, 100 %, 64
2026/10/02 21:21:52.763, 353.02 W, 2355 MHz, 9000 MHz, 100 %, 64
2026/10/02 21:21:52.864, 351.41 W, 2370 MHz, 9000 MHz, 100 %, 64
2026/10/02 21:21:52.964, 350.63 W, 2415 MHz, 9000 MHz, 100 %, 64
2026/10/02 21:21:53.065, 350.76 W, 2460 MHz, 9000 MHz, 100 %, 65
2026/10/02 21:21:53.166, 350.72 W, 2475 MHz, 9000 MHz, 100 %, 64
2026/10/02 21:21:53.266, 350.32 W, 2460 MHz, 9000 MHz, 100 %, 65
2026/10/02 21:21:53.367, 350.31 W, 2475 MHz, 9000 MHz, 100 %, 65
2026/10/02 21:21:53.468, 349.62 W, 2445 MHz, 9000 MHz, 100 %, 65
2026/10/02 21:21:53.569, 348.51 W, 2400 MHz, 9000 MHz, 100 %, 64
2026/10/02 21:21:53.669, 348.25 W, 2355 MHz, 9000 MHz, 100 %, 64
2026/10/02 21:21:53.770, 349.15 W, 2370 MHz, 9000 MHz, 100 %, 64
2026/10/02 21:21:53.871, 348.81 W, 2355 MHz, 9000 MHz, 100 %, 64
2026/10/02 21:21:53.971, 349.36 W, 2400 MHz, 9000 MHz, 100 %, 64
2026/10/02 21:21:54.072, 349.33 W, 2445 MHz, 9000 MHz, 100 %, 65
2026/10/02 21:21:54.173, 349.74 W, 2460 MHz, 9000 MHz, 100 %, 65
2026/10/02 21:21:54.274, 350.00 W, 2460 MHz, 9000 MHz, 100 %, 65
2026/10/02 21:21:54.374, 350.77 W, 2475 MHz, 9000 MHz, 100 %, 65
2026/10/02 21:21:54.475, 350.02 W, 2430 MHz, 9000 MHz, 100 %, 65
2026/10/02 21:21:54.576, 349.60 W, 2400 MHz, 9000 MHz, 100 %, 65
2026/10/02 21:21:54.677, 349.15 W, 2385 MHz, 9000 MHz, 100 %, 65
2026/10/02 21:21:54.777, 349.21 W, 2370 MHz, 9000 MHz, 100 %, 64
2026/10/02 21:21:54.878, 349.41 W, 2370 MHz, 9000 MHz, 100 %, 65
2026/10/02 21:21:54.979, 349.88 W, 2400 MHz, 9000 MHz, 100 %, 65
2026/10/02 21:21:55.079, 350.90 W, 2445 MHz, 9000 MHz, 100 %, 65
2026/10/02 21:21:55.180, 351.31 W, 2475 MHz, 9000 MHz, 100 %, 65
2026/10/02 21:21:55.281, 351.57 W, 2445 MHz, 9000 MHz, 100 %, 65
2026/10/02 21:21:55.382, 350.98 W, 2445 MHz, 9000 MHz, 100 %, 65
2026/10/02 21:21:55.482, 350.59 W, 2400 MHz, 9000 MHz, 100 %, 65
2026/10/02 21:21:55.583, 349.68 W, 2400 MHz, 9000 MHz, 100 %, 65
2026/10/02 21:21:55.684, 349.31 W, 2385 MHz, 9000 MHz, 100 %, 65
2026/10/02 21:21:55.785, 348.77 W, 2385 MHz, 9000 MHz, 100 %, 65
2026/10/02 21:21:55.885, 348.94 W, 2385 MHz, 9000 MHz, 100 %, 65
2026/10/02 21:21:55.986, 348.59 W, 2385 MHz, 9000 MHz, 100 %, 65
2026/10/02 21:21:56.087, 350.33 W, 2460 MHz, 9000 MHz, 100 %, 65
2026/10/02 21:21:56.187, 349.99 W, 2445 MHz, 9000 MHz, 100 %, 65
2026/10/02 21:21:56.288, 350.41 W, 2460 MHz, 9000 MHz, 100 %, 65
2026/10/02 21:21:56.389, 349.45 W, 2445 MHz, 9000 MHz, 100 %, 65
2026/10/02 21:21:56.490, 349.34 W, 2415 MHz, 9000 MHz, 100 %, 65
2026/10/02 21:21:56.590, 348.56 W, 2385 MHz, 9000 MHz, 100 %, 65
2026/10/02 21:21:56.691, 348.63 W, 2385 MHz, 9000 MHz, 100 %, 65
2026/10/02 21:21:56.792, 348.36 W, 2385 MHz, 9000 MHz, 100 %, 65
2026/10/02 21:21:56.892, 348.67 W, 2385 MHz, 9000 MHz, 100 %, 65
2026/10/02 21:21:56.993, 348.88 W, 2400 MHz, 9000 MHz, 100 %, 65
2026/10/02 21:21:57.094, 350.60 W, 2460 MHz, 9000 MHz, 100 %, 65
2026/10/02 21:21:57.194, 350.49 W, 2445 MHz, 9000 MHz, 100 %, 66
2026/10/02 21:21:57.295, 350.80 W, 2460 MHz, 9000 MHz, 100 %, 65
2026/10/02 21:21:57.396, 350.56 W, 2445 MHz, 9000 MHz, 100 %, 66
2026/10/02 21:21:57.496, 350.15 W, 2400 MHz, 9000 MHz, 100 %, 65
2026/10/02 21:21:57.597, 349.36 W, 2400 MHz, 9000 MHz, 100 %, 65
2026/10/02 21:21:57.698, 348.43 W, 2385 MHz, 9000 MHz, 100 %, 65
2026/10/02 21:21:57.799, 348.62 W, 2385 MHz, 9000 MHz, 100 %, 65
2026/10/02 21:21:57.899, 348.71 W, 2385 MHz, 9000 MHz, 100 %, 65
2026/10/02 21:21:58.000, 349.36 W, 2415 MHz, 9000 MHz, 100 %, 66
2026/10/02 21:21:58.101, 349.86 W, 2445 MHz, 9000 MHz, 100 %, 66
2026/10/02 21:21:58.202, 349.80 W, 2460 MHz, 9000 MHz, 100 %, 66
2026/10/02 21:21:58.302, 349.21 W, 2445 MHz, 9000 MHz, 100 %, 66
2026/10/02 21:21:58.403, 349.36 W, 2430 MHz, 9000 MHz, 100 %, 66
2026/10/02 21:21:58.504, 348.51 W, 2400 MHz, 9000 MHz, 100 %, 65
2026/10/02 21:21:58.604, 348.43 W, 2400 MHz, 9000 MHz, 100 %, 65
2026/10/02 21:21:58.705, 347.75 W, 2370 MHz, 9000 MHz, 100 %, 65
2026/10/02 21:21:58.806, 348.06 W, 2385 MHz, 9000 MHz, 100 %, 65
2026/10/02 21:21:58.907, 348.12 W, 2385 MHz, 9000 MHz, 100 %, 65
2026/10/02 21:21:59.007, 349.17 W, 2430 MHz, 9000 MHz, 100 %, 66
2026/10/02 21:21:59.108, 349.73 W, 2430 MHz, 9000 MHz, 100 %, 66
2026/10/02 21:21:59.209, 349.95 W, 2460 MHz, 9000 MHz, 100 %, 66
2026/10/02 21:21:59.310, 349.84 W, 2430 MHz, 9000 MHz, 100 %, 66
2026/10/02 21:21:59.411, 349.91 W, 2430 MHz, 9000 MHz, 100 %, 66
2026/10/02 21:21:59.511, 349.69 W, 2400 MHz, 9000 MHz, 100 %, 66
2026/10/02 21:21:59.612, 349.21 W, 2385 MHz, 9000 MHz, 100 %, 66
2026/10/02 21:21:59.713, 349.06 W, 2385 MHz, 9000 MHz, 100 %, 66
2026/10/02 21:21:59.814, 349.14 W, 2370 MHz, 9000 MHz, 100 %, 66
2026/10/02 21:21:59.914, 349.19 W, 2385 MHz, 9000 MHz, 100 %, 66
2026/10/02 21:22:00.015, 349.23 W, 2430 MHz, 9000 MHz, 100 %, 66
2026/10/02 21:22:00.116, 350.13 W, 2460 MHz, 9000 MHz, 100 %, 66
2026/10/02 21:22:00.219, 350.19 W, 2460 MHz, 9000 MHz, 100 %, 66
2026/10/02 21:22:00.320, 350.56 W, 2445 MHz, 9000 MHz, 100 %, 66
2026/10/02 21:22:00.421, 349.95 W, 2415 MHz, 9000 MHz, 100 %, 66
2026/10/02 21:22:00.521, 349.58 W, 2385 MHz, 9000 MHz, 100 %, 66
2026/10/02 21:22:00.622, 348.21 W, 2385 MHz, 9000 MHz, 100 %, 66
2026/10/02 21:22:00.723, 348.60 W, 2385 MHz, 9000 MHz, 100 %, 66
2026/10/02 21:22:00.824, 348.95 W, 2355 MHz, 9000 MHz, 100 %, 66
2026/10/02 21:22:00.924, 349.12 W, 2385 MHz, 9000 MHz, 100 %, 66
2026/10/02 21:22:01.025, 349.49 W, 2430 MHz, 9000 MHz, 100 %, 66
2026/10/02 21:22:01.126, 350.17 W, 2460 MHz, 9000 MHz, 100 %, 66
2026/10/02 21:22:01.227, 349.80 W, 2445 MHz, 9000 MHz, 100 %, 66
2026/10/02 21:22:01.327, 349.90 W, 2445 MHz, 9000 MHz, 100 %, 66
2026/10/02 21:22:01.428, 350.01 W, 2415 MHz, 9000 MHz, 100 %, 66
2026/10/02 21:22:01.529, 349.64 W, 2400 MHz, 9000 MHz, 100 %, 66
2026/10/02 21:22:01.629, 349.03 W, 2400 MHz, 9000 MHz, 100 %, 63
2026/10/02 21:22:01.730, 349.08 W, 2460 MHz, 9000 MHz, 100 %, 60
2026/10/02 21:22:01.830, 326.43 W, 2505 MHz, 9000 MHz, 63 %, 59
2026/10/02 21:22:01.931, 303.70 W, 2505 MHz, 9000 MHz, 63 %, 58
2026/10/02 21:22:02.031, 283.77 W, 2505 MHz, 9000 MHz, 2 %, 58
2026/10/02 21:22:02.131, 260.59 W, 2520 MHz, 9000 MHz, 2 %, 57
2026/10/02 21:22:02.231, 236.73 W, 2520 MHz, 9000 MHz, 0 %, 57
2026/10/02 21:22:02.332, 212.50 W, 2520 MHz, 9000 MHz, 0 %, 57
2026/10/02 21:22:02.433, 188.43 W, 2520 MHz, 9000 MHz, 0 %, 57
2026/10/02 21:22:02.533, 164.16 W, 2520 MHz, 9000 MHz, 0 %, 63
2026/10/02 21:22:02.634, 165.46 W, 2490 MHz, 9000 MHz, 24 %, 64
2026/10/02 21:22:02.735, 166.88 W, 2445 MHz, 9000 MHz, 24 %, 64
2026/10/02 21:22:02.836, 168.16 W, 2445 MHz, 9000 MHz, 100 %, 65
2026/10/02 21:22:02.937, 192.46 W, 2490 MHz, 9000 MHz, 100 %, 66
2026/10/02 21:22:03.039, 216.31 W, 2490 MHz, 9000 MHz, 100 %, 66
2026/10/02 21:22:03.140, 236.74 W, 2460 MHz, 9000 MHz, 100 %, 66
2026/10/02 21:22:03.240, 260.68 W, 2445 MHz, 9000 MHz, 100 %, 65
2026/10/02 21:22:03.341, 284.87 W, 2445 MHz, 9000 MHz, 100 %, 65
2026/10/02 21:22:03.442, 309.31 W, 2325 MHz, 9000 MHz, 100 %, 65
2026/10/02 21:22:03.543, 331.63 W, 2370 MHz, 9000 MHz, 100 %, 65
2026/10/02 21:22:03.644, 355.32 W, 2385 MHz, 9000 MHz, 100 %, 66
2026/10/02 21:22:03.744, 352.82 W, 2385 MHz, 9000 MHz, 100 %, 65
2026/10/02 21:22:03.845, 351.04 W, 2385 MHz, 9000 MHz, 100 %, 65
2026/10/02 21:22:03.946, 349.91 W, 2385 MHz, 9000 MHz, 100 %, 65
2026/10/02 21:22:04.046, 348.41 W, 2400 MHz, 9000 MHz, 100 %, 66
2026/10/02 21:22:04.147, 348.31 W, 2460 MHz, 9000 MHz, 100 %, 66
2026/10/02 21:22:04.248, 350.46 W, 2490 MHz, 9000 MHz, 100 %, 66
2026/10/02 21:22:04.348, 350.64 W, 2460 MHz, 9000 MHz, 100 %, 66
2026/10/02 21:22:04.449, 349.86 W, 2385 MHz, 9000 MHz, 100 %, 66
2026/10/02 21:22:04.550, 348.25 W, 2325 MHz, 9000 MHz, 100 %, 66
2026/10/02 21:22:04.651, 348.05 W, 2325 MHz, 9000 MHz, 100 %, 65
2026/10/02 21:22:04.751, 347.34 W, 2355 MHz, 9000 MHz, 100 %, 66
2026/10/02 21:22:04.852, 348.93 W, 2460 MHz, 9000 MHz, 100 %, 66
2026/10/02 21:22:04.953, 351.03 W, 2445 MHz, 9000 MHz, 100 %, 66
2026/10/02 21:22:05.054, 351.22 W, 2430 MHz, 9000 MHz, 100 %, 66
2026/10/02 21:22:05.154, 351.13 W, 2385 MHz, 9000 MHz, 100 %, 66
2026/10/02 21:22:05.255, 350.37 W, 2385 MHz, 9000 MHz, 100 %, 65
2026/10/02 21:22:05.356, 348.52 W, 2385 MHz, 9000 MHz, 100 %, 66
2026/10/02 21:22:05.457, 348.92 W, 2490 MHz, 9000 MHz, 100 %, 66
2026/10/02 21:22:05.558, 350.20 W, 2430 MHz, 9000 MHz, 100 %, 66
2026/10/02 21:22:05.658, 349.31 W, 2355 MHz, 9000 MHz, 100 %, 66
2026/10/02 21:22:05.759, 349.33 W, 2340 MHz, 9000 MHz, 100 %, 65
2026/10/02 21:22:05.860, 349.03 W, 2385 MHz, 9000 MHz, 100 %, 66
2026/10/02 21:22:05.961, 348.83 W, 2370 MHz, 9000 MHz, 100 %, 66
2026/10/02 21:22:06.062, 348.06 W, 2445 MHz, 9000 MHz, 100 %, 67
2026/10/02 21:22:06.162, 350.28 W, 2475 MHz, 9000 MHz, 100 %, 67
2026/10/02 21:22:06.263, 350.48 W, 2445 MHz, 9000 MHz, 100 %, 66
2026/10/02 21:22:06.364, 350.29 W, 2385 MHz, 9000 MHz, 100 %, 66
2026/10/02 21:22:06.465, 350.09 W, 2385 MHz, 9000 MHz, 100 %, 66
2026/10/02 21:22:06.566, 349.09 W, 2355 MHz, 9000 MHz, 100 %, 66
2026/10/02 21:22:06.666, 348.02 W, 2340 MHz, 9000 MHz, 100 %, 66
2026/10/02 21:22:06.767, 349.17 W, 2430 MHz, 9000 MHz, 100 %, 66
2026/10/02 21:22:06.869, 351.14 W, 2385 MHz, 9000 MHz, 100 %, 66
2026/10/02 21:22:06.970, 351.26 W, 2370 MHz, 9000 MHz, 100 %, 66
2026/10/02 21:22:07.071, 350.76 W, 2385 MHz, 9000 MHz, 100 %, 66
2026/10/02 21:22:07.171, 350.10 W, 2385 MHz, 9000 MHz, 100 %, 65
2026/10/02 21:22:07.272, 348.67 W, 2460 MHz, 9000 MHz, 100 %, 66
2026/10/02 21:22:07.373, 349.34 W, 2460 MHz, 9000 MHz, 100 %, 67
2026/10/02 21:22:07.473, 351.43 W, 2385 MHz, 9000 MHz, 100 %, 66
2026/10/02 21:22:07.574, 351.30 W, 2340 MHz, 9000 MHz, 100 %, 66
2026/10/02 21:22:07.675, 350.51 W, 2340 MHz, 9000 MHz, 100 %, 66
2026/10/02 21:22:07.775, 350.23 W, 2340 MHz, 9000 MHz, 100 %, 66
2026/10/02 21:22:07.876, 349.64 W, 2445 MHz, 9000 MHz, 100 %, 67
2026/10/02 21:22:07.977, 349.12 W, 2460 MHz, 9000 MHz, 100 %, 67
2026/10/02 21:22:08.077, 351.43 W, 2430 MHz, 9000 MHz, 100 %, 67
2026/10/02 21:22:08.178, 351.93 W, 2355 MHz, 9000 MHz, 100 %, 66
2026/10/02 21:22:08.278, 352.10 W, 2370 MHz, 9000 MHz, 100 %, 66
2026/10/02 21:22:08.379, 351.43 W, 2370 MHz, 9000 MHz, 100 %, 66
2026/10/02 21:22:08.480, 350.69 W, 2445 MHz, 9000 MHz, 100 %, 66
2026/10/02 21:22:08.581, 348.92 W, 2445 MHz, 9000 MHz, 100 %, 67
2026/10/02 21:22:08.681, 350.72 W, 2370 MHz, 9000 MHz, 100 %, 66
2026/10/02 21:22:08.782, 351.16 W, 2340 MHz, 9000 MHz, 100 %, 66
2026/10/02 21:22:08.883, 351.21 W, 2355 MHz, 9000 MHz, 100 %, 66
2026/10/02 21:22:08.983, 351.07 W, 2370 MHz, 9000 MHz, 100 %, 66
2026/10/02 21:22:09.084, 350.63 W, 2475 MHz, 9000 MHz, 100 %, 67
2026/10/02 21:22:09.185, 349.42 W, 2460 MHz, 9000 MHz, 100 %, 67
2026/10/02 21:22:09.285, 351.11 W, 2400 MHz, 9000 MHz, 100 %, 66
2026/10/02 21:22:09.386, 351.55 W, 2355 MHz, 9000 MHz, 100 %, 66
2026/10/02 21:22:09.487, 351.15 W, 2370 MHz, 9000 MHz, 100 %, 67
2026/10/02 21:22:09.588, 350.19 W, 2355 MHz, 9000 MHz, 100 %, 67
2026/10/02 21:22:09.688, 349.95 W, 2370 MHz, 9000 MHz, 100 %, 66
2026/10/02 21:22:09.789, 348.14 W, 2460 MHz, 9000 MHz, 100 %, 66
2026/10/02 21:22:09.890, 349.07 W, 2400 MHz, 9000 MHz, 100 %, 67
2026/10/02 21:22:09.990, 350.55 W, 2370 MHz, 9000 MHz, 100 %, 67
2026/10/02 21:22:10.091, 350.26 W, 2385 MHz, 9000 MHz, 100 %, 67
2026/10/02 21:22:10.192, 349.89 W, 2385 MHz, 9000 MHz, 100 %, 66
2026/10/02 21:22:10.293, 349.49 W, 2370 MHz, 9000 MHz, 100 %, 66
2026/10/02 21:22:10.393, 347.95 W, 2445 MHz, 9000 MHz, 100 %, 67
2026/10/02 21:22:10.494, 348.14 W, 2445 MHz, 9000 MHz, 100 %, 67
2026/10/02 21:22:10.595, 349.90 W, 2355 MHz, 9000 MHz, 100 %, 67
2026/10/02 21:22:10.695, 350.61 W, 2340 MHz, 9000 MHz, 100 %, 67
2026/10/02 21:22:10.796, 349.58 W, 2355 MHz, 9000 MHz, 100 %, 66
2026/10/02 21:22:10.897, 348.75 W, 2355 MHz, 9000 MHz, 100 %, 67
2026/10/02 21:22:10.998, 347.41 W, 2445 MHz, 9000 MHz, 100 %, 67
2026/10/02 21:22:11.098, 348.76 W, 2460 MHz, 9000 MHz, 100 %, 67
2026/10/02 21:22:11.199, 350.29 W, 2400 MHz, 9000 MHz, 100 %, 67
2026/10/02 21:22:11.300, 350.69 W, 2355 MHz, 9000 MHz, 100 %, 66
2026/10/02 21:22:11.400, 350.57 W, 2370 MHz, 9000 MHz, 100 %, 67
2026/10/02 21:22:11.501, 349.90 W, 2385 MHz, 9000 MHz, 100 %, 67
2026/10/02 21:22:11.602, 348.95 W, 2415 MHz, 9000 MHz, 100 %, 67
2026/10/02 21:22:11.703, 350.34 W, 2460 MHz, 9000 MHz, 100 %, 67
2026/10/02 21:22:11.804, 351.62 W, 2430 MHz, 9000 MHz, 100 %, 67
2026/10/02 21:22:11.910, 351.54 W, 2355 MHz, 9000 MHz, 100 %, 67
2026/10/02 21:22:12.011, 350.95 W, 2355 MHz, 9000 MHz, 100 %, 67
2026/10/02 21:22:12.112, 350.19 W, 2385 MHz, 9000 MHz, 100 %, 66
2026/10/02 21:22:12.212, 350.96 W, 2400 MHz, 9000 MHz, 100 %, 67
2026/10/02 21:22:12.313, 351.60 W, 2460 MHz, 9000 MHz, 100 %, 67
2026/10/02 21:22:12.417, 351.28 W, 2415 MHz, 9000 MHz, 100 %, 67
2026/10/02 21:22:12.517, 350.16 W, 2340 MHz, 9000 MHz, 100 %, 66
2026/10/02 21:22:12.619, 328.19 W, 2430 MHz, 9000 MHz, 100 %, 61
2026/10/02 21:22:12.744, 297.78 W, 2505 MHz, 9000 MHz, 100 %, 60
2026/10/02 21:22:12.845, 281.05 W, 2505 MHz, 9000 MHz, 100 %, 59
2026/10/02 21:22:12.946, 260.39 W, 2505 MHz, 9000 MHz, 52 %, 59
2026/10/02 21:22:13.046, 237.42 W, 2520 MHz, 9000 MHz, 52 %, 58
2026/10/02 21:22:13.146, 213.93 W, 2520 MHz, 9000 MHz, 4 %, 58
2026/10/02 21:22:13.246, 190.46 W, 2520 MHz, 9000 MHz, 4 %, 58
2026/10/02 21:22:13.347, 165.78 W, 2520 MHz, 9000 MHz, 0 %, 58
2026/10/02 21:22:13.447, 141.51 W, 2520 MHz, 9000 MHz, 0 %, 62
2026/10/02 21:22:13.548, 144.60 W, 2400 MHz, 9000 MHz, 0 %, 63
2026/10/02 21:22:13.648, 147.40 W, 2400 MHz, 9000 MHz, 0 %, 65
2026/10/02 21:22:13.749, 165.20 W, 2445 MHz, 9000 MHz, 46 %, 66
2026/10/02 21:22:13.850, 189.37 W, 2400 MHz, 9000 MHz, 46 %, 65
2026/10/02 21:22:13.951, 213.24 W, 2400 MHz, 9000 MHz, 100 %, 66
2026/10/02 21:22:14.052, 231.86 W, 2445 MHz, 9000 MHz, 100 %, 66
2026/10/02 21:22:14.152, 273.90 W, 2385 MHz, 9000 MHz, 100 %, 66
2026/10/02 21:22:14.253, 280.94 W, 2415 MHz, 9000 MHz, 100 %, 66
2026/10/02 21:22:14.354, 305.50 W, 2325 MHz, 9000 MHz, 100 %, 66
2026/10/02 21:22:14.454, 327.50 W, 2355 MHz, 9000 MHz, 100 %, 66
2026/10/02 21:22:14.555, 351.55 W, 2325 MHz, 9000 MHz, 100 %, 65
2026/10/02 21:22:14.656, 350.02 W, 2340 MHz, 9000 MHz, 100 %, 66
2026/10/02 21:22:14.756, 345.18 W, 2415 MHz, 9000 MHz, 100 %, 67
2026/10/02 21:22:14.857, 350.84 W, 2385 MHz, 9000 MHz, 100 %, 66
2026/10/02 21:22:14.957, 351.34 W, 2340 MHz, 9000 MHz, 100 %, 66
2026/10/02 21:22:15.058, 345.78 W, 2430 MHz, 9000 MHz, 100 %, 67
2026/10/02 21:22:15.159, 349.70 W, 2400 MHz, 9000 MHz, 100 %, 65
2026/10/02 21:22:15.260, 349.72 W, 2385 MHz, 9000 MHz, 100 %, 67
2026/10/02 21:22:15.360, 347.88 W, 2430 MHz, 9000 MHz, 100 %, 67
2026/10/02 21:22:15.461, 346.35 W, 2325 MHz, 9000 MHz, 100 %, 65
2026/10/02 21:22:15.562, 348.52 W, 2340 MHz, 9000 MHz, 100 %, 67
2026/10/02 21:22:15.663, 349.01 W, 2340 MHz, 9000 MHz, 100 %, 67
2026/10/02 21:22:15.764, 346.90 W, 2385 MHz, 9000 MHz, 100 %, 65
2026/10/02 21:22:15.865, 351.62 W, 2385 MHz, 9000 MHz, 100 %, 67
2026/10/02 21:22:15.966, 351.40 W, 2355 MHz, 9000 MHz, 100 %, 67
2026/10/02 21:22:16.066, 346.78 W, 2445 MHz, 9000 MHz, 100 %, 66
2026/10/02 21:22:16.168, 351.47 W, 2385 MHz, 9000 MHz, 100 %, 67
2026/10/02 21:22:16.269, 351.74 W, 2385 MHz, 9000 MHz, 100 %, 67
2026/10/02 21:22:16.369, 346.23 W, 2415 MHz, 9000 MHz, 100 %, 67
2026/10/02 21:22:16.470, 347.82 W, 2355 MHz, 9000 MHz, 100 %, 66
2026/10/02 21:22:16.570, 349.83 W, 2385 MHz, 9000 MHz, 100 %, 67
2026/10/02 21:22:16.671, 348.82 W, 2400 MHz, 9000 MHz, 100 %, 67
2026/10/02 21:22:16.772, 347.53 W, 2385 MHz, 9000 MHz, 100 %, 66
2026/10/02 21:22:16.872, 349.31 W, 2340 MHz, 9000 MHz, 100 %, 67
2026/10/02 21:22:16.973, 348.61 W, 2415 MHz, 9000 MHz, 100 %, 67
2026/10/02 21:22:17.075, 345.34 W, 2355 MHz, 9000 MHz, 100 %, 66
2026/10/02 21:22:17.176, 350.08 W, 2355 MHz, 9000 MHz, 100 %, 67
2026/10/02 21:22:17.277, 350.55 W, 2415 MHz, 9000 MHz, 100 %, 67
2026/10/02 21:22:17.378, 344.44 W, 2355 MHz, 9000 MHz, 100 %, 65
2026/10/02 21:22:17.479, 349.83 W, 2400 MHz, 9000 MHz, 100 %, 67
2026/10/02 21:22:17.579, 350.53 W, 2415 MHz, 9000 MHz, 100 %, 67
2026/10/02 21:22:17.680, 346.91 W, 2355 MHz, 9000 MHz, 100 %, 66
2026/10/02 21:22:17.781, 347.74 W, 2340 MHz, 9000 MHz, 100 %, 67
2026/10/02 21:22:17.882, 349.17 W, 2340 MHz, 9000 MHz, 100 %, 67
2026/10/02 21:22:17.983, 349.40 W, 2400 MHz, 9000 MHz, 100 %, 66
2026/10/02 21:22:18.083, 348.05 W, 2340 MHz, 9000 MHz, 100 %, 67
2026/10/02 21:22:18.184, 351.38 W, 2340 MHz, 9000 MHz, 100 %, 67
2026/10/02 21:22:18.285, 350.73 W, 2415 MHz, 9000 MHz, 100 %, 67
2026/10/02 21:22:18.385, 346.95 W, 2385 MHz, 9000 MHz, 100 %, 67
2026/10/02 21:22:18.486, 353.35 W, 2355 MHz, 9000 MHz, 100 %, 67
2026/10/02 21:22:18.586, 352.91 W, 2415 MHz, 9000 MHz, 100 %, 67
2026/10/02 21:22:18.687, 347.07 W, 2340 MHz, 9000 MHz, 100 %, 66
2026/10/02 21:22:18.788, 350.08 W, 2355 MHz, 9000 MHz, 100 %, 67
2026/10/02 21:22:18.888, 350.44 W, 2415 MHz, 9000 MHz, 100 %, 67
2026/10/02 21:22:18.989, 347.36 W, 2370 MHz, 9000 MHz, 100 %, 66
2026/10/02 21:22:19.089, 346.55 W, 2355 MHz, 9000 MHz, 100 %, 67
2026/10/02 21:22:19.190, 348.04 W, 2340 MHz, 9000 MHz, 100 %, 67
2026/10/02 21:22:19.291, 347.62 W, 2415 MHz, 9000 MHz, 100 %, 65
2026/10/02 21:22:19.391, 346.15 W, 2370 MHz, 9000 MHz, 100 %, 67
2026/10/02 21:22:19.492, 350.56 W, 2325 MHz, 9000 MHz, 100 %, 67
2026/10/02 21:22:19.593, 349.69 W, 2415 MHz, 9000 MHz, 100 %, 65
2026/10/02 21:22:19.694, 345.74 W, 2340 MHz, 9000 MHz, 100 %, 67
2026/10/02 21:22:19.795, 351.06 W, 2355 MHz, 9000 MHz, 100 %, 67
2026/10/02 21:22:19.896, 351.25 W, 2415 MHz, 9000 MHz, 100 %, 67
2026/10/02 21:22:19.997, 346.29 W, 2340 MHz, 9000 MHz, 100 %, 67
2026/10/02 21:22:20.097, 349.14 W, 2340 MHz, 9000 MHz, 100 %, 67
2026/10/02 21:22:20.198, 349.81 W, 2415 MHz, 9000 MHz, 100 %, 67
2026/10/02 21:22:20.299, 347.82 W, 2340 MHz, 9000 MHz, 100 %, 67
2026/10/02 21:22:20.399, 346.64 W, 2340 MHz, 9000 MHz, 100 %, 67
2026/10/02 21:22:20.500, 348.61 W, 2430 MHz, 9000 MHz, 100 %, 67
2026/10/02 21:22:20.601, 347.99 W, 2355 MHz, 9000 MHz, 100 %, 66
2026/10/02 21:22:20.701, 344.61 W, 2340 MHz, 9000 MHz, 100 %, 67
2026/10/02 21:22:20.802, 349.12 W, 2415 MHz, 9000 MHz, 100 %, 67
2026/10/02 21:22:20.903, 349.28 W, 2340 MHz, 9000 MHz, 100 %, 66
2026/10/02 21:22:21.003, 343.49 W, 2355 MHz, 9000 MHz, 100 %, 67
2026/10/02 21:22:21.104, 348.14 W, 2370 MHz, 9000 MHz, 100 %, 67
2026/10/02 21:22:21.205, 348.36 W, 2400 MHz, 9000 MHz, 100 %, 66
2026/10/02 21:22:21.305, 344.92 W, 2340 MHz, 9000 MHz, 100 %, 67
2026/10/02 21:22:21.406, 346.44 W, 2340 MHz, 9000 MHz, 100 %, 67
2026/10/02 21:22:21.507, 348.06 W, 2430 MHz, 9000 MHz, 100 %, 66
2026/10/02 21:22:21.608, 347.79 W, 2355 MHz, 9000 MHz, 100 %, 67
2026/10/02 21:22:21.709, 346.08 W, 2325 MHz, 9000 MHz, 100 %, 67
2026/10/02 21:22:21.809, 349.87 W, 2415 MHz, 9000 MHz, 100 %, 67
2026/10/02 21:22:21.910, 349.66 W, 2340 MHz, 9000 MHz, 100 %, 67
2026/10/02 21:22:22.011, 345.97 W, 2340 MHz, 9000 MHz, 100 %, 67
2026/10/02 21:22:22.111, 352.22 W, 2415 MHz, 9000 MHz, 100 %, 67
2026/10/02 21:22:22.212, 351.98 W, 2340 MHz, 9000 MHz, 100 %, 67
2026/10/02 21:22:22.313, 347.48 W, 2340 MHz, 9000 MHz, 100 %, 67
2026/10/02 21:22:22.413, 351.02 W, 2385 MHz, 9000 MHz, 100 %, 67
2026/10/02 21:22:22.514, 352.09 W, 2430 MHz, 9000 MHz, 100 %, 67
2026/10/02 21:22:22.615, 348.58 W, 2340 MHz, 9000 MHz, 100 %, 67
2026/10/02 21:22:22.716, 347.82 W, 2325 MHz, 9000 MHz, 100 %, 67
2026/10/02 21:22:22.816, 349.38 W, 2400 MHz, 9000 MHz, 100 %, 66
2026/10/02 21:22:22.917, 348.52 W, 2340 MHz, 9000 MHz, 100 %, 67
2026/10/02 21:22:23.018, 346.67 W, 2325 MHz, 9000 MHz, 100 %, 67
2026/10/02 21:22:23.118, 351.03 W, 2415 MHz, 9000 MHz, 100 %, 66
2026/10/02 21:22:23.219, 350.47 W, 2355 MHz, 9000 MHz, 100 %, 67
2026/10/02 21:22:23.320, 346.80 W, 2340 MHz, 9000 MHz, 100 %, 67
2026/10/02 21:22:23.421, 352.86 W, 2430 MHz, 9000 MHz, 100 %, 66
2026/10/02 21:22:23.521, 353.15 W, 2355 MHz, 9000 MHz, 100 %, 67
2026/10/02 21:22:23.622, 346.80 W, 2340 MHz, 9000 MHz, 100 %, 63
2026/10/02 21:22:23.723, 344.87 W, 2505 MHz, 9000 MHz, 75 %, 61
2026/10/02 21:22:23.824, 301.70 W, 2505 MHz, 9000 MHz, 75 %, 60
2026/10/02 21:22:23.929, 278.28 W, 2505 MHz, 9000 MHz, 58 %, 59
2026/10/02 21:22:24.030, 255.87 W, 2520 MHz, 9000 MHz, 58 %, 59
2026/10/02 21:22:24.130, 230.79 W, 2520 MHz, 9000 MHz, 1 %, 58
2026/10/02 21:22:24.230, 206.38 W, 2520 MHz, 9000 MHz, 1 %, 58
2026/10/02 21:22:24.330, 185.55 W, 2520 MHz, 9000 MHz, 0 %, 58
2026/10/02 21:22:24.431, 160.35 W, 2520 MHz, 9000 MHz, 0 %, 58
2026/10/02 21:22:24.531, 135.64 W, 2520 MHz, 9000 MHz, 0 %, 58
2026/10/02 21:22:24.631, 116.99 W, 2520 MHz, 9000 MHz, 0 %, 57
2026/10/02 21:22:24.731, 97.46 W, 2520 MHz, 9000 MHz, 0 %, 57
2026/10/02 21:22:24.832, 95.17 W, 2520 MHz, 9000 MHz, 0 %, 57
2026/10/02 21:22:24.932, 92.46 W, 2520 MHz, 9000 MHz, 0 %, 57
2026/10/02 21:22:25.032, 92.46 W, 2520 MHz, 9000 MHz, 0 %, 57
2026/10/02 21:22:25.132, 92.46 W, 2520 MHz, 9000 MHz, 0 %, 57
2026/10/02 21:22:25.233, 92.46 W, 2520 MHz, 9000 MHz, 0 %, 57
2026/10/02 21:22:25.333, 92.46 W, 2520 MHz, 9000 MHz, 0 %, 57
2026/10/02 21:22:25.433, 92.46 W, 2520 MHz, 9000 MHz, 0 %, 56
2026/10/02 21:22:25.533, 92.46 W, 2520 MHz, 9000 MHz, 0 %, 56
2026/10/02 21:22:25.634, 92.46 W, 2520 MHz, 9000 MHz, 0 %, 56
2026/10/02 21:22:25.734, 92.46 W, 2520 MHz, 9000 MHz, 0 %, 56
2026/10/02 21:22:25.834, 92.46 W, 2520 MHz, 9000 MHz, 0 %, 56
2026/10/02 21:22:25.934, 89.87 W, 2520 MHz, 9000 MHz, 0 %, 56
2026/10/02 21:22:26.035, 89.87 W, 2520 MHz, 9000 MHz, 0 %, 56
2026/10/02 21:22:26.135, 89.87 W, 2520 MHz, 9000 MHz, 0 %, 56
2026/10/02 21:22:26.235, 89.87 W, 2520 MHz, 9000 MHz, 0 %, 56
2026/10/02 21:22:26.335, 89.87 W, 2520 MHz, 9000 MHz, 0 %, 56
2026/10/02 21:22:26.436, 89.87 W, 2520 MHz, 9000 MHz, 0 %, 56
2026/10/02 21:22:26.536, 89.87 W, 2520 MHz, 9000 MHz, 0 %, 56
2026/10/02 21:22:26.636, 89.87 W, 2520 MHz, 9000 MHz, 0 %, 55
2026/10/02 21:22:26.736, 89.87 W, 2520 MHz, 9000 MHz, 0 %, 55
2026/10/02 21:22:26.837, 89.87 W, 2520 MHz, 9000 MHz, 0 %, 55
2026/10/02 21:22:26.937, 89.10 W, 2520 MHz, 9000 MHz, 0 %, 55
2026/10/02 21:22:27.037, 108.44 W, 2520 MHz, 9000 MHz, 0 %, 61
2026/10/02 21:22:27.138, 129.20 W, 2475 MHz, 9000 MHz, 67 %, 62
2026/10/02 21:22:27.239, 146.19 W, 2445 MHz, 9000 MHz, 67 %, 63
2026/10/02 21:22:27.339, 161.00 W, 2445 MHz, 9000 MHz, 100 %, 64
2026/10/02 21:22:27.440, 173.70 W, 2445 MHz, 9000 MHz, 100 %, 64
2026/10/02 21:22:27.541, 185.06 W, 2445 MHz, 9000 MHz, 100 %, 64
2026/10/02 21:22:27.642, 195.10 W, 2430 MHz, 9000 MHz, 100 %, 65
2026/10/02 21:22:27.743, 204.08 W, 2430 MHz, 9000 MHz, 100 %, 65
2026/10/02 21:22:27.843, 212.10 W, 2430 MHz, 9000 MHz, 100 %, 65
2026/10/02 21:22:27.944, 218.46 W, 2340 MHz, 9000 MHz, 100 %, 64
2026/10/02 21:22:28.045, 347.17 W, 2325 MHz, 9000 MHz, 100 %, 64
2026/10/02 21:22:28.145, 349.34 W, 2310 MHz, 9000 MHz, 100 %, 64
2026/10/02 21:22:28.246, 347.58 W, 2295 MHz, 9000 MHz, 100 %, 64
2026/10/02 21:22:28.347, 346.54 W, 2340 MHz, 9000 MHz, 100 %, 65
2026/10/02 21:22:28.448, 345.94 W, 2385 MHz, 9000 MHz, 100 %, 65
2026/10/02 21:22:28.548, 345.79 W, 2385 MHz, 9000 MHz, 100 %, 65
2026/10/02 21:22:28.649, 344.93 W, 2385 MHz, 9000 MHz, 100 %, 65
2026/10/02 21:22:28.750, 345.11 W, 2415 MHz, 9000 MHz, 100 %, 65
2026/10/02 21:22:28.850, 345.18 W, 2400 MHz, 9000 MHz, 100 %, 65
2026/10/02 21:22:28.951, 344.62 W, 2355 MHz, 9000 MHz, 100 %, 64
2026/10/02 21:22:29.052, 344.66 W, 2325 MHz, 9000 MHz, 100 %, 64
2026/10/02 21:22:29.153, 344.73 W, 2295 MHz, 9000 MHz, 100 %, 64
2026/10/02 21:22:29.253, 345.39 W, 2310 MHz, 9000 MHz, 100 %, 65
2026/10/02 21:22:29.354, 346.43 W, 2325 MHz, 9000 MHz, 100 %, 65
2026/10/02 21:22:29.455, 346.86 W, 2370 MHz, 9000 MHz, 100 %, 65
2026/10/02 21:22:29.556, 347.29 W, 2370 MHz, 9000 MHz, 100 %, 65
2026/10/02 21:22:29.657, 347.17 W, 2385 MHz, 9000 MHz, 100 %, 65
2026/10/02 21:22:29.758, 347.61 W, 2385 MHz, 9000 MHz, 100 %, 65
2026/10/02 21:22:29.858, 347.33 W, 2385 MHz, 9000 MHz, 100 %, 65
2026/10/02 21:22:29.959, 346.88 W, 2385 MHz, 9000 MHz, 100 %, 65
2026/10/02 21:22:30.060, 346.67 W, 2340 MHz, 9000 MHz, 100 %, 65
2026/10/02 21:22:30.161, 346.65 W, 2295 MHz, 9000 MHz, 100 %, 65
2026/10/02 21:22:30.261, 347.16 W, 2310 MHz, 9000 MHz, 100 %, 65
2026/10/02 21:22:30.362, 347.71 W, 2325 MHz, 9000 MHz, 100 %, 65
2026/10/02 21:22:30.463, 347.71 W, 2340 MHz, 9000 MHz, 100 %, 65
2026/10/02 21:22:30.563, 348.03 W, 2355 MHz, 9000 MHz, 100 %, 65
2026/10/02 21:22:30.664, 348.17 W, 2370 MHz, 9000 MHz, 100 %, 65
2026/10/02 21:22:30.765, 349.11 W, 2400 MHz, 9000 MHz, 100 %, 65
2026/10/02 21:22:30.866, 350.04 W, 2415 MHz, 9000 MHz, 100 %, 66
2026/10/02 21:22:30.969, 351.20 W, 2430 MHz, 9000 MHz, 100 %, 66
2026/10/02 21:22:31.070, 352.55 W, 2430 MHz, 9000 MHz, 100 %, 66
2026/10/02 21:22:31.171, 353.51 W, 2400 MHz, 9000 MHz, 100 %, 66
2026/10/02 21:22:31.271, 355.48 W, 2445 MHz, 9000 MHz, 100 %, 66
2026/10/02 21:22:31.372, 358.28 W, 2430 MHz, 9000 MHz, 100 %, 66
2026/10/02 21:22:31.473, 360.80 W, 2430 MHz, 9000 MHz, 100 %, 66
2026/10/02 21:22:31.574, 362.47 W, 2445 MHz, 9000 MHz, 100 %, 66
2026/10/02 21:22:31.674, 363.92 W, 2460 MHz, 9000 MHz, 100 %, 67
2026/10/02 21:22:31.775, 365.59 W, 2475 MHz, 9000 MHz, 100 %, 67
2026/10/02 21:22:31.876, 367.17 W, 2460 MHz, 9000 MHz, 100 %, 67
2026/10/02 21:22:31.977, 368.38 W, 2460 MHz, 9000 MHz, 100 %, 67
2026/10/02 21:22:32.077, 368.11 W, 2430 MHz, 9000 MHz, 100 %, 66
2026/10/02 21:22:32.178, 367.15 W, 2400 MHz, 9000 MHz, 100 %, 66
2026/10/02 21:22:32.279, 367.59 W, 2445 MHz, 9000 MHz, 100 %, 66
2026/10/02 21:22:32.380, 368.12 W, 2460 MHz, 9000 MHz, 100 %, 66
2026/10/02 21:22:32.480, 367.45 W, 2445 MHz, 9000 MHz, 100 %, 66
2026/10/02 21:22:32.581, 367.05 W, 2445 MHz, 9000 MHz, 100 %, 66
2026/10/02 21:22:32.682, 367.45 W, 2445 MHz, 9000 MHz, 100 %, 66
2026/10/02 21:22:32.782, 367.79 W, 2460 MHz, 9000 MHz, 100 %, 66
2026/10/02 21:22:32.883, 367.16 W, 2445 MHz, 9000 MHz, 100 %, 67
2026/10/02 21:22:32.984, 366.29 W, 2445 MHz, 9000 MHz, 100 %, 66
2026/10/02 21:22:33.085, 364.74 W, 2400 MHz, 9000 MHz, 100 %, 66
2026/10/02 21:22:33.186, 363.20 W, 2400 MHz, 9000 MHz, 100 %, 66
2026/10/02 21:22:33.286, 362.20 W, 2415 MHz, 9000 MHz, 100 %, 66
2026/10/02 21:22:33.387, 360.97 W, 2430 MHz, 9000 MHz, 100 %, 67
2026/10/02 21:22:33.488, 359.12 W, 2430 MHz, 9000 MHz, 100 %, 67
2026/10/02 21:22:33.589, 357.63 W, 2430 MHz, 9000 MHz, 100 %, 67
2026/10/02 21:22:33.689, 355.66 W, 2430 MHz, 9000 MHz, 100 %, 67
2026/10/02 21:22:33.790, 354.05 W, 2430 MHz, 9000 MHz, 100 %, 67
2026/10/02 21:22:33.891, 351.91 W, 2415 MHz, 9000 MHz, 100 %, 67
2026/10/02 21:22:33.991, 350.24 W, 2415 MHz, 9000 MHz, 100 %, 67
2026/10/02 21:22:34.092, 347.71 W, 2355 MHz, 9000 MHz, 100 %, 67
2026/10/02 21:22:34.193, 345.97 W, 2370 MHz, 9000 MHz, 100 %, 66
2026/10/02 21:22:34.294, 344.90 W, 2385 MHz, 9000 MHz, 100 %, 66
2026/10/02 21:22:34.395, 344.24 W, 2385 MHz, 9000 MHz, 100 %, 67
2026/10/02 21:22:34.495, 344.24 W, 2415 MHz, 9000 MHz, 100 %, 66
2026/10/02 21:22:34.596, 344.09 W, 2400 MHz, 9000 MHz, 100 %, 66
2026/10/02 21:22:34.697, 343.85 W, 2400 MHz, 9000 MHz, 100 %, 66
2026/10/02 21:22:34.798, 343.65 W, 2400 MHz, 9000 MHz, 100 %, 66
2026/10/02 21:22:34.898, 342.93 W, 2400 MHz, 9000 MHz, 100 %, 66
2026/10/02 21:22:34.999, 342.47 W, 2400 MHz, 9000 MHz, 100 %, 66
2026/10/02 21:22:35.102, 341.32 W, 2370 MHz, 9000 MHz, 100 %, 66
2026/10/02 21:22:35.203, 341.38 W, 2355 MHz, 9000 MHz, 100 %, 67
2026/10/02 21:22:35.304, 341.60 W, 2355 MHz, 9000 MHz, 100 %, 67
2026/10/02 21:22:35.404, 342.06 W, 2370 MHz, 9000 MHz, 100 %, 67
2026/10/02 21:22:35.505, 342.28 W, 2385 MHz, 9000 MHz, 100 %, 67
2026/10/02 21:22:35.606, 341.52 W, 2385 MHz, 9000 MHz, 100 %, 67
2026/10/02 21:22:35.707, 341.22 W, 2385 MHz, 9000 MHz, 100 %, 67
2026/10/02 21:22:35.807, 341.33 W, 2415 MHz, 9000 MHz, 100 %, 67
2026/10/02 21:22:35.908, 341.94 W, 2400 MHz, 9000 MHz, 100 %, 66
2026/10/02 21:22:36.009, 341.87 W, 2340 MHz, 9000 MHz, 100 %, 66
2026/10/02 21:22:36.110, 341.61 W, 2340 MHz, 9000 MHz, 100 %, 66
2026/10/02 21:22:36.210, 342.38 W, 2340 MHz, 9000 MHz, 100 %, 66
2026/10/02 21:22:36.311, 342.57 W, 2340 MHz, 9000 MHz, 100 %, 66
2026/10/02 21:22:36.412, 342.51 W, 2355 MHz, 9000 MHz, 100 %, 66
2026/10/02 21:22:36.513, 343.00 W, 2340 MHz, 9000 MHz, 100 %, 66
2026/10/02 21:22:36.614, 343.68 W, 2340 MHz, 9000 MHz, 100 %, 67
2026/10/02 21:22:36.715, 344.32 W, 2370 MHz, 9000 MHz, 100 %, 67
2026/10/02 21:22:36.815, 345.07 W, 2370 MHz, 9000 MHz, 100 %, 67
2026/10/02 21:22:36.916, 345.47 W, 2355 MHz, 9000 MHz, 100 %, 67
2026/10/02 21:22:37.017, 345.09 W, 2340 MHz, 9000 MHz, 100 %, 66
2026/10/02 21:22:37.118, 345.40 W, 2505 MHz, 9000 MHz, 100 %, 61
2026/10/02 21:22:37.235, 324.25 W, 2505 MHz, 9000 MHz, 79 %, 60
2026/10/02 21:22:37.337, 301.96 W, 2505 MHz, 9000 MHz, 79 %, 60
2026/10/02 21:22:37.438, 280.34 W, 2505 MHz, 9000 MHz, 24 %, 59
2026/10/02 21:22:37.538, 257.83 W, 2520 MHz, 9000 MHz, 24 %, 58
2026/10/02 21:22:37.638, 234.76 W, 2520 MHz, 9000 MHz, 4 %, 58
2026/10/02 21:22:37.739, 211.45 W, 2520 MHz, 9000 MHz, 4 %, 58
2026/10/02 21:22:37.839, 188.16 W, 2520 MHz, 9000 MHz, 0 %, 57
2026/10/02 21:22:37.939, 164.70 W, 2520 MHz, 9000 MHz, 0 %, 57
2026/10/02 21:22:38.039, 141.09 W, 2520 MHz, 9000 MHz, 0 %, 57
2026/10/02 21:22:38.140, 117.88 W, 2520 MHz, 9000 MHz, 0 %, 57
2026/10/02 21:22:38.240, 94.74 W, 2520 MHz, 9000 MHz, 0 %, 57
2026/10/02 21:22:38.340, 93.86 W, 2520 MHz, 9000 MHz, 0 %, 57
2026/10/02 21:22:38.440, 93.36 W, 2520 MHz, 9000 MHz, 0 %, 57
2026/10/02 21:22:38.541, 93.36 W, 2520 MHz, 9000 MHz, 0 %, 56
2026/10/02 21:22:38.641, 93.36 W, 2520 MHz, 9000 MHz, 0 %, 56
2026/10/02 21:22:38.741, 93.36 W, 2520 MHz, 9000 MHz, 0 %, 56
2026/10/02 21:22:38.841, 93.36 W, 2520 MHz, 9000 MHz, 0 %, 56
2026/10/02 21:22:38.942, 93.36 W, 2520 MHz, 9000 MHz, 0 %, 56
2026/10/02 21:22:39.042, 93.36 W, 2520 MHz, 9000 MHz, 0 %, 56
2026/10/02 21:22:39.142, 93.36 W, 2520 MHz, 9000 MHz, 0 %, 56
2026/10/02 21:22:39.242, 93.36 W, 2520 MHz, 9000 MHz, 0 %, 56
2026/10/02 21:22:39.343, 89.19 W, 2520 MHz, 9000 MHz, 0 %, 56
2026/10/02 21:22:39.443, 89.19 W, 2520 MHz, 9000 MHz, 0 %, 56
2026/10/02 21:22:39.543, 89.19 W, 2520 MHz, 9000 MHz, 0 %, 56
2026/10/02 21:22:39.643, 89.19 W, 2520 MHz, 9000 MHz, 0 %, 55
2026/10/02 21:22:39.744, 89.19 W, 2520 MHz, 9000 MHz, 0 %, 55
2026/10/02 21:22:39.844, 89.19 W, 2520 MHz, 9000 MHz, 0 %, 55
2026/10/02 21:22:39.944, 89.19 W, 2520 MHz, 9000 MHz, 0 %, 55
2026/10/02 21:22:40.044, 89.19 W, 2520 MHz, 9000 MHz, 0 %, 55
2026/10/02 21:22:40.145, 89.19 W, 2520 MHz, 9000 MHz, 0 %, 55
2026/10/02 21:22:40.245, 89.19 W, 2520 MHz, 9000 MHz, 0 %, 55
2026/10/02 21:22:40.345, 88.74 W, 2520 MHz, 9000 MHz, 0 %, 55
2026/10/02 21:22:40.446, 95.90 W, 2520 MHz, 9000 MHz, 0 %, 59
2026/10/02 21:22:40.546, 118.81 W, 2505 MHz, 9000 MHz, 0 %, 62
2026/10/02 21:22:40.647, 137.03 W, 2400 MHz, 9000 MHz, 59 %, 63
2026/10/02 21:22:40.748, 151.17 W, 2415 MHz, 9000 MHz, 59 %, 64
2026/10/02 21:22:40.848, 165.90 W, 2460 MHz, 9000 MHz, 100 %, 62
2026/10/02 21:22:40.949, 178.51 W, 2415 MHz, 9000 MHz, 100 %, 64
2026/10/02 21:22:41.050, 189.12 W, 2400 MHz, 9000 MHz, 100 %, 64
2026/10/02 21:22:41.150, 197.02 W, 2430 MHz, 9000 MHz, 100 %, 64
2026/10/02 21:22:41.251, 205.89 W, 2445 MHz, 9000 MHz, 100 %, 64
2026/10/02 21:22:41.352, 214.13 W, 2355 MHz, 9000 MHz, 100 %, 64
2026/10/02 21:22:41.453, 338.62 W, 2280 MHz, 9000 MHz, 100 %, 64
2026/10/02 21:22:41.553, 353.61 W, 2430 MHz, 9000 MHz, 100 %, 64
2026/10/02 21:22:41.654, 353.61 W, 2445 MHz, 9000 MHz, 100 %, 64
2026/10/02 21:22:41.756, 355.12 W, 2430 MHz, 9000 MHz, 100 %, 65
2026/10/02 21:22:41.857, 355.13 W, 2355 MHz, 9000 MHz, 100 %, 65
2026/10/02 21:22:41.957, 352.81 W, 2460 MHz, 9000 MHz, 100 %, 64
2026/10/02 21:22:42.058, 353.10 W, 2430 MHz, 9000 MHz, 100 %, 65
2026/10/02 21:22:42.159, 353.89 W, 2400 MHz, 9000 MHz, 100 %, 65
2026/10/02 21:22:42.260, 352.61 W, 2460 MHz, 9000 MHz, 100 %, 65
2026/10/02 21:22:42.360, 350.90 W, 2355 MHz, 9000 MHz, 100 %, 64
2026/10/02 21:22:42.461, 350.37 W, 2340 MHz, 9000 MHz, 100 %, 65
2026/10/02 21:22:42.562, 353.23 W, 2340 MHz, 9000 MHz, 100 %, 65
2026/10/02 21:22:42.663, 350.42 W, 2415 MHz, 9000 MHz, 100 %, 65
2026/10/02 21:22:42.764, 349.13 W, 2355 MHz, 9000 MHz, 100 %, 64
2026/10/02 21:22:42.865, 347.94 W, 2385 MHz, 9000 MHz, 100 %, 65
2026/10/02 21:22:42.966, 350.53 W, 2325 MHz, 9000 MHz, 100 %, 65
2026/10/02 21:22:43.067, 347.96 W, 2400 MHz, 9000 MHz, 100 %, 64
2026/10/02 21:22:43.168, 346.38 W, 2385 MHz, 9000 MHz, 100 %, 65
2026/10/02 21:22:43.269, 345.82 W, 2340 MHz, 9000 MHz, 100 %, 65
2026/10/02 21:22:43.369, 349.29 W, 2325 MHz, 9000 MHz, 100 %, 65
2026/10/02 21:22:43.470, 346.88 W, 2385 MHz, 9000 MHz, 100 %, 64
2026/10/02 21:22:43.571, 346.28 W, 2340 MHz, 9000 MHz, 100 %, 65
2026/10/02 21:22:43.671, 346.10 W, 2355 MHz, 9000 MHz, 100 %, 65
2026/10/02 21:22:43.772, 351.01 W, 2355 MHz, 9000 MHz, 100 %, 65
2026/10/02 21:22:43.873, 347.95 W, 2400 MHz, 9000 MHz, 100 %, 65
2026/10/02 21:22:43.973, 348.01 W, 2400 MHz, 9000 MHz, 100 %, 66
2026/10/02 21:22:44.074, 348.09 W, 2340 MHz, 9000 MHz, 100 %, 66
2026/10/02 21:22:44.175, 351.69 W, 2385 MHz, 9000 MHz, 100 %, 65
2026/10/02 21:22:44.276, 349.03 W, 2400 MHz, 9000 MHz, 100 %, 65
2026/10/02 21:22:44.377, 349.10 W, 2355 MHz, 9000 MHz, 100 %, 66
2026/10/02 21:22:44.478, 350.13 W, 2340 MHz, 9000 MHz, 100 %, 66
2026/10/02 21:22:44.578, 352.62 W, 2415 MHz, 9000 MHz, 100 %, 65
2026/10/02 21:22:44.679, 350.74 W, 2445 MHz, 9000 MHz, 100 %, 66
2026/10/02 21:22:44.780, 351.91 W, 2385 MHz, 9000 MHz, 100 %, 66
2026/10/02 21:22:44.881, 352.77 W, 2340 MHz, 9000 MHz, 100 %, 66
2026/10/02 21:22:44.981, 354.78 W, 2430 MHz, 9000 MHz, 100 %, 64
2026/10/02 21:22:45.082, 353.31 W, 2445 MHz, 9000 MHz, 100 %, 66
2026/10/02 21:22:45.183, 354.06 W, 2355 MHz, 9000 MHz, 100 %, 66
2026/10/02 21:22:45.283, 354.69 W, 2340 MHz, 9000 MHz, 100 %, 66
2026/10/02 21:22:45.384, 355.82 W, 2445 MHz, 9000 MHz, 100 %, 65
2026/10/02 21:22:45.484, 354.35 W, 2445 MHz, 9000 MHz, 100 %, 66
2026/10/02 21:22:45.585, 354.75 W, 2400 MHz, 9000 MHz, 100 %, 66
2026/10/02 21:22:45.686, 356.74 W, 2355 MHz, 9000 MHz, 100 %, 66
2026/10/02 21:22:45.787, 354.98 W, 2415 MHz, 9000 MHz, 100 %, 65
2026/10/02 21:22:45.887, 352.46 W, 2400 MHz, 9000 MHz, 100 %, 66
2026/10/02 21:22:45.988, 352.14 W, 2385 MHz, 9000 MHz, 100 %, 66
2026/10/02 21:22:46.089, 353.66 W, 2325 MHz, 9000 MHz, 100 %, 64
2026/10/02 21:22:46.190, 349.49 W, 2430 MHz, 9000 MHz, 100 %, 66
2026/10/02 21:22:46.291, 347.57 W, 2340 MHz, 9000 MHz, 100 %, 66
2026/10/02 21:22:46.391, 347.11 W, 2340 MHz, 9000 MHz, 100 %, 66
2026/10/02 21:22:46.492, 348.86 W, 2430 MHz, 9000 MHz, 100 %, 64
2026/10/02 21:22:46.593, 345.29 W, 2370 MHz, 9000 MHz, 100 %, 66
2026/10/02 21:22:46.694, 343.57 W, 2355 MHz, 9000 MHz, 100 %, 66
2026/10/02 21:22:46.794, 342.61 W, 2325 MHz, 9000 MHz, 100 %, 66
2026/10/02 21:22:46.895, 345.80 W, 2415 MHz, 9000 MHz, 100 %, 65
2026/10/02 21:22:46.995, 343.21 W, 2385 MHz, 9000 MHz, 100 %, 66
2026/10/02 21:22:47.096, 342.99 W, 2355 MHz, 9000 MHz, 100 %, 66
2026/10/02 21:22:47.197, 342.97 W, 2325 MHz, 9000 MHz, 100 %, 66
2026/10/02 21:22:47.298, 347.34 W, 2385 MHz, 9000 MHz, 100 %, 65
2026/10/02 21:22:47.398, 344.15 W, 2340 MHz, 9000 MHz, 100 %, 66
2026/10/02 21:22:47.499, 344.21 W, 2340 MHz, 9000 MHz, 100 %, 66
2026/10/02 21:22:47.600, 344.94 W, 2370 MHz, 9000 MHz, 100 %, 65
2026/10/02 21:22:47.701, 349.43 W, 2400 MHz, 9000 MHz, 100 %, 66
2026/10/02 21:22:47.802, 346.92 W, 2355 MHz, 9000 MHz, 100 %, 66
2026/10/02 21:22:47.902, 347.12 W, 2325 MHz, 9000 MHz, 100 %, 66
2026/10/02 21:22:48.003, 348.27 W, 2400 MHz, 9000 MHz, 100 %, 65
2026/10/02 21:22:48.103, 352.84 W, 2430 MHz, 9000 MHz, 100 %, 66
2026/10/02 21:22:48.204, 349.77 W, 2340 MHz, 9000 MHz, 100 %, 66
2026/10/02 21:22:48.305, 349.94 W, 2325 MHz, 9000 MHz, 100 %, 66
2026/10/02 21:22:48.406, 351.81 W, 2445 MHz, 9000 MHz, 100 %, 66
2026/10/02 21:22:48.506, 354.41 W, 2445 MHz, 9000 MHz, 100 %, 67
2026/10/02 21:22:48.607, 352.41 W, 2400 MHz, 9000 MHz, 100 %, 67
2026/10/02 21:22:48.708, 352.95 W, 2385 MHz, 9000 MHz, 100 %, 67
2026/10/02 21:22:48.808, 353.88 W, 2430 MHz, 9000 MHz, 100 %, 66
2026/10/02 21:22:48.909, 355.23 W, 2430 MHz, 9000 MHz, 100 %, 67
2026/10/02 21:22:49.010, 353.46 W, 2400 MHz, 9000 MHz, 100 %, 67
2026/10/02 21:22:49.111, 354.20 W, 2340 MHz, 9000 MHz, 100 %, 67
2026/10/02 21:22:49.211, 354.49 W, 2415 MHz, 9000 MHz, 100 %, 66
2026/10/02 21:22:49.312, 355.24 W, 2400 MHz, 9000 MHz, 100 %, 67
2026/10/02 21:22:49.413, 353.11 W, 2400 MHz, 9000 MHz, 100 %, 67
2026/10/02 21:22:49.514, 353.44 W, 2355 MHz, 9000 MHz, 100 %, 65
2026/10/02 21:22:49.615, 354.98 W, 2430 MHz, 9000 MHz, 100 %, 67
2026/10/02 21:22:49.716, 353.09 W, 2400 MHz, 9000 MHz, 100 %, 67
2026/10/02 21:22:49.816, 350.47 W, 2400 MHz, 9000 MHz, 100 %, 67
2026/10/02 21:22:49.917, 349.96 W, 2340 MHz, 9000 MHz, 100 %, 65
2026/10/02 21:22:50.018, 351.57 W, 2445 MHz, 9000 MHz, 100 %, 67
2026/10/02 21:22:50.118, 348.91 W, 2400 MHz, 9000 MHz, 100 %, 67
2026/10/02 21:22:50.219, 346.93 W, 2385 MHz, 9000 MHz, 100 %, 67
2026/10/02 21:22:50.320, 346.21 W, 2355 MHz, 9000 MHz, 100 %, 66
2026/10/02 21:22:50.420, 348.61 W, 2400 MHz, 9000 MHz, 100 %, 67
2026/10/02 21:22:50.521, 344.91 W, 2355 MHz, 9000 MHz, 100 %, 67
2026/10/02 21:22:50.622, 343.25 W, 2325 MHz, 9000 MHz, 100 %, 66
2026/10/02 21:22:50.725, 342.89 W, 2415 MHz, 9000 MHz, 100 %, 61
2026/10/02 21:22:50.839, 324.39 W, 2505 MHz, 9000 MHz, 100 %, 60
2026/10/02 21:22:50.940, 304.10 W, 2505 MHz, 9000 MHz, 82 %, 59
2026/10/02 21:22:51.040, 281.22 W, 2505 MHz, 9000 MHz, 82 %, 59
2026/10/02 21:22:51.140, 265.03 W, 2520 MHz, 9000 MHz, 85 %, 58
2026/10/02 21:22:51.241, 234.34 W, 2520 MHz, 9000 MHz, 85 %, 58
2026/10/02 21:22:51.341, 221.53 W, 2520 MHz, 9000 MHz, 13 %, 58
2026/10/02 21:22:51.443, 197.26 W, 2520 MHz, 9000 MHz, 13 %, 57
2026/10/02 21:22:51.543, 172.73 W, 2520 MHz, 9000 MHz, 0 %, 57
2026/10/02 21:22:51.644, 153.71 W, 2520 MHz, 9000 MHz, 0 %, 57
2026/10/02 21:22:51.744, 129.90 W, 2520 MHz, 9000 MHz, 0 %, 57
2026/10/02 21:22:51.844, 105.55 W, 2520 MHz, 9000 MHz, 0 %, 57
2026/10/02 21:22:51.944, 103.37 W, 2520 MHz, 9000 MHz, 0 %, 56
2026/10/02 21:22:52.045, 99.88 W, 2520 MHz, 9000 MHz, 0 %, 56
2026/10/02 21:22:52.145, 99.88 W, 2520 MHz, 9000 MHz, 0 %, 56
2026/10/02 21:22:52.245, 99.88 W, 2520 MHz, 9000 MHz, 0 %, 56
2026/10/02 21:22:52.345, 99.88 W, 2520 MHz, 9000 MHz, 0 %, 56
2026/10/02 21:22:52.446, 99.88 W, 2520 MHz, 9000 MHz, 0 %, 56
2026/10/02 21:22:52.546, 99.88 W, 2520 MHz, 9000 MHz, 0 %, 56
2026/10/02 21:22:52.646, 99.88 W, 2520 MHz, 9000 MHz, 0 %, 56
2026/10/02 21:22:52.747, 99.88 W, 2520 MHz, 9000 MHz, 0 %, 56
2026/10/02 21:22:52.847, 99.88 W, 2520 MHz, 9000 MHz, 0 %, 55
2026/10/02 21:22:52.947, 99.88 W, 2520 MHz, 9000 MHz, 0 %, 55
2026/10/02 21:22:53.047, 88.67 W, 2520 MHz, 9000 MHz, 0 %, 55
2026/10/02 21:22:53.148, 88.67 W, 2520 MHz, 9000 MHz, 0 %, 55
2026/10/02 21:22:53.248, 88.67 W, 2520 MHz, 9000 MHz, 0 %, 55
2026/10/02 21:22:53.348, 88.67 W, 2520 MHz, 9000 MHz, 0 %, 55
2026/10/02 21:22:53.448, 88.67 W, 2520 MHz, 9000 MHz, 0 %, 55
2026/10/02 21:22:53.549, 88.67 W, 2520 MHz, 9000 MHz, 0 %, 55
2026/10/02 21:22:53.649, 88.67 W, 2520 MHz, 9000 MHz, 0 %, 55
2026/10/02 21:22:53.749, 88.67 W, 2520 MHz, 9000 MHz, 0 %, 55
2026/10/02 21:22:53.849, 88.67 W, 2520 MHz, 9000 MHz, 0 %, 55
2026/10/02 21:22:53.950, 88.67 W, 2520 MHz, 9000 MHz, 0 %, 55
2026/10/02 21:22:54.050, 88.13 W, 2520 MHz, 9000 MHz, 0 %, 60
2026/10/02 21:22:54.151, 88.04 W, 2520 MHz, 9000 MHz, 0 %, 62
2026/10/02 21:22:54.252, 111.61 W, 2415 MHz, 9000 MHz, 0 %, 62
2026/10/02 21:22:54.352, 131.66 W, 2475 MHz, 9000 MHz, 46 %, 63
2026/10/02 21:22:54.454, 148.27 W, 2355 MHz, 9000 MHz, 46 %, 64
2026/10/02 21:22:54.556, 162.20 W, 2430 MHz, 9000 MHz, 100 %, 61
2026/10/02 21:22:54.657, 174.41 W, 2355 MHz, 9000 MHz, 100 %, 64
2026/10/02 21:22:54.758, 186.33 W, 2340 MHz, 9000 MHz, 100 %, 64
2026/10/02 21:22:54.859, 195.65 W, 2385 MHz, 9000 MHz, 100 %, 61
2026/10/02 21:22:54.959, 203.59 W, 2400 MHz, 9000 MHz, 100 %, 65
2026/10/02 21:22:55.060, 211.19 W, 2310 MHz, 9000 MHz, 100 %, 64
2026/10/02 21:22:55.161, 335.67 W, 2295 MHz, 9000 MHz, 100 %, 62
2026/10/02 21:22:55.262, 359.11 W, 2445 MHz, 9000 MHz, 100 %, 65
2026/10/02 21:22:55.363, 352.50 W, 2340 MHz, 9000 MHz, 100 %, 64
2026/10/02 21:22:55.463, 351.84 W, 2280 MHz, 9000 MHz, 100 %, 64
2026/10/02 21:22:55.564, 351.24 W, 2430 MHz, 9000 MHz, 100 %, 64
2026/10/02 21:22:55.665, 341.57 W, 2355 MHz, 9000 MHz, 100 %, 65
2026/10/02 21:22:55.765, 343.80 W, 2340 MHz, 9000 MHz, 100 %, 65
2026/10/02 21:22:55.866, 342.08 W, 2445 MHz, 9000 MHz, 100 %, 65
2026/10/02 21:22:55.967, 335.39 W, 2370 MHz, 9000 MHz, 100 %, 65
2026/10/02 21:22:56.067, 338.59 W, 2325 MHz, 9000 MHz, 100 %, 65
2026/10/02 21:22:56.168, 339.10 W, 2460 MHz, 9000 MHz, 100 %, 65
2026/10/02 21:22:56.269, 339.65 W, 2340 MHz, 9000 MHz, 100 %, 65
2026/10/02 21:22:56.369, 341.02 W, 2355 MHz, 9000 MHz, 100 %, 65
2026/10/02 21:22:56.470, 345.71 W, 2460 MHz, 9000 MHz, 100 %, 64
2026/10/02 21:22:56.571, 344.96 W, 2325 MHz, 9000 MHz, 100 %, 65
2026/10/02 21:22:56.672, 346.31 W, 2340 MHz, 9000 MHz, 100 %, 65
2026/10/02 21:22:56.773, 355.30 W, 2430 MHz, 9000 MHz, 100 %, 63
2026/10/02 21:22:56.874, 352.51 W, 2325 MHz, 9000 MHz, 100 %, 65
2026/10/02 21:22:56.975, 352.62 W, 2340 MHz, 9000 MHz, 100 %, 65
2026/10/02 21:22:57.076, 358.71 W, 2415 MHz, 9000 MHz, 100 %, 62
2026/10/02 21:22:57.177, 356.52 W, 2385 MHz, 9000 MHz, 100 %, 66
2026/10/02 21:22:57.277, 352.30 W, 2340 MHz, 9000 MHz, 100 %, 65
2026/10/02 21:22:57.378, 352.20 W, 2280 MHz, 9000 MHz, 100 %, 63
2026/10/02 21:22:57.479, 352.30 W, 2445 MHz, 9000 MHz, 100 %, 66
2026/10/02 21:22:57.580, 341.47 W, 2340 MHz, 9000 MHz, 100 %, 65
2026/10/02 21:22:57.680, 342.88 W, 2280 MHz, 9000 MHz, 100 %, 64
2026/10/02 21:22:57.782, 338.65 W, 2415 MHz, 9000 MHz, 100 %, 65
2026/10/02 21:22:57.882, 340.79 W, 2340 MHz, 9000 MHz, 100 %, 65
2026/10/02 21:22:57.983, 340.81 W, 2340 MHz, 9000 MHz, 100 %, 65
2026/10/02 21:22:58.084, 341.44 W, 2460 MHz, 9000 MHz, 100 %, 65
2026/10/02 21:22:58.184, 341.86 W, 2325 MHz, 9000 MHz, 100 %, 65
2026/10/02 21:22:58.285, 345.56 W, 2295 MHz, 9000 MHz, 100 %, 65
2026/10/02 21:22:58.386, 344.13 W, 2475 MHz, 9000 MHz, 100 %, 65
2026/10/02 21:22:58.487, 346.26 W, 2325 MHz, 9000 MHz, 100 %, 65
2026/10/02 21:22:58.588, 355.39 W, 2340 MHz, 9000 MHz, 100 %, 65
2026/10/02 21:22:58.688, 351.91 W, 2460 MHz, 9000 MHz, 100 %, 65
2026/10/02 21:22:58.789, 352.11 W, 2325 MHz, 9000 MHz, 100 %, 65
2026/10/02 21:22:58.890, 357.81 W, 2355 MHz, 9000 MHz, 100 %, 65
2026/10/02 21:22:58.991, 355.68 W, 2415 MHz, 9000 MHz, 100 %, 64
2026/10/02 21:22:59.091, 348.36 W, 2355 MHz, 9000 MHz, 100 %, 66
2026/10/02 21:22:59.192, 348.97 W, 2370 MHz, 9000 MHz, 100 %, 66
2026/10/02 21:22:59.293, 349.14 W, 2310 MHz, 9000 MHz, 100 %, 63
2026/10/02 21:22:59.394, 340.69 W, 2430 MHz, 9000 MHz, 100 %, 66
2026/10/02 21:22:59.495, 343.37 W, 2340 MHz, 9000 MHz, 100 %, 66
2026/10/02 21:22:59.596, 342.12 W, 2280 MHz, 9000 MHz, 100 %, 63
2026/10/02 21:22:59.696, 336.81 W, 2430 MHz, 9000 MHz, 100 %, 66
2026/10/02 21:22:59.797, 339.40 W, 2340 MHz, 9000 MHz, 100 %, 66
2026/10/02 21:22:59.898, 338.90 W, 2280 MHz, 9000 MHz, 100 %, 65
2026/10/02 21:22:59.999, 338.75 W, 2430 MHz, 9000 MHz, 100 %, 66
2026/10/02 21:23:00.099, 339.79 W, 2325 MHz, 9000 MHz, 100 %, 66
2026/10/02 21:23:00.200, 344.86 W, 2295 MHz, 9000 MHz, 100 %, 66
2026/10/02 21:23:00.303, 345.62 W, 2460 MHz, 9000 MHz, 100 %, 66
2026/10/02 21:23:00.404, 353.31 W, 2355 MHz, 9000 MHz, 100 %, 66
2026/10/02 21:23:00.505, 350.64 W, 2340 MHz, 9000 MHz, 100 %, 66
2026/10/02 21:23:00.605, 351.14 W, 2490 MHz, 9000 MHz, 100 %, 66
2026/10/02 21:23:00.706, 356.88 W, 2325 MHz, 9000 MHz, 100 %, 66
2026/10/02 21:23:00.807, 354.83 W, 2325 MHz, 9000 MHz, 100 %, 66
2026/10/02 21:23:00.908, 349.98 W, 2460 MHz, 9000 MHz, 100 %, 66
2026/10/02 21:23:01.008, 351.51 W, 2310 MHz, 9000 MHz, 100 %, 66
2026/10/02 21:23:01.109, 351.15 W, 2325 MHz, 9000 MHz, 100 %, 66
2026/10/02 21:23:01.210, 342.06 W, 2400 MHz, 9000 MHz, 100 %, 65
2026/10/02 21:23:01.311, 345.40 W, 2355 MHz, 9000 MHz, 100 %, 66
2026/10/02 21:23:01.412, 344.32 W, 2340 MHz, 9000 MHz, 100 %, 66
2026/10/02 21:23:01.512, 337.58 W, 2280 MHz, 9000 MHz, 100 %, 63
2026/10/02 21:23:01.613, 340.82 W, 2430 MHz, 9000 MHz, 100 %, 66
2026/10/02 21:23:01.714, 340.17 W, 2340 MHz, 9000 MHz, 100 %, 66
2026/10/02 21:23:01.814, 338.83 W, 2250 MHz, 9000 MHz, 100 %, 63
2026/10/02 21:23:01.915, 339.07 W, 2400 MHz, 9000 MHz, 100 %, 66
2026/10/02 21:23:02.016, 343.85 W, 2340 MHz, 9000 MHz, 100 %, 66
2026/10/02 21:23:02.117, 342.29 W, 2265 MHz, 9000 MHz, 100 %, 63
2026/10/02 21:23:02.218, 343.37 W, 2445 MHz, 9000 MHz, 100 %, 66
2026/10/02 21:23:02.318, 352.41 W, 2325 MHz, 9000 MHz, 100 %, 66
2026/10/02 21:23:02.419, 349.52 W, 2325 MHz, 9000 MHz, 100 %, 66
2026/10/02 21:23:02.520, 350.87 W, 2475 MHz, 9000 MHz, 100 %, 66
2026/10/02 21:23:02.621, 357.92 W, 2310 MHz, 9000 MHz, 100 %, 66
2026/10/02 21:23:02.721, 355.19 W, 2325 MHz, 9000 MHz, 100 %, 66
2026/10/02 21:23:02.822, 354.54 W, 2460 MHz, 9000 MHz, 100 %, 66
2026/10/02 21:23:02.923, 355.79 W, 2325 MHz, 9000 MHz, 100 %, 66
2026/10/02 21:23:03.023, 355.59 W, 2325 MHz, 9000 MHz, 100 %, 66
2026/10/02 21:23:03.124, 349.52 W, 2430 MHz, 9000 MHz, 100 %, 66
2026/10/02 21:23:03.225, 351.46 W, 2325 MHz, 9000 MHz, 100 %, 66
2026/10/02 21:23:03.326, 350.67 W, 2340 MHz, 9000 MHz, 100 %, 66
2026/10/02 21:23:03.426, 341.54 W, 2385 MHz, 9000 MHz, 100 %, 66
2026/10/02 21:23:03.527, 344.57 W, 2385 MHz, 9000 MHz, 100 %, 66
2026/10/02 21:23:03.628, 342.99 W, 2325 MHz, 9000 MHz, 100 %, 66
2026/10/02 21:23:03.729, 337.59 W, 2295 MHz, 9000 MHz, 100 %, 65
2026/10/02 21:23:03.829, 339.41 W, 2355 MHz, 9000 MHz, 100 %, 66
2026/10/02 21:23:03.930, 340.09 W, 2340 MHz, 9000 MHz, 100 %, 66
2026/10/02 21:23:04.031, 339.66 W, 2280 MHz, 9000 MHz, 100 %, 64
2026/10/02 21:23:04.132, 340.51 W, 2430 MHz, 9000 MHz, 100 %, 66
2026/10/02 21:23:04.233, 345.65 W, 2325 MHz, 9000 MHz, 100 %, 66
2026/10/02 21:23:04.334, 344.56 W, 2325 MHz, 9000 MHz, 100 %, 63
2026/10/02 21:23:04.434, 345.64 W, 2430 MHz, 9000 MHz, 100 %, 67
2026/10/02 21:23:04.535, 332.72 W, 2490 MHz, 9000 MHz, 100 %, 60
2026/10/02 21:23:04.635, 308.24 W, 2505 MHz, 9000 MHz, 77 %, 59
2026/10/02 21:23:04.736, 286.09 W, 2505 MHz, 9000 MHz, 77 %, 59
2026/10/02 21:23:04.836, 270.04 W, 2520 MHz, 9000 MHz, 93 %, 58
2026/10/02 21:23:04.944, 246.41 W, 2520 MHz, 9000 MHz, 93 %, 62
2026/10/02 21:23:05.046, 242.43 W, 2520 MHz, 9000 MHz, 100 %, 63
2026/10/02 21:23:05.147, 239.18 W, 2520 MHz, 9000 MHz, 100 %, 63
2026/10/02 21:23:05.248, 224.06 W, 2520 MHz, 9000 MHz, 100 %, 63
2026/10/02 21:23:05.349, 232.58 W, 2520 MHz, 9000 MHz, 100 %, 64
2026/10/02 21:23:05.449, 228.62 W, 2520 MHz, 9000 MHz, 100 %, 64
2026/10/02 21:23:05.550, 224.73 W, 2520 MHz, 9000 MHz, 100 %, 64
2026/10/02 21:23:05.651, 244.09 W, 2520 MHz, 9000 MHz, 100 %, 64
2026/10/02 21:23:05.752, 262.85 W, 2520 MHz, 9000 MHz, 100 %, 65
2026/10/02 21:23:05.852, 282.48 W, 2520 MHz, 9000 MHz, 100 %, 64
2026/10/02 21:23:05.953, 301.25 W, 2520 MHz, 9000 MHz, 100 %, 64
2026/10/02 21:23:06.054, 320.32 W, 2520 MHz, 9000 MHz, 100 %, 65
2026/10/02 21:23:06.154, 320.23 W, 2520 MHz, 9000 MHz, 100 %, 65
2026/10/02 21:23:06.255, 321.15 W, 2520 MHz, 9000 MHz, 100 %, 65
2026/10/02 21:23:06.356, 323.03 W, 2520 MHz, 9000 MHz, 100 %, 65
2026/10/02 21:23:06.456, 322.89 W, 2520 MHz, 9000 MHz, 100 %, 65
2026/10/02 21:23:06.557, 324.66 W, 2520 MHz, 9000 MHz, 100 %, 65
2026/10/02 21:23:06.658, 323.52 W, 2520 MHz, 9000 MHz, 100 %, 65
2026/10/02 21:23:06.759, 324.18 W, 2520 MHz, 9000 MHz, 100 %, 65
2026/10/02 21:23:06.859, 324.55 W, 2520 MHz, 9000 MHz, 100 %, 64
2026/10/02 21:23:06.960, 323.94 W, 2520 MHz, 9000 MHz, 100 %, 65
2026/10/02 21:23:07.061, 325.21 W, 2520 MHz, 9000 MHz, 100 %, 65
2026/10/02 21:23:07.161, 324.64 W, 2520 MHz, 9000 MHz, 100 %, 65
2026/10/02 21:23:07.262, 325.89 W, 2520 MHz, 9000 MHz, 100 %, 65
2026/10/02 21:23:07.363, 325.67 W, 2520 MHz, 9000 MHz, 100 %, 65
2026/10/02 21:23:07.463, 325.02 W, 2520 MHz, 9000 MHz, 100 %, 65
2026/10/02 21:23:07.564, 325.45 W, 2520 MHz, 9000 MHz, 100 %, 65
2026/10/02 21:23:07.665, 324.99 W, 2520 MHz, 9000 MHz, 100 %, 65
2026/10/02 21:23:07.765, 325.52 W, 2520 MHz, 9000 MHz, 100 %, 65
2026/10/02 21:23:07.866, 325.00 W, 2520 MHz, 9000 MHz, 100 %, 65
2026/10/02 21:23:07.967, 324.47 W, 2520 MHz, 9000 MHz, 100 %, 64
2026/10/02 21:23:08.067, 325.04 W, 2520 MHz, 9000 MHz, 100 %, 65
2026/10/02 21:23:08.168, 323.84 W, 2520 MHz, 9000 MHz, 100 %, 65
2026/10/02 21:23:08.269, 325.70 W, 2520 MHz, 9000 MHz, 100 %, 65
2026/10/02 21:23:08.369, 324.79 W, 2520 MHz, 9000 MHz, 100 %, 65
2026/10/02 21:23:08.470, 325.84 W, 2520 MHz, 9000 MHz, 100 %, 65
2026/10/02 21:23:08.571, 325.70 W, 2520 MHz, 9000 MHz, 100 %, 65
2026/10/02 21:23:08.671, 325.20 W, 2520 MHz, 9000 MHz, 100 %, 65
2026/10/02 21:23:08.772, 325.48 W, 2520 MHz, 9000 MHz, 100 %, 65
2026/10/02 21:23:08.873, 325.27 W, 2520 MHz, 9000 MHz, 100 %, 65
2026/10/02 21:23:08.973, 325.71 W, 2520 MHz, 9000 MHz, 100 %, 65
2026/10/02 21:23:09.074, 325.45 W, 2520 MHz, 9000 MHz, 100 %, 65
2026/10/02 21:23:09.175, 324.76 W, 2520 MHz, 9000 MHz, 100 %, 65
2026/10/02 21:23:09.275, 325.72 W, 2520 MHz, 9000 MHz, 100 %, 65
2026/10/02 21:23:09.376, 324.38 W, 2520 MHz, 9000 MHz, 100 %, 65
2026/10/02 21:23:09.477, 325.67 W, 2520 MHz, 9000 MHz, 100 %, 65
2026/10/02 21:23:09.577, 324.55 W, 2520 MHz, 9000 MHz, 100 %, 65
2026/10/02 21:23:09.678, 325.66 W, 2520 MHz, 9000 MHz, 100 %, 65
2026/10/02 21:23:09.779, 325.68 W, 2520 MHz, 9000 MHz, 100 %, 65
2026/10/02 21:23:09.880, 325.16 W, 2520 MHz, 9000 MHz, 100 %, 65
2026/10/02 21:23:09.980, 326.10 W, 2520 MHz, 9000 MHz, 100 %, 65
2026/10/02 21:23:10.081, 325.34 W, 2520 MHz, 9000 MHz, 100 %, 65
2026/10/02 21:23:10.181, 326.28 W, 2520 MHz, 9000 MHz, 100 %, 65
2026/10/02 21:23:10.282, 325.77 W, 2520 MHz, 9000 MHz, 100 %, 65
2026/10/02 21:23:10.383, 325.05 W, 2520 MHz, 9000 MHz, 100 %, 65
2026/10/02 21:23:10.483, 325.91 W, 2520 MHz, 9000 MHz, 100 %, 65
2026/10/02 21:23:10.584, 325.38 W, 2520 MHz, 9000 MHz, 100 %, 65
2026/10/02 21:23:10.685, 326.06 W, 2520 MHz, 9000 MHz, 100 %, 65
2026/10/02 21:23:10.786, 324.75 W, 2520 MHz, 9000 MHz, 100 %, 65
2026/10/02 21:23:10.886, 324.80 W, 2520 MHz, 9000 MHz, 100 %, 65
2026/10/02 21:23:10.987, 325.28 W, 2520 MHz, 9000 MHz, 100 %, 65
2026/10/02 21:23:11.087, 324.39 W, 2520 MHz, 9000 MHz, 100 %, 65
2026/10/02 21:23:11.188, 325.97 W, 2520 MHz, 9000 MHz, 100 %, 65
2026/10/02 21:23:11.289, 325.05 W, 2520 MHz, 9000 MHz, 100 %, 65
2026/10/02 21:23:11.389, 326.34 W, 2520 MHz, 9000 MHz, 100 %, 65
2026/10/02 21:23:11.490, 325.73 W, 2520 MHz, 9000 MHz, 100 %, 65
2026/10/02 21:23:11.591, 325.22 W, 2520 MHz, 9000 MHz, 100 %, 65
2026/10/02 21:23:11.691, 325.55 W, 2520 MHz, 9000 MHz, 100 %, 65
2026/10/02 21:23:11.792, 325.84 W, 2520 MHz, 9000 MHz, 100 %, 65
2026/10/02 21:23:11.893, 326.34 W, 2520 MHz, 9000 MHz, 100 %, 65
2026/10/02 21:23:11.994, 325.57 W, 2520 MHz, 9000 MHz, 100 %, 65
2026/10/02 21:23:12.094, 324.76 W, 2520 MHz, 9000 MHz, 100 %, 65
2026/10/02 21:23:12.195, 325.66 W, 2520 MHz, 9000 MHz, 100 %, 65
2026/10/02 21:23:12.297, 324.61 W, 2520 MHz, 9000 MHz, 100 %, 65
2026/10/02 21:23:12.397, 326.28 W, 2520 MHz, 9000 MHz, 100 %, 65
2026/10/02 21:23:12.498, 325.27 W, 2520 MHz, 9000 MHz, 100 %, 65
2026/10/02 21:23:12.599, 326.55 W, 2520 MHz, 9000 MHz, 100 %, 65
2026/10/02 21:23:12.700, 326.44 W, 2520 MHz, 9000 MHz, 100 %, 65
2026/10/02 21:23:12.800, 325.82 W, 2520 MHz, 9000 MHz, 100 %, 65
2026/10/02 21:23:12.901, 326.09 W, 2520 MHz, 9000 MHz, 100 %, 65
2026/10/02 21:23:13.002, 325.54 W, 2520 MHz, 9000 MHz, 100 %, 65
2026/10/02 21:23:13.103, 326.76 W, 2520 MHz, 9000 MHz, 100 %, 65
2026/10/02 21:23:13.203, 326.39 W, 2520 MHz, 9000 MHz, 100 %, 65
2026/10/02 21:23:13.304, 325.49 W, 2520 MHz, 9000 MHz, 100 %, 65
2026/10/02 21:23:13.405, 326.35 W, 2520 MHz, 9000 MHz, 100 %, 65
2026/10/02 21:23:13.505, 325.83 W, 2520 MHz, 9000 MHz, 100 %, 65
2026/10/02 21:23:13.606, 326.51 W, 2520 MHz, 9000 MHz, 100 %, 65
2026/10/02 21:23:13.707, 325.25 W, 2520 MHz, 9000 MHz, 100 %, 65
2026/10/02 21:23:13.808, 324.88 W, 2520 MHz, 9000 MHz, 100 %, 65
2026/10/02 21:23:13.908, 325.36 W, 2520 MHz, 9000 MHz, 100 %, 65
2026/10/02 21:23:14.009, 324.53 W, 2520 MHz, 9000 MHz, 100 %, 66
2026/10/02 21:23:14.110, 326.01 W, 2520 MHz, 9000 MHz, 100 %, 65
2026/10/02 21:23:14.210, 324.79 W, 2520 MHz, 9000 MHz, 100 %, 66
2026/10/02 21:23:14.311, 326.34 W, 2520 MHz, 9000 MHz, 100 %, 65
2026/10/02 21:23:14.412, 326.32 W, 2520 MHz, 9000 MHz, 100 %, 65
2026/10/02 21:23:14.512, 325.67 W, 2520 MHz, 9000 MHz, 100 %, 65
2026/10/02 21:23:14.613, 325.82 W, 2520 MHz, 9000 MHz, 100 %, 65
2026/10/02 21:23:14.714, 325.47 W, 2520 MHz, 9000 MHz, 100 %, 65
2026/10/02 21:23:14.815, 326.15 W, 2520 MHz, 9000 MHz, 100 %, 66
2026/10/02 21:23:14.915, 325.82 W, 2520 MHz, 9000 MHz, 100 %, 65
2026/10/02 21:23:15.016, 325.27 W, 2520 MHz, 9000 MHz, 100 %, 64
2026/10/02 21:23:15.116, 326.14 W, 2520 MHz, 9000 MHz, 100 %, 60
2026/10/02 21:23:15.217, 306.20 W, 2520 MHz, 9000 MHz, 75 %, 59
2026/10/02 21:23:15.317, 285.66 W, 2520 MHz, 9000 MHz, 75 %, 58
2026/10/02 21:23:15.417, 263.73 W, 2520 MHz, 9000 MHz, 10 %, 58
2026/10/02 21:23:15.517, 242.73 W, 2520 MHz, 9000 MHz, 10 %, 57
2026/10/02 21:23:15.618, 221.45 W, 2520 MHz, 9000 MHz, 0 %, 57
2026/10/02 21:23:15.718, 199.49 W, 2520 MHz, 9000 MHz, 0 %, 57
2026/10/02 21:23:15.818, 178.30 W, 2520 MHz, 9000 MHz, 0 %, 57
2026/10/02 21:23:15.918, 157.09 W, 2520 MHz, 9000 MHz, 0 %, 57
2026/10/02 21:23:16.019, 136.52 W, 2520 MHz, 9000 MHz, 0 %, 56
2026/10/02 21:23:16.119, 115.40 W, 2520 MHz, 9000 MHz, 0 %, 56
2026/10/02 21:23:16.219, 93.33 W, 2520 MHz, 9000 MHz, 0 %, 56
2026/10/02 21:23:16.319, 93.33 W, 2520 MHz, 9000 MHz, 0 %, 56
2026/10/02 21:23:16.420, 93.33 W, 2520 MHz, 9000 MHz, 0 %, 56
2026/10/02 21:23:16.520, 93.33 W, 2520 MHz, 9000 MHz, 0 %, 56
2026/10/02 21:23:16.620, 93.33 W, 2520 MHz, 9000 MHz, 0 %, 56
2026/10/02 21:23:16.720, 93.33 W, 2520 MHz, 9000 MHz, 0 %, 56
2026/10/02 21:23:16.821, 93.33 W, 2520 MHz, 9000 MHz, 0 %, 56
2026/10/02 21:23:16.921, 93.33 W, 2520 MHz, 9000 MHz, 0 %, 55
2026/10/02 21:23:17.021, 93.33 W, 570 MHz, 9000 MHz, 0 %, 55
